hex_id,population,pop_20_29,income_index_pln,n_obwody
21,50.0,12.0,3084.9,1
29,305.0,18.0,3096.6,1
30,511.0,57.0,3086.6,1
33,466.0,70.0,3096.6,1
34,353.0,43.0,3086.6,1
35,513.0,50.0,3086.5,1
36,502.0,54.0,3086.5,1
44,307.0,28.0,3045.1,1
52,244.0,32.0,3096.6,1
53,224.0,22.0,3096.6,1
56,812.0,81.0,3086.5594827586206,2
77,292.0,27.0,3086.6,1
78,429.0,34.0,3086.539160839161,2
79,1222.0,102.0,3089.1200490998367,4
80,1067.0,111.0,3086.525960637301,3
81,809.0,96.0,3086.6,2
88,246.0,35.0,3084.9,1
104,756.0,78.0,3091.581481481481,3
105,1351.0,132.0,3097.2244263508514,5
106,1652.0,248.0,3109.125363196126,4
107,408.0,43.0,3086.6,1
112,404.0,47.0,3084.9,1
118,152.0,25.0,3045.1,1
120,430.0,58.0,3045.1,1
122,392.0,35.0,3045.1,1
130,468.0,64.0,3113.7,1
131,1112.0,108.0,3113.6999999999994,3
132,2622.0,258.0,3118.650114416476,8
133,538.0,44.0,3113.7000000000003,2
141,106.0,11.0,3084.9,1
151,381.0,39.0,3045.0999999999995,1
156,380.0,43.0,3113.7,1
157,559.0,46.0,3121.5,2
158,238.0,59.0,3121.5,1
161,394.0,30.0,3113.6999999999994,1
165,523.0,46.0,3084.9,1
172,237.0,22.0,3045.1,1
192,415.0,38.0,3084.9,1
194,277.0,36.0,3084.9,1
197,451.0,43.0,3045.1,1
198,116.0,14.0,3045.1,1
199,916.0,90.0,3045.1,5
201,637.0,77.0,3089.6000000000004,2
202,590.0,69.0,3089.6,1
219,220.0,17.0,3084.9,1
224,1076.0,107.0,3100.2,2
240,848.0,104.0,3084.9,3
241,190.0,26.0,3084.9,1
245,799.0,81.0,3100.2,2
246,1203.0,101.0,3100.2,3
249,411.0,40.0,3089.5999999999995,1
250,421.0,48.0,3089.5999999999995,1
257,13.0,1.0,3098.5,1
263,403.0,53.0,3084.9,1
266,805.0,81.0,3100.2,3
267,386.0,16.0,3100.2,1
268,554.0,63.0,3089.6,1
281,303.0,22.0,3091.9,1
282,706.0,70.0,3091.9000000000005,3
283,816.0,135.0,3091.9000000000005,3
287,269.0,12.0,3100.2,1
290,620.0,55.0,3089.6,1
293,19.0,3.0,3098.5,1
303,489.0,88.0,3091.9,2
304,306.0,16.0,3091.9,1
308,818.0,80.0,3138.6242053789733,3
317,76.0,7.0,3098.5,1
328,305.0,24.0,3128.1,1
329,862.0,119.0,3149.2,3
330,1727.0,218.0,3149.2,5
331,975.0,312.0,3108.6,2
340,140.0,21.0,3098.5,1
345,192.0,16.0,3098.5,1
350,231.0,35.0,3094.0,1
354,545.0,89.0,3149.2,1
358,712.0,202.0,3144.0,2
360,592.0,178.0,3156.4,1
366,327.0,27.0,3098.5,2
373,309.0,33.0,3050.8,1
379,1075.0,143.0,3128.1,2
380,363.0,50.0,3128.1,1
381,685.0,74.0,3128.1,1
382,243.0,100.0,3144.0,1
383,582.0,78.0,3144.0,2
389,161.0,29.0,3063.1,1
390,1841.0,240.0,3081.2430744160783,10
391,548.0,62.0,3087.2591240875913,5
392,492.0,57.0,3098.5,5
398,162.0,9.0,3051.3,1
401,660.0,57.0,3094.0,2
402,220.0,26.0,3094.0,1
404,1341.0,131.0,3131.8718120805365,3
405,384.0,44.0,3128.1,1
406,191.0,23.0,3106.7,1
407,279.0,41.0,3144.0,1
408,1711.0,335.0,3128.4911747516076,5
409,581.0,124.0,3144.0,2
410,1268.0,175.0,3125.1612776025236,4
414,375.0,52.0,3063.1,3
415,902.0,133.0,3081.6813747228384,4
416,181.0,51.0,3098.5,1
417,1543.0,155.0,3073.952041477641,13
418,953.0,125.0,3077.605771248688,8
419,80.0,0.0,3072.1,1
423,1398.0,129.0,3051.3,7
424,2031.0,186.0,3050.9078286558347,10
425,132.0,23.0,3050.8,1
426,321.0,41.0,3094.0,1
429,451.0,69.0,3075.3,1
430,3057.0,308.0,3124.3915276414787,11
431,1610.0,215.0,3111.1139751552796,8
432,886.0,149.0,3106.7000000000003,4
433,900.0,148.0,3136.659333333333,3
434,1869.0,390.0,3153.918673087213,6
435,1266.0,331.0,3137.9297788309636,5
436,1484.0,285.0,3124.6287735849055,5
437,602.0,57.0,3129.4,2
438,1491.0,242.0,3060.2373574782023,11
439,1682.0,238.0,3058.0,12
440,660.0,143.0,3083.141666666667,5
441,1622.0,201.0,3074.186806411837,13
442,1528.0,152.0,3081.626963350786,10
443,724.0,100.0,3083.1,5
444,750.0,178.0,3100.3373333333334,9
445,276.0,22.0,3075.0,2
446,679.0,89.0,3075.0,3
447,172.0,18.0,3075.0,2
448,694.0,90.0,3051.3,4
449,534.0,61.0,3050.9498127340826,3
450,134.0,17.0,3094.0,1
451,605.0,76.0,3094.0,2
452,308.0,15.0,3094.0,1
453,1097.0,190.0,3077.115314494075,4
454,2368.0,318.0,3115.3141891891887,8
455,261.0,26.0,3127.7,1
456,1943.0,260.0,3107.8793103448274,8
457,996.0,144.0,3108.5999999999995,3
458,1450.0,300.0,3154.3304827586207,4
459,1624.0,393.0,3156.4000000000005,6
460,319.0,28.0,3119.9,1
461,1246.0,104.0,3109.4,3
462,1409.0,176.0,3119.449680624556,6
465,631.0,75.0,3055.5652931854197,7
466,3806.0,531.0,3055.7594587493427,14
467,986.0,94.0,3063.3415821501017,5
468,755.0,84.0,3098.158013245033,7
469,658.0,94.0,3092.4677811550155,2
470,443.0,74.0,3069.0999999999995,3
471,252.0,33.0,3106.0,1
472,320.0,32.0,3075.0,2
473,1523.0,208.0,3075.0,10
474,398.0,41.0,3075.0,2
475,245.0,34.0,3060.6,1
476,165.0,29.0,3060.6,1
477,40.0,10.0,3116.6,1
479,482.0,39.0,3064.1535269709543,3
480,1672.0,155.0,3072.5822368421054,9
481,2030.0,264.0,3087.715763546798,8
482,863.0,113.0,3127.6999999999994,2
483,438.0,43.0,3143.0,1
485,217.0,60.0,3091.9,1
486,756.0,93.0,3064.7,2
487,448.0,48.0,3064.7,1
488,2034.0,187.0,3118.6266470009837,6
489,1159.0,152.0,3126.1459016393446,3
491,381.0,26.0,3127.3,1
494,3384.0,464.0,3062.847547281324,12
495,3773.0,508.0,3060.3082162735227,9
496,2291.0,268.0,3089.030903535575,14
497,1916.0,275.0,3100.0540187891434,11
498,3671.0,562.0,3101.209833832743,18
499,1866.0,321.0,3079.380225080386,12
500,119.0,14.0,3101.1,1
501,173.0,24.0,3099.6000000000004,2
502,2373.0,293.0,3083.3211546565526,17
503,1271.0,133.0,3069.469472856019,7
504,1689.0,258.0,3081.2326228537595,12
507,646.0,95.0,3116.6000000000004,2
508,3587.0,523.0,3109.1384443824923,18
509,3740.0,443.0,3059.9846791443847,21
510,1533.0,254.0,3117.6215264187867,5
511,226.0,12.0,3143.0,1
513,864.0,239.0,3120.4,3
514,1051.0,131.0,3097.464414843007,4
515,2555.0,335.0,3099.84469667319,8
516,806.0,132.0,3117.4,2
517,2367.0,279.0,3101.6399239543725,7
518,766.0,91.0,3113.0135770234992,2
520,620.0,70.0,3127.3,2
523,724.0,101.0,3062.4,6
524,1145.0,174.0,3062.73711790393,8
525,2514.0,408.0,3069.63830548926,13
526,2055.0,302.0,3075.938199513382,12
527,2138.0,340.0,3076.5458840037413,13
528,2138.0,528.0,3101.1000000000004,13
529,437.0,94.0,3067.1846681922198,2
530,2028.0,291.0,3066.5047337278106,6
531,959.0,146.0,3099.6,6
532,2181.0,338.0,3099.9302613480063,12
533,2005.0,315.0,3091.5737157107237,13
534,487.0,50.0,3073.413141683778,3
535,191.0,37.0,3080.1,1
537,345.0,32.0,3116.6,2
538,2238.0,505.0,3095.9151027703306,11
539,312.0,23.0,3047.0,1
540,4166.0,888.0,3127.179164666347,14
541,1093.0,120.0,3124.6181152790487,3
542,566.0,114.0,3120.3999999999996,2
543,847.0,137.0,3110.971782762692,2
544,1629.0,198.0,3087.384837323511,5
545,2640.0,370.0,3100.88018939394,7
546,641.0,95.0,3114.4046801872078,2
547,204.0,26.0,3117.4,1
548,226.0,89.0,3129.4,1
549,1309.0,167.0,3127.3,4
550,1077.0,106.0,3127.2999999999997,3
552,161.0,20.0,3062.4,2
553,0.0,0.0,,1
554,2051.0,327.0,3070.032130667967,14
555,4659.0,618.0,3045.4007083065035,12
556,4722.0,701.0,3081.8330368487927,7
557,2663.0,382.0,3046.5372512204276,7
558,2536.0,400.0,3031.545307570978,5
559,3243.0,322.0,3051.419426456984,8
560,2171.0,307.0,3064.605251036389,6
561,734.0,106.0,3078.0470027247957,3
562,1165.0,279.0,3095.054849785408,6
563,1642.0,198.0,3083.7705237515224,12
565,271.0,29.0,3073.0,1
566,873.0,87.0,3080.5099656357393,3
567,2741.0,310.0,3068.1527544691717,19
569,940.0,301.0,3081.9310638297875,4
570,86.0,9.0,3094.0,1
571,552.0,79.0,3120.4,2
572,304.0,39.0,3091.9,1
573,496.0,72.0,3084.9,2
574,2567.0,380.0,3088.596688741722,10
575,1220.0,136.0,3095.283606557377,4
577,631.0,189.0,3129.3999999999996,2
578,641.0,117.0,3134.7648985959445,2
579,1688.0,280.0,3123.6187203791465,6
580,101.0,16.0,3064.4,1
581,352.0,33.0,3064.4,2
582,198.0,33.0,3046.0999999999995,1
583,2633.0,367.0,3069.343942271173,12
584,2742.0,407.0,3051.2387308533916,9
585,1915.0,261.0,3047.0222976501304,6
586,806.0,129.0,3081.547394540943,3
587,1931.0,215.0,3065.410719834283,6
588,2905.0,350.0,3076.716557659209,11
589,376.0,60.0,3084.969680851064,3
590,3132.0,556.0,3086.9224776500637,23
591,836.0,116.0,3089.5,5
592,371.0,55.0,3081.277628032345,3
593,384.0,51.0,3073.0,1
594,884.0,117.0,3078.1452488687783,5
595,1254.0,117.0,3045.0999999999995,5
596,1621.0,220.0,3040.579827267119,12
597,656.0,57.0,3047.731707317073,6
598,228.0,28.0,3094.0,2
599,264.0,21.0,3065.4,1
600,1926.0,253.0,3079.7161993769473,6
601,3173.0,341.0,3110.9401512763943,10
602,1526.0,249.0,3113.1147444298817,4
603,1049.0,172.0,3123.1998093422308,2
604,681.0,118.0,3113.9690161527174,2
605,2909.0,415.0,3115.6149535923,8
606,280.0,79.0,3142.3,1
613,272.0,19.0,3064.3999999999996,4
614,51.0,7.0,3064.4,1
615,659.0,89.0,3068.654779969651,4
616,3586.0,408.0,3064.777216954825,13
617,2028.0,180.0,3069.8579881656806,9
618,3339.0,373.0,3067.0326145552563,9
619,2161.0,222.0,3070.0115224433134,9
620,2186.0,276.0,3079.008783165599,13
621,2670.0,481.0,3075.1923220973786,15
622,2346.0,413.0,3086.8300511508946,18
623,1635.0,232.0,3086.884097859327,9
624,183.0,142.0,3130.3841530054647,6
625,387.0,69.0,3086.4,2
626,165.0,20.0,3044.6,1
627,1859.0,236.0,3044.747928994083,11
628,2263.0,309.0,3054.603446752099,11
629,728.0,90.0,3070.328846153846,6
630,1127.0,97.0,3065.4,6
631,3034.0,257.0,3031.265985497693,13
632,1027.0,144.0,3094.238656280428,5
633,2785.0,323.0,3118.5801436265706,9
634,2071.0,306.0,3079.5664896185413,7
635,450.0,51.0,3094.2,1
636,584.0,68.0,3110.473287671233,2
638,530.0,168.0,3142.3,1
639,912.0,102.0,3124.8554824561406,3
640,355.0,92.0,3142.3,1
648,824.0,104.0,3084.7407766990295,4
649,740.0,103.0,3091.2586486486484,3
650,772.0,75.0,3066.763730569948,3
651,2746.0,278.0,3069.374581209032,8
652,2290.0,267.0,3067.952620087336,15
653,2652.0,372.0,3074.115610859729,16
654,2786.0,435.0,3074.708470926059,18
655,2605.0,426.0,3087.1393857965454,21
656,158.0,15.0,3101.8727848101266,2
657,150.0,42.0,3086.4,1
658,400.0,44.0,3086.4,2
659,928.0,108.0,3057.7726293103447,4
660,2560.0,303.0,3055.1902734375,14
661,2845.0,367.0,3073.002671353251,16
662,621.0,55.0,3065.3999999999996,3
663,2765.0,258.0,3025.2311392405063,13
664,2756.0,326.0,3025.60152394775,10
665,1405.0,134.0,3094.8007829181493,4
666,587.0,92.0,3069.3999999999996,2
667,2108.0,343.0,3091.282352941176,9
668,480.0,52.0,3142.3,1
671,529.0,141.0,3132.1088846880907,2
672,892.0,206.0,3118.969955156951,3
673,77.0,6.0,3142.3,1
675,0.0,0.0,,1
679,186.0,14.0,3047.6,1
680,228.0,14.0,3047.6,1
682,1024.0,297.0,3089.0316406249995,3
683,709.0,140.0,3091.2,3
684,2259.0,303.0,3083.8870296591413,15
685,1597.0,182.0,3089.634189104571,10
686,1469.0,345.0,3094.6616746085774,16
687,967.0,139.0,3070.5365046535676,8
688,415.0,82.0,3085.9045783132533,3
689,12.0,3.0,3051.6,1
690,519.0,81.0,3060.5976878612714,3
691,1478.0,133.0,3048.9701623815963,9
692,1623.0,207.0,3065.6578558225515,13
693,1792.0,291.0,3059.3917968749997,10
694,2931.0,273.0,3040.0550665301944,12
695,1529.0,191.0,3056.9890778286467,7
696,969.0,121.0,3046.6729618163054,4
697,2871.0,359.0,3056.3182863113902,13
698,2150.0,243.0,3077.4230697674416,8
700,185.0,16.0,3028.3,1
701,99.0,1.0,3045.9000000000005,1
702,132.0,15.0,3104.6,1
711,2278.0,293.0,3045.542054433714,13
712,1357.0,207.0,3048.40972733972,12
714,103.0,9.0,3061.5495145631066,2
715,2306.0,333.0,3047.795880312229,13
716,3067.0,436.0,3068.750994457124,21
717,1917.0,334.0,3072.052269170579,12
718,636.0,103.0,3071.0849056603774,5
720,540.0,87.0,3085.6,4
721,184.0,39.0,3085.6,4
722,1025.0,203.0,3091.1239024390243,6
723,821.0,100.0,3065.542630937881,7
724,2222.0,295.0,3066.5495949594956,16
725,537.0,65.0,3046.5603351955315,5
726,2762.0,260.0,3059.3195510499636,16
727,2308.0,295.0,3066.544627383016,11
728,2381.0,255.0,3042.3913901721967,14
729,1946.0,256.0,3047.367574511819,12
730,170.0,13.0,3028.3,1
731,439.0,52.0,3028.3000000000006,2
732,188.0,19.0,3045.9000000000005,1
734,27.0,2.0,3045.9,1
735,38.0,4.0,3142.3,1
736,21.0,4.0,3045.9,2
737,0.0,0.0,,2
739,77.0,5.0,3060.7,1
740,30.0,2.0,3060.7,1
741,1375.0,171.0,3030.3,8
742,2535.0,278.0,3046.1996055226823,17
743,241.0,23.0,3061.0,1
745,276.0,40.0,3040.3,2
746,148.0,14.0,3040.3,1
748,720.0,129.0,3049.9,6
749,663.0,96.0,3049.9,4
750,204.0,33.0,3085.5999999999995,2
751,1008.0,180.0,3085.6,7
752,134.0,8.0,3093.1999999999994,2
753,1102.0,125.0,3089.6326678765877,7
754,1365.0,210.0,3067.717362637363,10
755,495.0,106.0,3058.7,3
756,431.0,47.0,3058.7,3
757,363.0,29.0,3046.0752066115697,2
758,282.0,48.0,3039.2971631205673,4
759,1630.0,230.0,3033.199631901841,13
760,1542.0,225.0,3029.2654993514916,14
761,952.0,91.0,3025.294222689076,9
762,129.0,19.0,3028.3,1
764,226.0,23.0,3045.9,1
765,89.0,12.0,3045.9000000000005,1
766,19.0,0.0,3045.9,1
767,253.0,26.0,3055.786166007905,2
768,29.0,2.0,3060.7,1
769,144.0,15.0,3060.7,1
770,151.0,23.0,3060.7,1
771,148.0,11.0,3060.7,1
772,595.0,55.0,3055.4791596638656,5
773,2827.0,295.0,3040.217191368942,16
775,262.0,96.0,3115.8,2
777,50.0,1.0,3115.8,1
778,6.0,0.0,3115.8000000000006,1
782,101.0,16.0,3085.6,1
783,335.0,36.0,3077.402985074627,2
784,130.0,19.0,3072.7846153846153,3
785,640.0,81.0,3055.50109375,6
786,1225.0,178.0,3039.4,10
787,277.0,50.0,3039.4,2
788,143.0,20.0,3031.9,1
789,89.0,10.0,3015.1820224719104,2
790,1271.0,144.0,3005.102911093627,5
791,461.0,62.0,3033.5169197396967,3
792,206.0,27.0,3028.3,1
793,295.0,33.0,3028.3,1
800,106.0,11.0,3060.6999999999994,1
804,263.0,22.0,3061.0,1
805,647.0,188.0,3115.8,3
806,808.0,89.0,3115.7999999999997,4
807,48.0,8.0,3115.8000000000006,1
811,150.0,26.0,,1
812,339.0,59.0,3098.6,3
813,887.0,123.0,3093.1492671927845,8
814,779.0,124.0,3064.170603337612,8
815,1242.0,176.0,3056.910869565217,15
816,1207.0,185.0,3092.459403479702,12
817,805.0,101.0,3101.5,8
818,156.0,11.0,3101.5,1
819,197.0,21.0,3046.7999999999997,2
825,212.0,23.0,3045.9,1
830,447.0,34.0,3030.1,2
831,378.0,114.0,3115.8,1
833,436.0,53.0,3115.7999999999997,3
837,0.0,0.0,,1
840,1424.0,301.0,3088.34136235955,10
841,1700.0,194.0,3064.1202352941177,14
842,2019.0,257.0,3060.97176820208,23
843,683.0,157.0,3096.734260614934,9
844,2005.0,291.0,3073.3128678304233,12
845,261.0,28.0,3019.1,1
846,131.0,13.0,2979.8,2
847,92.0,5.0,3046.8,1
849,150.0,18.0,3046.8,1
853,97.0,6.0,3045.9,1
858,182.0,18.0,3024.9,2
859,3424.0,317.0,3027.4407710280375,11
860,166.0,12.0,3030.1,1
863,0.0,0.0,,1
869,502.0,61.0,3074.4737051792836,5
870,778.0,142.0,3087.6999999999994,6
871,1258.0,193.0,3082.216613672496,13
872,2969.0,411.0,3066.1195688784096,21
873,192.0,23.0,3019.1,1
875,230.0,21.0,3019.1,1
886,1187.0,155.0,3029.8359730412803,10
887,2109.0,271.0,3042.969132290185,16
888,115.0,5.0,3051.9,1
894,0.0,0.0,,1
896,0.0,0.0,,1
897,326.0,26.0,3073.9699386503066,2
898,2278.0,352.0,3085.735118525022,18
899,508.0,70.0,3064.7999999999997,5
901,357.0,40.0,3019.1,2
905,28.0,3.0,2979.8,1
912,0.0,0.0,,1
913,1249.0,151.0,3051.9000000000005,13
914,529.0,44.0,3051.9,4
917,0.0,0.0,,1
920,8.0,0.0,3031.3,1
922,150.0,11.0,3031.3,2
924,1248.0,165.0,3050.4,8
925,234.0,33.0,3068.5623931623927,3
926,337.0,38.0,3040.794955489614,3
927,171.0,20.0,3019.1,1
928,131.0,14.0,3019.1,1
930,418.0,41.0,3019.1,2
933,33.0,1.0,3028.3,1
935,21.0,1.0,3045.9,1
939,103.0,15.0,3051.9,1
940,0.0,0.0,,1
946,53.0,7.0,3116.1999999999994,1
947,124.0,14.0,3031.3,1
948,775.0,84.0,3006.118064516129,7
949,431.0,46.0,3031.3,4
951,227.0,21.0,3048.6999999999994,2
952,207.0,29.0,3048.6999999999994,1
970,0.0,0.0,,1
972,318.0,42.0,3012.5276729559746,3
973,2035.0,219.0,3016.646781326781,13
974,105.0,8.0,3036.5,1
975,39.0,6.0,3036.5,1
980,131.0,17.0,3019.1,1
991,0.0,0.0,,1
995,0.0,0.0,,1
996,7.0,0.0,3031.3,1
998,35.0,5.0,3036.5,1
999,141.0,20.0,3036.5,1
1003,412.0,50.0,3019.1,1
1014,0.0,0.0,,1
1015,283.0,28.0,3007.9,1
1016,294.0,29.0,3018.5037414965986,3
1018,95.0,10.0,3036.5,1
1032,12.0,4.0,,1
1037,525.0,65.0,3001.6,3
1038,2167.0,275.0,3013.922934933087,16
1039,2205.0,241.0,3019.9857142857145,15
1040,62.0,6.0,3036.5,1
1041,2.0,0.0,3036.5,1
1042,311.0,33.0,3036.5,1
1044,33.0,4.0,3036.5,1
1060,628.0,71.0,3003.887261146497,4
1061,3755.0,453.0,3011.6524367509987,23
1064,150.0,18.0,3036.5,1
1068,11.0,0.0,3036.5,1
1081,577.0,67.0,3020.7251299826694,4
1082,479.0,39.0,3020.8883089770356,3
1098,297.0,34.0,3034.9,2
1099,0.0,0.0,,1
1109,277.0,26.0,3034.9,1
1110,122.0,21.0,3034.9,1
1112,27.0,0.0,3036.5,1
1119,54.0,5.0,3034.9,1
1126,98.0,9.0,3034.9,2
1127,0.0,0.0,,1
1134,0.0,0.0,,1
1136,1.0,0.0,3034.9,1
1137,32.0,2.0,3034.9,1
1138,9.0,0.0,3036.5,1
1146,199.0,29.0,3034.9,1
1147,137.0,16.0,,1
1149,7.0,0.0,3036.5,1
1155,111.0,14.0,3034.9,1
1165,298.0,38.0,3034.9,1
1175,63.0,9.0,3034.9,1
1177,3.0,0.0,3036.5,1
1187,110.0,4.0,3080.9,1
1206,304.0,20.0,3080.9,1
1215,203.0,21.0,3080.9000000000005,1
1220,189.0,18.0,3080.9,1
1224,214.0,26.0,3080.9,1
1233,232.0,22.0,3080.9,1
1259,259.0,25.0,3080.9,1
1284,139.0,12.0,3061.6,1
1293,278.0,21.0,3061.6,1
1304,242.0,30.0,3061.6,1
1316,249.0,25.0,3061.6,1
1322,127.0,12.0,3061.6,1
1329,327.0,37.0,3061.6,1
1350,300.0,34.0,3061.6,1
1359,316.0,34.0,3061.6,1
