hex_id,population,income_index_pln,fam_pct_matki_samotne,n_obwody
0,1062.0,3124.8999999999996,15.99190207156309,3
1,358.0,3124.9,13.5,1
4,337.0,3124.9,19.2,1
9,251.0,3124.9,15.6,1
28,503.0,3056.4,18.1,1
31,403.0,3102.4,12.5,1
33,363.0,3055.6,14.5,1
44,121.0,3056.4,14.3,1
46,342.0,3056.4,15.3,1
49,294.0,3056.4,25.9,1
60,144.0,3020.4,25.0,1
61,72.0,3020.4,21.7,1
74,377.0,3056.4,13.2,1
75,3.0,3056.4,,1
77,291.0,3056.4,12.9,1
79,273.0,3102.4,25.6,1
91,319.0,3020.4,14.9,1
94,234.0,2991.5,16.7,1
102,571.0,3056.3999999999996,14.163922942206655,2
103,595.0,3056.4,19.583361344537813,2
105,643.0,3053.9603421461898,19.398444790046657,2
106,528.0,3049.9553030303027,12.561363636363636,2
108,659.0,3102.4,14.150075872534142,2
111,185.0,3055.6,22.2,1
113,186.0,3055.6,17.2,1
128,293.0,3056.4,17.0,1
131,159.0,3025.5,26.100000000000005,1
133,172.0,3056.4,25.0,1
134,1467.0,3050.1,24.857123381049764,5
135,1622.0,3043.275092478422,22.451109741060417,12
136,1334.0,3049.9,19.235382308845576,7
138,411.0,3102.4000000000005,10.8,1
139,484.0,3102.4,10.0,1
148,74.0,3020.4,10.5,1
151,185.0,3020.4,21.4,1
165,44.0,3056.4,42.9,1
166,2270.0,3041.82013215859,27.103480176211452,14
167,4115.0,3040.4155285540705,29.73370595382746,26
168,1323.0,3070.2761904761905,23.790551776266064,6
169,385.0,3102.4,17.5,1
170,320.0,3055.6,16.0,1
174,263.0,3055.6,18.7,1
179,1210.0,3085.8,15.591157024793388,3
180,213.0,3085.8,14.099999999999998,1
186,197.0,2991.5,16.9,1
199,3134.0,3037.598851308232,30.258296107211233,21
200,1382.0,3034.41505065123,24.72814761215629,10
202,681.0,3055.6000000000004,16.398384728340673,2
203,413.0,3055.6,14.384745762711864,2
204,335.0,3055.6,22.4,1
209,286.0,3065.3,17.6,1
210,459.0,3067.1,28.863398692810456,2
211,1692.0,3071.68256501182,22.657505910165483,9
212,807.0,3085.8,13.64349442379182,2
213,381.0,3085.8,19.1,1
215,85.0,3020.4,14.8,1
226,118.0,3025.5,33.3,1
227,77.0,3014.2,5.0,1
231,2961.0,3038.63177980412,23.81094224924012,17
232,1991.0,3037.782420894023,30.491361125062785,14
233,202.0,3102.4,11.1,1
234,609.0,3055.6,25.789819376026273,3
235,589.0,3062.816298811545,22.031578947368423,3
238,132.0,3055.6,13.5,1
239,164.0,3065.3,19.1,1
241,270.0,3052.5,27.5,1
242,3683.0,3055.176187890306,23.733315232147707,19
243,3038.0,3044.426728110599,22.683048057932847,15
244,1157.0,3043.106828003458,26.547191011235956,6
245,0.0,,,1
251,93.0,2991.5,10.7,1
255,62.0,3025.5,26.3,1
260,101.0,3014.1999999999994,32.3,1
261,2260.0,3040.397168141593,25.608185840707964,13
262,5007.0,3038.109846215299,29.428140603155583,34
263,1670.0,3051.0124550898204,19.010059880239524,9
264,805.0,3087.0832298136647,13.352049689440994,3
265,586.0,3072.3999999999996,23.152901023890784,3
266,277.0,3072.4,17.7,1
267,519.0,3065.2999999999997,21.59865125240848,3
272,3518.0,3059.2941728254686,23.464923251847644,19
273,3050.0,3047.957639344262,24.579081967213117,15
274,2531.0,3046.679336230739,24.536941920189648,13
282,117.0,2991.5,18.9,1
288,330.0,3025.5,22.4,1
291,239.0,3014.2,19.1,1
293,2380.0,3040.516806722689,32.460882352941184,18
294,1481.0,3033.1880486158,25.7949358541526,11
295,522.0,3072.3999999999996,15.8683908045977,2
296,438.0,3072.4000000000005,21.772602739726032,2
298,317.0,3065.3,17.7,1
299,276.0,3065.3,22.5,1
300,444.0,3065.3000000000006,19.072972972972973,2
303,4245.0,3048.4980683156655,26.79981154299176,17
304,2659.0,3038.4941707408802,24.628958254983075,13
305,3798.0,3037.703185887309,24.82361769352291,18
306,335.0,3116.0,11.6,1
308,0.0,,,1
310,8.0,2991.5,0.0,1
313,181.0,2991.5,22.2,1
319,287.0,3025.5,13.3,1
325,1355.0,3031.007306273063,33.117785977859775,12
326,403.0,3033.7712158808936,23.198511166253102,2
328,146.0,3072.4,41.0,1
329,451.0,3093.6,21.574944567627497,3
332,447.0,3065.3,22.976062639821027,2
333,185.0,3065.3,25.5,1
334,2243.0,3042.2028979045917,25.88319215336603,9
335,3558.0,3047.8441259134347,24.336312535132095,19
336,2899.0,3046.768195929631,29.287857882028284,16
337,2348.0,3082.5545144804087,20.4660136286201,8
338,381.0,3116.0,17.3,1
349,77.0,3025.5,29.200000000000003,1
350,145.0,3030.2,37.8,1
351,252.0,3073.0,20.3,1
352,340.0,3073.0,12.7,1
355,143.0,3014.2,41.5,1
356,957.0,3023.6482758620687,32.97011494252873,7
357,3157.0,3030.9401013620527,31.30864745011087,26
358,1354.0,3049.5,28.060930576070902,9
359,325.0,3093.6,18.04153846153846,2
360,879.0,3061.9287827076223,24.791581342434586,6
361,707.0,3052.6000000000004,25.6990099009901,4
363,304.0,3093.6,23.5,1
364,142.0,3048.4,37.1,1
365,784.0,3050.7357142857145,20.2125,5
366,3156.0,3059.3347908745245,26.975063371356146,16
367,3860.0,3043.2332901554405,24.096424870466322,17
368,1420.0,3065.1816197183093,20.05330985915493,9
369,200.0,3075.1,26.3,1
370,194.0,3116.0,8.9,1
372,207.0,3037.1999999999994,32.8,1
375,102.0,2991.5,20.7,1
377,179.0,2991.5,17.0,1
379,66.0,3030.2,33.3,1
380,314.0,3030.2,31.74649681528663,2
381,2547.0,3057.9603455045153,24.3691794267766,12
382,673.0,3074.0044576523032,21.3554234769688,3
383,182.0,3077.0,19.7,1
384,369.0,3077.0,20.87208672086721,3
385,5.0,3014.2,50.0,1
387,1559.0,3032.316741500962,29.634830019243108,10
388,1819.0,3049.770148433205,26.127658402203856,11
389,627.0,3049.5,23.701116427432215,3
390,160.0,3044.9,22.35,2
391,747.0,3054.371084337349,29.466265060240964,6
395,1792.0,3048.5787946428572,30.242578124999998,10
396,1869.0,3050.299036918139,24.989620117710007,10
397,1997.0,3053.598547821733,25.302754131196796,12
398,610.0,3049.634098360656,29.48934426229508,4
401,304.0,3041.7,26.1,1
403,287.0,3037.2,18.5,1
404,311.0,3054.0,19.4,1
408,233.0,3058.7,15.9,1
413,2146.0,3031.5793569431503,22.391053122087605,10
414,2382.0,3051.8253148614613,23.10083963056255,11
415,159.0,3041.9,14.300000000000002,1
416,608.0,3075.960361842105,17.696710526315787,3
419,213.0,3046.7,22.587323943661975,2
420,1738.0,3050.9,25.612543153049483,9
421,3372.0,3049.9962040332143,28.884252669039146,27
422,1517.0,3043.858866183257,31.565721819380354,9
423,3032.0,3048.9520778364113,28.691919525065966,20
424,1498.0,3054.3914552736987,28.54072096128171,13
425,107.0,3083.6,38.5,1
428,703.0,3049.3000000000006,23.134281650071127,5
429,2963.0,3059.0867026662168,29.03543705703679,19
430,1478.0,3060.3999999999996,25.21982408660352,7
431,106.0,3116.0,27.3,1
433,296.0,3041.7,25.3,1
434,340.0,3045.6,13.7,1
435,430.0,3041.966511627907,17.765116279069765,2
436,315.0,3037.2,29.12857142857143,2
437,994.0,3054.0,22.4046277665996,6
438,342.0,3046.0,19.110526315789475,2
439,788.0,3058.7000000000003,21.841878172588835,3
440,379.0,3058.6999999999994,18.91741424802111,2
445,989.0,3044.6,18.418503538928213,4
446,1982.0,3047.1123612512615,20.53632694248234,8
447,1952.0,3042.364959016393,25.45993852459016,10
448,797.0,3050.7193224592224,22.27741530740276,4
449,542.0,3074.9,16.64963099630996,2
450,1650.0,3074.9,23.47472727272727,7
451,683.0,3051.5,27.535871156661788,5
452,1745.0,3056.110888252149,26.31919770773639,13
453,1340.0,3055.9018656716416,29.96335820895522,9
454,3249.0,3047.825638658049,32.69455216989843,25
455,2537.0,3059.283760346866,26.872447772960186,19
456,2405.0,3037.838461538461,31.267151767151766,15
457,1745.0,3028.981260744986,32.53289398280802,13
458,842.0,3066.2,24.35344418052257,6
459,311.0,3083.5999999999995,45.049839228295816,2
460,770.0,3097.2,28.326753246753245,5
462,1196.0,3050.58076923077,22.711872909698997,6
465,336.0,3116.0,10.9,1
466,885.0,3116.0,8.317062146892656,3
467,572.0,3041.7,14.306993006993007,2
468,774.0,3045.6,18.82622739018088,4
469,929.0,3037.2,14.880086114101182,3
470,281.0,3037.2,28.25800711743772,3
471,726.0,3037.3292011019284,32.56845730027548,5
472,318.0,3035.0,27.513207547169813,2
473,70.0,3034.4,25.0,1
474,215.0,3058.7,20.3,1
475,304.0,3058.7,24.7,1
476,339.0,3058.7,12.0,1
480,535.0,3044.6,22.014205607476637,2
481,2346.0,3048.5578431372546,20.34833759590793,12
482,2349.0,3036.0758194976584,19.658322690506598,11
483,355.0,3055.5830985915495,23.677464788732394,3
485,1345.0,3074.9,16.683494423791824,6
486,2112.0,3051.9336647727273,28.398714897667777,14
487,3537.0,3059.2748657054,26.470568278201863,22
488,1577.0,3051.378503487635,31.889917564996836,13
489,3213.0,3040.804699657641,30.668783068783064,26
490,180.0,3045.3,39.2,1
491,144.0,3049.1,18.4,2
492,1823.0,3064.1645090510146,35.71404278661547,12
493,1841.0,3071.954481260185,31.791580662683327,14
494,1505.0,3087.031627906977,21.469634551495016,10
495,2153.0,3097.2,21.798188574082676,11
496,63.0,3110.1,33.3,1
497,253.0,3110.1,27.4,1
498,52.0,3035.5,31.199999999999996,1
499,92.0,3116.0,24.1,1
500,293.0,3116.0,7.900000000000001,1
501,262.0,3041.7,12.2,1
502,543.0,3043.1580110497234,21.649539594843464,2
503,181.0,3037.2,20.91878453038674,2
504,184.0,3037.2,24.5,1
505,273.0,3035.0,38.08571428571428,2
506,429.0,3034.3459207459205,31.63263403263403,3
507,458.0,3034.4,16.25589519650655,2
508,112.0,3034.4,28.6,1
516,1329.0,3018.2395033860043,23.300601956358165,7
517,3983.0,3037.514586994728,22.924654782827012,19
518,629.0,3054.011764705883,26.004769475357712,3
519,353.0,3062.2,33.59688385269122,2
520,63.0,3062.2,23.5,1
521,336.0,3054.2,24.875,2
522,3470.0,3048.42204610951,26.49720461095101,10
523,1840.0,3048.532010869565,28.061467391304344,9
524,3406.0,3034.5202583675864,34.39738696418086,29
525,1719.0,3048.419488074462,32.412507271669575,14
526,356.0,3065.5893258426963,39.886197183098595,4
527,4732.0,3050.034361792054,33.03873626373626,31
528,5054.0,3044.024079936684,33.352334784329244,34
529,3058.0,3057.5951275343355,36.88691955526488,26
530,1127.0,3078.5,37.8433007985803,7
531,366.0,3097.2,9.282786885245901,2
532,761.0,3110.0999999999995,32.700131406044676,5
533,398.0,3110.1,17.384924623115577,2
534,607.0,3028.0370675453046,36.1841845140033,6
535,1885.0,3029.920954907162,28.81183023872679,13
536,1204.0,3043.1175249169437,32.99426910299003,8
537,1250.0,3044.0,28.64752,7
538,693.0,3045.6,9.53809523809524,3
539,1070.0,3081.6,23.260747663551406,5
540,98.0,3081.6,20.0,1
541,653.0,3032.7000000000003,26.12633996937213,3
542,831.0,3033.557160048135,15.731889290012033,2
543,205.0,3034.4,23.0,1
544,179.0,3034.4,42.03296089385475,2
545,296.0,3046.7141891891893,20.03918918918919,2
550,366.0,3049.0999999999995,19.6,1
552,293.0,3015.1000000000004,27.922866894197952,2
553,353.0,3044.8,17.4,2
554,622.0,3062.2,21.55385852090032,2
556,449.0,3054.1999999999994,21.139198218262806,2
557,1787.0,3046.1453833240066,27.26569669837717,8
558,3061.0,3051.179157138191,23.019307415877165,16
559,860.0,3037.9733720930235,37.00058139534884,9
560,3541.0,3016.152979384355,40.649138661395085,33
561,1834.0,3061.4544711014178,30.956986899563322,16
562,2859.0,3049.3706190975863,34.765197621546,23
563,3539.0,3044.5923424696243,32.28886691155694,24
564,1926.0,3043.2652128764275,31.992056074766353,20
565,2319.0,3059.070978870203,35.299784389823195,15
566,1169.0,3072.705132591959,28.696578272027377,7
567,216.0,3080.3,27.580555555555552,2
568,442.0,3105.2457013574663,27.940454545454543,5
569,357.0,3110.1,32.801339285714285,3
570,731.0,3015.139398084815,41.24090287277701,6
571,1812.0,3035.5,28.63239514348786,10
572,2508.0,3046.5882376395534,25.978748006379586,15
573,2712.0,3031.6222713864304,27.125626843657816,19
574,350.0,3068.7714285714287,26.042857142857144,2
575,387.0,3081.6,21.251421188630488,3
576,337.0,3047.50059347181,23.5026706231454,2
577,387.0,3032.7,28.337209302325576,2
578,423.0,3032.7,21.8,1
579,272.0,3034.4,25.3,1
580,278.0,3034.4,24.4,1
588,221.0,3049.1,17.1,1
590,132.0,3049.1,25.0,1
591,117.0,3026.6,15.6,1
592,707.0,3046.540028288543,20.166195190947665,3
593,713.0,3044.9713884992984,18.177699859747545,4
594,1176.0,3041.7005102040816,30.81573129251701,8
595,3727.0,3044.9450228065466,29.330533941507912,18
596,1326.0,3042.587330316742,23.07141779788839,9
597,3562.0,3041.205221785514,35.82119595732734,26
598,3818.0,3037.9305395495026,39.20426925091671,31
599,2683.0,3035.6708907938873,35.581065970928066,18
600,4566.0,3048.7482041173894,36.170626918018414,39
601,2846.0,3048.6763527758253,34.54739985945186,24
602,2058.0,3053.8459183673467,33.82031098153547,18
603,1739.0,3069.7851638872917,28.10276657060519,15
604,2583.0,3066.6636082075106,30.365698799845145,16
605,1070.0,3052.354859813084,28.546168224299066,9
606,1060.0,3061.67141509434,28.51186602870813,7
607,329.0,3048.175075987842,23.022796352583587,2
608,1465.0,3053.1649829351536,33.63624573378839,11
609,1613.0,3050.239987600744,30.685120892746433,11
610,1821.0,3029.620318506315,29.00373421197144,13
611,856.0,3044.597079439252,20.052920560747662,5
612,196.0,3081.6,24.16530612244898,2
613,158.0,3026.7,15.900000000000002,1
615,590.0,3033.7862711864404,21.606440677966102,2
621,342.0,2981.9,18.0,1
623,177.0,3049.1,24.0,1
624,290.0,3049.1,21.8,1
628,129.0,2981.9,11.1,1
630,663.0,3025.3449472096536,19.73846153846154,4
631,538.0,3021.3,25.377695167286248,3
632,2448.0,3059.9462009803915,27.684844771241835,13
633,3483.0,3056.0457077232268,29.400861326442723,18
634,3281.0,3052.8035659859797,29.322706491923192,20
635,3658.0,3043.9629852378353,33.097375615090215,26
636,957.0,3037.3,33.544932079414835,8
637,2116.0,3036.3636578449905,35.73275047258979,16
638,3585.0,3051.1510460251047,34.140474198047414,33
639,1551.0,3050.182269503546,35.408897485493235,13
640,1991.0,3083.1999999999994,26.224545454545453,14
641,2235.0,3069.6795525727066,29.634720357941838,8
642,2378.0,3093.65740117746,27.728174936921786,10
643,749.0,3072.0,34.32683578104139,4
644,376.0,3053.108244680851,33.52632978723404,3
645,1016.0,3033.7999999999997,33.19783464566929,8
646,354.0,3018.8000000000006,33.13898305084746,3
647,3761.0,3032.0533102898166,26.57888859345919,23
648,2130.0,3037.334366197183,27.756713615023475,12
649,146.0,3012.7,31.2,1
650,93.0,3007.0,23.1,1
651,211.0,3026.7,32.2,1
652,102.0,3090.6,17.2,1
654,701.0,3063.101283880171,19.202425106990013,2
656,128.0,3034.4,33.3,1
657,84.0,3034.4,12.5,1
668,147.0,3026.6,16.3,1
669,361.0,3024.4418282548477,20.780886426592797,3
670,520.0,3021.3,13.553076923076924,3
671,210.0,3061.9,21.0,1
672,723.0,3058.1,20.823513139695713,3
673,2433.0,3059.503534730785,30.853884093711468,17
675,1079.0,3052.061909175162,24.325671918443003,8
676,1305.0,3061.354329501916,30.010114942528734,7
677,1052.0,3063.8865019011405,26.20342205323194,8
678,1847.0,3059.025879805089,36.79897130481862,13
679,2022.0,3067.0841246290797,37.75628090999011,14
680,1886.0,3061.9802757158004,39.07497348886532,12
681,2474.0,3091.9498787388843,19.30646725949879,12
682,1452.0,3048.7062672176316,39.289325068870525,11
683,3069.0,3040.140566959922,35.86177908113392,23
684,796.0,3028.204773869347,48.5678391959799,8
685,3017.0,3037.091382167716,32.421644017235664,24
686,3596.0,3023.7390433815353,28.059427141268078,20
687,1505.0,3011.9425249169435,28.0821926910299,10
688,891.0,3007.0,20.271604938271604,5
689,471.0,3026.7,26.230360934182592,2
690,711.0,3066.513924050633,20.487623066104078,2
692,219.0,3090.6,20.9,1
701,34.0,2981.9,20.0,1
704,74.0,2981.9,18.8,1
705,220.0,3054.7,28.2,1
706,728.0,3054.6999999999994,17.879701492537315,4
707,591.0,3031.9812182741116,19.506598984771575,3
708,1567.0,3061.9000000000005,23.419400127632418,9
709,2834.0,3068.3912138320393,21.49760056457304,16
710,3324.0,3067.055174488568,29.391847172081825,23
711,436.0,3062.8,34.147247706422014,4
712,1208.0,3066.310264900662,30.254349627174815,10
713,2697.0,3065.661772339636,31.835780496848347,15
714,793.0,3064.90605296343,24.021059268600254,6
715,1164.0,3061.460481099656,32.047594501718216,7
716,2931.0,3052.5313886045724,31.917093142272257,14
717,541.0,3053.093900184843,36.810536044362294,3
718,347.0,3071.8,31.608069164265128,2
719,583.0,3061.4377358490565,28.235849056603772,5
720,2154.0,3051.0947075208915,34.839322191272046,17
721,2458.0,3048.6008950366154,32.20781122864117,15
722,1708.0,3050.6000000000004,21.1076112412178,7
723,3381.0,3027.1611357586517,27.76820467317361,22
724,1105.0,3010.5592760180994,35.406425339366514,11
725,1543.0,3013.391186001296,20.51289695398574,8
726,2860.0,3030.5895104895103,21.325307125307123,14
727,610.0,3031.2855737704917,22.91257606490872,4
728,438.0,3090.6,21.638536585365852,3
729,1609.0,3090.6000000000004,18.187632069608455,6
730,181.0,3090.6,11.8,1
734,0.0,,,1
741,304.0,3054.7,19.8,1
742,671.0,3054.7000000000003,19.417138599105815,3
743,273.0,3054.7,15.300000000000002,1
745,9.0,3054.4,33.3,1
746,2080.0,3070.2,30.607884615384613,14
747,172.0,3069.7267441860463,31.7,2
748,165.0,3062.8,21.7,1
749,812.0,3065.3389162561575,24.595689655172414,5
750,1225.0,3067.7720816326528,29.441061224489797,9
751,785.0,3067.794904458599,23.665350318471337,6
752,1806.0,3055.703986710964,27.58261351052049,11
753,2101.0,3041.2926225606857,36.669490718705376,11
754,1338.0,3053.9187593423017,36.13318385650224,8
755,351.0,3075.9000000000005,16.71111111111111,2
756,440.0,3061.7645454545454,28.67522727272727,2
757,1350.0,3049.8056296296295,32.18955555555555,10
758,2268.0,3035.3833333333337,27.543342151675482,16
759,2697.0,3014.173377827215,30.293993325917683,17
760,2787.0,3055.8185145317543,28.183961248654466,17
761,872.0,3021.314220183486,27.668807339449536,6
762,2073.0,3036.9544138929086,19.53434635793536,11
763,2437.0,3037.009643003693,22.79175215428806,10
764,345.0,3066.1513043478258,19.61130434782609,2
765,123.0,3034.1,50.0,1
766,486.0,3034.1000000000004,21.885596707818934,2
778,272.0,3063.4,17.6,1
780,402.0,3059.0067164179104,27.599751243781096,2
782,480.0,3054.4,23.168333333333333,4
783,193.0,3054.3999999999996,30.746113989637305,2
784,130.0,3054.4,29.0,1
785,1359.0,3071.0,30.497203826342904,9
786,454.0,3073.536343612335,35.85921375921376,5
787,1119.0,3080.2832886505807,27.263985701519214,7
789,156.0,3071.3,44.2,1
790,2326.0,3046.562897678418,26.1262252794497,15
791,979.0,3053.581818181818,27.060469867211438,6
792,2061.0,3068.552983988355,25.604415332362933,13
793,3751.0,3036.209037589976,26.178592375366566,19
794,1744.0,3029.713876146789,30.960565038257794,14
795,3666.0,3019.9338788870696,30.71721222040371,21
796,3389.0,3035.500531130127,29.944437887282387,17
797,708.0,3060.523305084746,24.63898305084746,5
798,568.0,3034.0091549295776,27.64401408450704,3
799,3197.0,3019.8869878010632,25.596371598373477,16
800,1294.0,3024.234466769706,21.733462132921172,5
802,156.0,3034.1,27.7,1
807,68.0,2981.9,25.0,1
811,115.0,3063.4,12.5,1
813,258.0,3063.4,17.1,1
814,328.0,3063.4,13.5,1
815,298.0,3063.3999999999996,15.26778523489933,2
816,168.0,3058.7,18.5,1
817,459.0,3056.1518518518524,19.014814814814812,2
820,138.0,3071.0,29.0,1
821,759.0,3071.0,25.214498933901915,14
822,1220.0,3089.2745901639346,15.716885245901638,9
823,324.0,3071.0,18.978703703703705,2
824,0.0,,,1
825,1755.0,3071.3,25.544843304843305,10
826,279.0,3071.3,17.1,1
827,323.0,3082.1,21.2,1
828,2634.0,3033.4406985573273,26.03488990129081,12
829,3029.0,3024.6741168702542,27.44410696599538,16
830,3488.0,3031.220212155963,26.616026376146788,21
831,4159.0,3026.854003366194,33.22207261360904,21
832,3528.0,3029.344529478458,28.33951247165533,25
833,640.0,3032.5996874999996,15.634062499999999,4
834,3146.0,3027.736172917991,22.875047679593138,13
835,3128.0,3013.132544757034,25.382257033248084,14
836,283.0,3012.3,35.3,1
850,389.0,3063.4,20.829305912596404,2
853,207.0,3051.8000000000006,28.3,1
855,178.0,3054.4000000000005,21.3,1
856,231.0,3054.4,27.5,1
857,477.0,3085.5597484276727,9.204535637149029,4
858,127.0,3071.0,10.7,1
859,392.0,3071.0,22.570408163265306,4
860,803.0,3060.3144458281445,34.31170610211706,4
861,956.0,3059.5999999999995,27.406066945606696,5
863,321.0,3082.1,18.4,1
864,1527.0,3056.0697445972496,22.773149967256057,7
865,3340.0,3025.5508083832333,28.768113772455095,17
866,3376.0,3031.88587085308,30.654295023696687,21
867,5117.0,3021.5889974594493,28.04864178229431,26
868,4865.0,3026.658232271326,31.658396711202474,31
869,1095.0,3029.2710502283103,34.97397260273973,9
870,2425.0,3051.1223092783503,16.16222680412371,10
871,413.0,3060.0,18.5,1
872,116.0,3012.3,11.4,1
873,215.0,3034.1,12.1,1
875,119.0,3034.1,18.2,1
880,190.0,2980.5,16.9,1
891,307.0,3058.7,13.3,1
894,302.0,3086.0,14.9,1
895,188.0,3086.0,13.599999999999998,1
896,81.0,3086.0,38.9,1
897,2494.0,3044.9480352846836,33.1607858861267,13
899,12.0,3059.6,33.3,1
901,1715.0,3104.1999999999994,9.353177842565596,7
902,617.0,3054.2,25.861588330632088,4
903,1491.0,3022.1999999999994,25.66706908115358,9
904,951.0,3011.8,29.82702418506835,6
905,327.0,3030.0,11.640672782874617,2
915,158.0,2980.5,21.6,1
921,638.0,3051.8,16.4,1
925,4.0,3051.8,,1
928,414.0,3058.6999999999994,20.2,1
929,206.0,3023.1,12.9,1
931,346.0,3086.0,26.256647398843928,2
932,683.0,3086.0,30.50688140556369,5
933,141.0,3059.6,37.00921985815602,2
934,318.0,3059.6,11.4,1
937,311.0,3104.2,7.5,1
943,429.0,3060.0,16.0,1
945,151.0,3034.1,27.1,1
955,150.0,2980.5,15.6,1
961,302.0,3051.8,14.1,1
963,277.0,3058.7,16.3,1
965,218.0,3023.0999999999995,24.300000000000004,1
966,496.0,3023.1,18.151814516129033,2
968,229.0,3086.0,22.7,1
969,83.0,3059.6,23.8,1
970,968.0,3053.905991735537,19.2801652892562,4
971,1551.0,3067.4359767891683,18.7434558349452,7
972,657.0,3063.5,16.96301369863014,3
975,136.0,3054.2,26.7,1
976,111.0,3022.1999999999994,21.2,1
978,542.0,3030.0,20.6,1
989,277.0,2980.5,24.7,1
999,735.0,3058.7,18.865578231292517,2
1000,408.0,3058.7,18.7,1
1001,298.0,3023.1,15.300000000000002,1
1002,1205.0,3039.2467219917007,31.40680497925311,7
1003,372.0,3032.2854838709677,21.72795698924731,2
1005,153.0,3086.0,22.0,1
1006,1170.0,3035.5029059829058,21.321282051282054,7
1007,3909.0,3038.277283192632,23.7486057815298,17
1008,2828.0,3059.3170792079204,19.639568599717116,12
1010,523.0,3104.2,0.0,1
1016,127.0,3028.2,15.8,1
1019,264.0,2990.3,16.5,1
1021,349.0,2990.3,12.700000000000001,1
1035,427.0,3051.8,20.5,1
1036,403.0,3051.8,12.0,1
1037,323.0,3051.8,14.800000000000002,1
1038,761.0,3043.2400788436266,32.07043363994744,5
1039,738.0,3043.263821138211,28.45379403794038,4
1040,160.0,3031.7,25.0,1
1041,85.0,3010.4,21.7,1
1042,3978.0,3024.0853192559075,25.247536450477625,15
1043,3289.0,3049.0911219215564,23.024475524475523,17
1044,204.0,3063.5,25.9,1
1047,68.0,3054.2,28.6,1
1053,261.0,3028.2,15.2,1
1064,273.0,2980.5,10.0,1
1067,332.0,3051.8,24.5,1
1069,349.0,3051.7999999999997,12.0,1
1074,707.0,3049.342857142857,15.957001414427156,3
1075,240.0,3043.2,21.9,1
1076,91.0,3043.2999999999997,14.299999999999999,1
1078,494.0,3020.5004048582996,22.426315789473684,2
1079,3208.0,3048.194233167083,22.031296758104737,13
1080,3059.0,3048.9124223602485,24.98914677999346,15
1082,0.0,,,1
1085,149.0,3022.2,18.2,1
1089,384.0,3028.1999999999994,16.0,1
1110,527.0,3043.2385199240985,22.968121442125238,3
1113,2135.0,3032.794707259953,25.258735362997655,10
1114,2902.0,3048.946691936596,27.27866988283942,17
1115,582.0,3043.2000000000003,20.19896907216495,4
1117,247.0,3021.7,16.7,1
1122,114.0,3028.2,30.0,1
1130,264.0,2980.5,27.5,1
1138,191.0,3051.8,18.3,1
1142,456.0,3051.8,9.9,1
1145,151.0,3043.3,18.4,1
1146,237.0,3031.7,12.5,1
1147,636.0,3010.3999999999996,23.281132075471696,3
1148,3320.0,3022.7443975903616,24.32189759036145,14
1149,2134.0,3031.1325210871596,22.410309278350514,10
1154,182.0,3070.4,17.9,1
1158,455.0,2990.3,18.0,1
1179,323.0,3010.4,19.2,1
1180,246.0,3083.6,17.4,1
1183,356.0,3026.4000000000005,19.2,1
1184,320.0,3050.6,21.4,1
1192,458.0,2990.3,17.0,1
1201,264.0,3056.6,26.5,1
1205,393.0,3031.7,19.1,1
1210,548.0,3083.5999999999995,25.32992700729927,2
1211,648.0,3080.7,16.79814814814815,3
1212,1403.0,3029.3383464005697,20.71575196008553,5
1213,3198.0,3030.3706066291434,22.65440900562852,14
1214,693.0,3050.6,21.513708513708515,3
1228,351.0,3069.3,13.3,1
1231,390.0,3056.6,20.2,1
1238,341.0,3083.5999999999995,27.6,1
1239,1993.0,3082.11435022579,18.052734570998496,8
1240,3035.0,3057.659044481055,20.464217462932453,13
1241,3527.0,3041.6500708817694,21.830394102636802,12
1242,1547.0,3040.6040077569487,19.778668390433097,4
1243,498.0,3070.4,21.5,1
1244,364.0,3070.4,9.3,1
1248,477.0,2990.3,15.9,1
1256,442.0,3056.6,15.2,1
1265,370.0,3083.6,14.7,1
1266,591.0,3082.559729272419,16.164636209813875,2
1267,688.0,3074.0645348837206,16.888372093023257,2
1268,2050.0,3059.4113170731707,15.422634146341464,7
1269,627.0,3070.4000000000005,7.057097288676236,2
1273,417.0,2990.3,17.7,1
1279,436.0,3069.3,17.6,1
1283,559.0,3056.6,15.2,1
1284,409.0,3056.6,13.5,1
1286,305.0,3031.7,14.0,1
1288,442.0,3031.7,11.8,1
1289,245.0,3031.7,21.9,1
1295,276.0,3070.4,14.3,1
1318,167.0,3070.4,14.299999999999999,1
1334,536.0,3069.3,10.4,1
1337,266.0,3056.6,17.5,1
1350,416.0,3010.4000000000005,15.3,1
1359,442.0,3069.3,15.5,1
1373,126.0,3021.3,34.2,1
1375,271.0,3070.4,30.5,1
1381,502.0,2990.3,13.5,1
1388,431.0,3069.3,14.3,1
1389,232.0,3069.3,13.9,1
1391,322.0,3056.6,14.6,1
1396,448.0,3031.7,13.1,1
1399,300.0,3021.3,21.5,1
1401,468.0,3021.2999999999997,23.377777777777776,2
1402,458.0,3021.3,13.8,1
1427,646.0,3002.3,16.773993808049536,2
1428,154.0,3021.3,31.0,1
1429,215.0,3021.3,22.4,1
1432,494.0,3010.4,20.0,1
1448,383.0,3002.3,16.1,1
1451,484.0,3002.3,13.634297520661157,2
1453,238.0,3010.4,25.5,1
1462,350.0,3002.3,12.4,1
1464,424.0,3002.3000000000006,19.2,1
1465,302.0,3002.3,13.8,1
1466,336.0,3010.4,24.5,1
1467,377.0,3010.4,18.2,1
