hex_id,population,single_par,income_idx,hh_single,hh_size,osiedle
0,23.83,17.5549,3124.9,21.3116,2.5875,
1,1041.6,15.8775,3124.9,20.3711,2.6761,
2,393.08,14.1406,3124.9,20.6921,2.7985,
3,1.23,19.2,3124.9,10.8,2.95,
4,81.83,15.6557,3124.9,25.5681,2.7334,Bałuty Zachodnie
5,74.1,19.2,3124.9,10.8,2.95,Bałuty Zachodnie
6,50.49,19.2,3124.9,10.8,2.95,Bałuty Zachodnie
7,0.79,15.3,3056.4,17.2,2.98,
8,24.71,15.3,3056.4,17.2,2.98,Bałuty Zachodnie
9,11.09,15.4976,3101.5158,22.8642,2.8153,
10,65.81,15.6,3124.9,25.8,2.73,Bałuty Zachodnie
11,93.22,17.5842,3124.9,17.5323,2.8513,Bałuty Zachodnie
12,86.53,19.2,3124.9,10.8,2.95,Bałuty Zachodnie
13,23.22,19.2,3124.9,10.8,2.95,
14,0.65,12.5,3102.4,16.7,3.05,
15,27.59,12.5,3102.4,16.7,3.05,Złotno
16,1.52,12.6131,3099.7542,16.6887,3.0489,
17,15.93,14.5,3055.6,16.5,3.03,
18,2.89,21.7,3020.4,10.5,3.68,
19,2.43,21.7,3020.4,10.5,3.68,
20,0.02,21.7,3020.4,10.5,3.68,
21,7.6,14.3,3056.4,10.3,3.0,
22,8.51,14.3,3056.4,10.3,3.0,
23,37.57,15.2135,3056.4,16.6035,2.9817,Bałuty Zachodnie
24,47.83,15.3,3056.4,17.2,2.98,Bałuty Zachodnie
25,108.02,16.1769,3072.0095,15.5224,3.0885,Bałuty Zachodnie
26,150.06,18.0768,3065.3453,11.1561,3.2097,Bałuty Zachodnie
27,134.18,18.2905,3066.3966,8.8002,3.2473,Bałuty Zachodnie
28,25.64,18.1834,3061.5922,8.5819,3.2735,
29,42.28,12.5,3102.4,16.7,3.05,Złotno
30,47.01,12.5,3102.4,16.7,3.05,Złotno
31,48.81,12.5543,3101.1291,16.6946,3.0495,Złotno
32,79.99,14.1328,3064.1919,16.5367,3.0337,Złotno
33,41.84,14.5,3055.6,16.5,3.03,
34,29.69,25.0,3020.4,5.9,3.74,Lublinek-Pienista
35,16.05,24.446,3020.4,6.6723,3.7299,
36,9.49,21.7,3020.4,10.5,3.68,Lublinek-Pienista
37,1.14,20.8037,3020.4,11.0404,3.618,
38,5.29,16.7,2991.5,9.7,3.63,
39,3.97,16.7,2991.5,9.7,3.63,
40,0.25,14.3,3056.4,10.3,3.0,
41,5.74,14.3,3056.4,10.3,3.0,
42,7.13,14.3,3056.4,10.3,3.0,
43,21.53,14.3,3056.4,10.3,3.0,Bałuty Zachodnie
44,23.35,14.4236,3056.4,11.153,2.9975,Bałuty Zachodnie
45,58.64,15.3,3056.4,17.2,2.98,Bałuty Zachodnie
46,87.75,14.066,3056.4,17.3763,3.0858,Bałuty Zachodnie
47,148.28,18.0083,3056.4,17.4388,3.0892,Bałuty Zachodnie
48,175.55,23.2227,3056.4,18.3638,2.985,Bałuty Zachodnie
49,153.35,16.2078,3056.4,11.3474,3.2345,Bałuty Zachodnie
50,56.56,16.6637,3056.4,10.6373,3.2503,
51,42.77,23.4585,3102.4,16.3654,2.9831,
52,60.6,12.5,3102.4,16.7,3.05,Złotno
53,64.14,12.7709,3096.062,16.6729,3.0473,Złotno
54,85.48,14.3982,3057.9828,16.5102,3.031,Złotno
55,86.26,14.5176,3055.6,16.4818,3.0335,Złotno
56,19.41,14.6975,3055.6,16.2952,3.0695,
57,14.52,25.0,3020.4,5.9,3.74,
58,39.46,24.9256,3020.4,6.0037,3.7386,Lublinek-Pienista
59,11.12,21.7095,3020.4,10.4867,3.6802,Lublinek-Pienista
60,29.79,15.9507,3020.4,13.9665,3.2826,Lublinek-Pienista
61,42.13,15.133,3016.6587,13.9657,3.2644,Lublinek-Pienista
62,16.61,16.7,2991.5,9.7,3.63,Nad Nerem
63,12.89,16.7,2991.5,9.7,3.63,Nad Nerem
64,3.43,16.7,2991.5,9.7,3.63,
65,1.11,14.3,3056.4,10.3,3.0,
66,18.71,15.9698,3056.4,9.4342,3.3773,Bałuty Zachodnie
67,19.0,16.1766,3056.4,9.3269,3.424,Bałuty Zachodnie
68,19.8,15.5316,3056.4,9.6614,3.2783,Bałuty Zachodnie
69,32.28,15.1517,3056.4,14.5701,3.0362,Bałuty Zachodnie
70,73.73,14.5387,3056.4,17.3088,3.0453,Bałuty Zachodnie
71,106.96,13.2,3056.4,17.3947,3.153,Bałuty Zachodnie
72,101.96,21.3157,3056.4,21.3808,2.8213,Bałuty Zachodnie
73,168.01,18.7148,3056.4,18.5213,2.9857,Bałuty Zachodnie
74,155.67,13.7797,3056.4,16.5794,3.0641,Bałuty Zachodnie
75,107.38,15.3937,3065.0407,15.828,3.0657,
76,143.96,25.0441,3102.4,16.2091,2.962,Złotno
77,98.43,18.0869,3102.4,17.6259,2.9244,Złotno
78,70.88,11.531,3102.4,15.8473,3.0849,Złotno
79,72.84,16.3205,3068.3339,16.4595,3.1176,Złotno
80,49.6,18.0934,3055.6,15.9327,3.2576,Złotno
81,29.64,17.0907,3055.6,13.8133,3.5481,Złotno
82,23.44,17.2,3055.6,13.7,3.57,Złotno
83,0.26,17.2,3055.6,13.7,3.57,
84,1.26,25.0,3020.4,5.9,3.74,
85,34.26,24.7357,3020.4,6.2695,3.7351,Lublinek-Pienista
86,11.1,21.7,3020.4,10.5,3.68,Lublinek-Pienista
87,28.58,16.5719,3020.4,13.592,3.3256,Lublinek-Pienista
88,58.76,14.9,3020.4,14.6,3.21,Lublinek-Pienista
89,28.35,15.9274,3008.2522,12.507,3.3845,Nad Nerem
90,16.61,16.7,2991.5,9.7,3.63,Nad Nerem
91,16.61,16.7,2991.5,9.7,3.63,Nad Nerem
92,15.06,16.7,2991.5,9.7,3.63,Nad Nerem
93,7.24,16.7,2991.5,9.7,3.63,Nad Nerem
94,9.53,17.0,3056.4,8.9,3.61,Bałuty Zachodnie
95,18.07,17.0,3056.4,8.9,3.61,Bałuty Zachodnie
96,18.07,17.0,3056.4,8.9,3.61,Bałuty Zachodnie
97,18.2,16.8742,3056.4,8.9652,3.5816,Bałuty Zachodnie
98,56.87,14.974,3055.7829,16.4492,3.0303,Bałuty Zachodnie
99,286.84,14.1661,3055.9716,12.9852,3.0403,Bałuty Zachodnie
100,480.93,17.6888,3056.4,18.4175,2.9477,Bałuty Zachodnie
101,290.1,19.1018,3056.4,20.0556,2.9719,Bałuty Zachodnie
102,248.8,18.9543,3054.1123,17.95,2.854,Bałuty Zachodnie
103,533.87,15.5347,3050.4482,15.2339,2.9752,Teofilów-Wielkopolska
104,270.72,15.664,3080.1923,15.237,2.9521,Złotno
105,287.97,14.7051,3102.4,20.2911,2.6039,Złotno
106,167.79,12.2685,3102.4,20.5263,2.6929,Złotno
107,91.51,11.1548,3097.9702,14.7556,3.1476,Złotno
108,50.11,21.2903,3055.6,16.5632,3.2837,Złotno
109,29.05,17.2236,3055.6,13.6859,3.5615,Złotno
110,28.87,17.2,3055.6,13.7,3.57,Złotno
111,21.84,17.2,3055.6,13.7,3.57,Złotno
112,18.21,22.3235,3020.4,12.4159,3.4576,Lublinek-Pienista
113,25.42,11.9943,3020.4,37.1388,2.4032,Lublinek-Pienista
114,24.78,17.0713,3020.4,13.2909,3.3601,Lublinek-Pienista
115,58.76,14.9,3020.4,14.6,3.21,Lublinek-Pienista
116,51.86,16.961,3019.3697,14.3623,3.2104,Lublinek-Pienista
117,18.97,17.7901,2997.5235,13.3712,3.5431,Nad Nerem
118,16.58,16.7102,2991.5,9.9599,3.631,Nad Nerem
119,16.61,16.7,2991.5,9.7,3.63,Nad Nerem
120,16.61,16.7,2991.5,9.7,3.63,Nad Nerem
121,11.91,16.7,2991.5,9.7,3.63,Nad Nerem
122,3.6,17.0,3056.4,8.9,3.61,
123,18.07,17.0,3056.4,8.9,3.61,Bałuty Zachodnie
124,18.07,17.0,3056.4,8.9,3.61,Bałuty Zachodnie
125,18.07,17.0,3056.4,8.9,3.61,Bałuty Zachodnie
126,20.48,16.2163,3055.9047,9.9967,3.3759,Bałuty Zachodnie
127,51.88,25.2632,3027.8986,7.3232,3.4233,Bałuty Zachodnie
128,257.78,16.2347,3054.8239,13.1778,3.1502,Bałuty Zachodnie
129,91.03,24.353,3056.4,18.7181,2.9321,Bałuty Zachodnie
130,888.31,22.9874,3050.407,23.8764,2.5693,Teofilów-Wielkopolska
131,1193.82,22.6742,3045.547,27.1176,2.4125,Teofilów-Wielkopolska
132,1028.27,15.9272,3050.3366,15.5257,2.9011,Teofilów-Wielkopolska
133,283.4,16.642,3102.4,18.7922,2.7008,Złotno
134,313.99,11.8039,3102.4,18.1555,2.7952,Złotno
135,104.59,10.0839,3102.4,14.6364,3.119,Złotno
136,84.3,12.9464,3091.0975,15.1521,3.1593,Złotno
137,45.72,19.088,3055.6,13.5772,3.1156,Złotno
138,44.17,18.536,3055.6,12.8984,3.089,Złotno
139,38.82,18.1883,3055.6,13.107,3.2142,Złotno
140,18.33,18.2041,3055.6,13.0975,3.2085,
141,5.16,17.6,3065.3,12.2,2.92,
142,3.87,15.0672,3067.9198,18.8167,2.8432,
143,30.57,10.5,3020.4,41.2,2.21,Lublinek-Pienista
144,91.99,14.72,3073.9883,19.5071,2.7556,Lublinek-Pienista
145,55.43,17.0348,3020.4,14.3715,3.1923,Lublinek-Pienista
146,44.63,19.4916,3020.4,14.4519,3.1592,Lublinek-Pienista
147,25.05,19.2249,3006.4311,14.2834,3.3968,Nad Nerem
148,16.1,16.9,2991.5,14.8,3.65,Nad Nerem
149,16.31,16.8164,2991.5,12.6678,3.6416,Nad Nerem
150,16.6,16.7015,2991.5,9.7394,3.6302,Nad Nerem
151,16.6,16.7019,2991.5,9.7495,3.6302,Nad Nerem
152,10.24,16.7033,2991.5,9.7853,3.6303,Nad Nerem
153,14.57,17.0,3056.4,8.9,3.61,Bałuty Zachodnie
154,18.07,17.0,3056.4,8.9,3.61,Bałuty Zachodnie
155,18.07,17.0,3056.4,8.9,3.61,Bałuty Zachodnie
156,18.07,17.0,3056.4,8.9,3.61,Bałuty Zachodnie
157,41.45,26.6685,3027.6711,8.665,3.4152,Bałuty Zachodnie
158,54.14,25.7895,3030.4176,8.3835,3.3688,Bałuty Zachodnie
159,38.73,27.5307,3056.3915,19.1603,2.9227,Bałuty Zachodnie
160,9.04,42.9,3056.4,25.0,3.12,Bałuty Zachodnie
161,2857.36,27.0591,3043.0936,32.4078,2.293,Teofilów-Wielkopolska
162,3495.09,30.2366,3042.1426,35.6739,2.1314,Teofilów-Wielkopolska
163,789.61,26.725,3054.8063,40.3968,2.0388,Złotno
164,338.03,16.5207,3097.4767,20.4044,2.6539,Złotno
165,367.81,13.7473,3075.4684,15.0947,2.9111,Złotno
166,146.37,13.9303,3082.0089,17.5556,3.0391,Złotno
167,77.88,15.9366,3079.2906,15.4847,3.1747,Złotno
168,47.0,18.7229,3055.6,12.8288,3.0312,Złotno
169,44.88,18.5501,3055.6,13.4053,3.0003,Złotno
170,40.37,18.2164,3055.6018,14.7534,2.9342,Złotno
171,25.87,19.0189,3063.4283,14.0259,3.1503,
172,39.16,17.6718,3065.3,12.3005,2.9324,Retkinia Zachód-Smulsko
173,123.71,15.963,3079.7009,10.9534,3.0446,Retkinia Zachód-Smulsko
174,788.21,16.3396,3085.0931,13.4231,2.8982,Retkinia Zachód-Smulsko
175,339.17,13.7375,3084.2998,14.5712,2.9206,Retkinia Zachód-Smulsko
176,109.07,19.7077,3062.3174,12.163,3.1182,Retkinia Zachód-Smulsko
177,23.01,17.4346,3020.4,17.0444,3.0879,Lublinek-Pienista
178,46.69,21.0535,3020.1449,14.0598,3.1587,Lublinek-Pienista
179,16.23,16.9511,2991.828,14.7886,3.6444,Nad Nerem
180,16.1,16.9,2991.5,14.8,3.65,Nad Nerem
181,16.12,16.8932,2991.5,14.6254,3.6493,Nad Nerem
182,16.15,16.8798,2991.5,14.2851,3.648,Nad Nerem
183,16.15,16.881,2991.5,14.3155,3.6481,Nad Nerem
184,3.97,16.8983,2991.5,14.7577,3.6498,
185,4.22,17.0,3056.4,8.9,3.61,
186,16.47,17.0,3056.4,8.9,3.61,Bałuty Zachodnie
187,14.99,17.0,3056.4,8.9,3.61,Bałuty Zachodnie
188,11.96,17.2771,3055.4793,9.5287,3.5859,Bałuty Zachodnie
189,27.2,31.3682,3028.8876,17.5985,3.1758,Bałuty Zachodnie
190,33.7,26.1269,3023.9947,11.03,3.3459,Bałuty Zachodnie
191,16.96,5.6853,3014.963,5.6562,3.5717,Bałuty Zachodnie
192,11.16,27.7449,3039.5254,17.1225,3.3039,Bałuty Zachodnie
193,52.58,39.0169,3043.6277,29.9885,2.3683,Bałuty Zachodnie
194,3497.64,29.5219,3037.0789,43.1715,1.9834,Teofilów-Wielkopolska
195,1755.0,24.6909,3038.9485,38.9167,2.0806,Teofilów-Wielkopolska
196,142.75,18.3611,3100.3771,17.3922,2.8902,Złotno
197,447.27,16.6909,3057.041,23.4635,2.5093,Złotno
198,534.03,16.1265,3055.6447,21.9485,2.7445,Złotno
199,222.07,22.2966,3055.9903,13.6075,3.2292,Złotno
200,47.71,20.6985,3055.6,18.2052,3.0455,Złotno
201,20.98,15.1455,3055.6,27.1547,2.3259,Złotno
202,19.49,14.6582,3055.6,29.1227,2.2294,Złotno
203,36.55,18.4881,3064.2401,16.4307,3.0511,Złotno
204,41.85,18.0384,3065.3,12.8137,2.996,Retkinia Zachód-Smulsko
205,264.03,23.3434,3073.5655,23.9698,2.5093,Retkinia Zachód-Smulsko
206,912.37,18.1188,3078.1353,13.8509,2.7909,Retkinia Zachód-Smulsko
207,757.29,13.2607,3085.8,11.206,3.0496,Retkinia Zachód-Smulsko
208,309.16,18.9282,3085.6977,13.6095,3.0085,Retkinia Zachód-Smulsko
209,15.33,16.1431,3040.8282,16.545,3.065,Lublinek-Pienista
210,16.79,14.8071,3020.4,19.1942,3.0401,Lublinek-Pienista
211,19.58,16.8038,3013.3487,16.9062,3.216,Lublinek-Pienista
212,13.56,16.5912,2992.5218,15.3259,3.6058,Nad Nerem
213,16.87,14.9645,2991.5,16.236,3.4658,Nad Nerem
214,16.82,15.0996,2991.5,16.1358,3.4787,Nad Nerem
215,16.82,15.095,2991.5,16.1392,3.4782,Nad Nerem
216,16.45,15.014,2991.5,16.1993,3.4705,Nad Nerem
217,0.11,12.1567,2991.5,18.3192,3.1986,
218,0.89,17.0,3056.4,8.9,3.61,
219,0.25,17.0,3056.4,8.9,3.61,
220,2.53,26.3,3025.5,30.0,2.8,
221,14.73,27.8253,3025.5,27.4724,2.8719,Bałuty Zachodnie
222,30.87,33.3,3025.5,18.4,3.13,Bałuty Zachodnie
223,22.04,18.9499,3019.7701,11.7574,3.3582,Bałuty Zachodnie
224,21.0,14.7109,3014.2,12.7344,3.146,Bałuty Zachodnie
225,17.49,34.338,3028.0411,24.705,2.6736,Bałuty Zachodnie
226,303.26,26.791,3040.724,34.9735,2.2022,Bałuty Zachodnie
227,2612.1,23.7405,3037.8362,40.7203,2.0888,Teofilów-Wielkopolska
228,1933.58,29.4459,3037.3266,41.123,2.0602,Teofilów-Wielkopolska
229,302.55,13.1642,3093.9546,20.5812,2.6419,Złotno
230,642.52,22.7,3060.5619,20.1925,2.8302,Złotno
231,509.91,19.8789,3058.5558,20.6174,2.9799,Złotno
232,149.36,21.7963,3055.6,19.56,3.0314,Złotno
233,16.68,13.5,3055.6,33.8,2.0,Złotno
234,16.68,13.5,3055.6,33.8,2.0,Złotno
235,34.07,18.1829,3063.7115,17.4934,2.9868,Złotno
236,42.01,18.2267,3065.3,13.0774,3.0286,Złotno
237,248.15,21.7475,3054.456,30.8461,2.2864,Złotno
238,4064.33,25.0066,3058.7781,28.3419,2.3963,Retkinia Zachód-Smulsko
239,2601.76,23.0032,3044.7973,33.8415,2.237,Retkinia Zachód-Smulsko
240,811.09,26.1036,3047.4445,31.6677,2.2939,Retkinia Zachód-Smulsko
241,19.58,19.3999,3085.799,34.2998,2.25,Lublinek-Pienista
242,7.16,14.8,3020.4,19.2,3.04,Lublinek-Pienista
243,11.26,14.484,3019.7829,19.8576,3.0178,Lublinek-Pienista
244,1.79,9.4293,3009.8227,30.3767,2.6639,Nad Nerem
245,4.85,9.5095,2991.5,22.8047,2.9421,Nad Nerem
246,19.08,11.051,2991.5,19.2373,3.0707,Nad Nerem
247,19.26,11.3523,2991.5,19.0977,3.0799,Nad Nerem
248,19.29,11.3979,2991.5,19.0766,3.0813,Nad Nerem
249,13.56,11.6677,2991.5,18.9515,3.0895,Nad Nerem
250,11.67,26.3,3025.5,30.0,2.8,Bałuty Zachodnie
251,23.28,29.1531,3025.5,21.4093,3.0054,Bałuty Zachodnie
252,34.62,24.9084,3023.5611,14.6925,3.1748,Bałuty Zachodnie
253,17.97,6.7926,3014.2,6.9128,3.4988,Bałuty Zachodnie
254,34.84,31.1662,3014.2,26.0756,2.4072,Bałuty Zachodnie
255,35.84,29.7896,3014.2,26.3141,2.4627,Bałuty Zachodnie
256,2199.1,24.2549,3040.7453,43.7395,1.9573,Teofilów-Wielkopolska
257,4888.19,29.7618,3038.4135,42.5569,2.0559,Teofilów-Wielkopolska
258,1198.1,20.315,3049.1792,32.6237,2.3549,Złotno
259,1067.83,14.0662,3084.2848,24.9441,2.5763,Złotno
260,567.85,22.9027,3071.5024,23.5328,2.592,Złotno
261,278.77,19.6133,3071.7195,19.8102,2.856,Zdrowie-Mania
262,281.8,21.6098,3064.9938,24.4825,2.6817,Złotno
263,68.59,19.7928,3063.2,27.7029,2.4459,Złotno
264,29.29,17.4496,3062.4412,20.0471,2.8322,Złotno
265,42.02,18.2389,3065.3,13.0944,3.0307,Złotno
266,136.59,27.3446,3058.67,26.0105,2.4239,Złotno
267,3756.29,23.8279,3057.869,31.035,2.3255,Retkinia Zachód-Smulsko
268,3319.78,23.6407,3048.7294,33.6525,2.2096,Retkinia Zachód-Smulsko
269,2513.2,23.9431,3045.0659,28.2394,2.3287,Retkinia Zachód-Smulsko
270,126.07,23.1933,3045.0572,27.4458,2.4726,Lublinek-Pienista
271,2.54,11.6,3116.0,29.9,2.61,Lublinek-Pienista
272,1.06,12.4189,3015.7504,24.1552,2.8727,Lublinek-Pienista
273,0.7,0.0,2991.5,50.0,2.0,Nad Nerem
274,0.7,0.0,2991.5,50.0,2.0,Nad Nerem
275,18.5,18.1214,2991.5,16.2105,3.2791,Nad Nerem
276,25.11,18.7312,2991.5,15.6837,3.3047,Nad Nerem
277,25.14,18.7624,2991.5,15.6712,3.3055,Nad Nerem
278,25.15,18.7771,2991.5,15.6664,3.3059,Nad Nerem
279,8.27,18.9148,2991.5,15.6022,3.3101,
280,0.59,26.3,3025.5,30.0,2.8,
281,11.9,26.4194,3025.5,29.502,2.8025,Bałuty Zachodnie
282,38.95,17.2501,3025.5,18.1703,2.8997,Bałuty Zachodnie
283,119.61,21.8227,3025.5,13.9888,3.0224,Bałuty Zachodnie
284,74.01,21.1133,3022.165,17.2302,3.0067,Bałuty Zachodnie
285,40.22,18.8197,3014.2,26.2877,2.9139,Bałuty Zachodnie
286,41.54,19.1946,3014.2,26.7957,2.8961,Bałuty Zachodnie
287,41.6,19.1,3014.2,26.8,2.9,Bałuty Zachodnie
288,3091.73,31.1962,3039.9522,48.9358,1.8697,Teofilów-Wielkopolska
289,1795.23,26.4832,3034.0506,41.7801,2.0504,Teofilów-Wielkopolska
290,520.23,16.8816,3069.0865,18.6515,2.8736,Złotno
291,445.9,22.0391,3072.4,22.3993,2.9701,Złotno
292,186.77,23.9645,3072.4012,23.7012,2.7059,Złotno
293,422.73,16.7008,3065.9211,15.3384,3.1111,Zdrowie-Mania
294,456.96,24.3816,3065.327,21.2744,2.8737,Zdrowie-Mania
295,237.01,18.7819,3065.2379,19.5146,2.9482,Zdrowie-Mania
296,195.19,21.9621,3065.3,31.1707,2.4106,Zdrowie-Mania
297,49.34,23.139,3063.9154,24.9928,2.6513,Zdrowie-Mania
298,3808.03,26.6968,3048.2329,36.1766,2.106,Karolew-Retkinia Wschód
299,2515.24,24.5942,3039.8821,37.3704,2.1361,Karolew-Retkinia Wschód
300,3425.81,25.0623,3039.2496,31.4438,2.2683,Retkinia Zachód-Smulsko
301,422.38,19.2718,3071.1941,32.1265,2.423,Lublinek-Pienista
302,117.89,11.6,3116.0,29.9,2.61,Lublinek-Pienista
303,0.0,,,,,Lublinek-Pienista
304,0.58,0.0,2991.5,50.0,2.0,Nad Nerem
305,0.7,0.0,2991.5,50.0,2.0,Nad Nerem
306,4.07,18.8672,2991.5,21.1893,3.1388,Nad Nerem
307,26.86,21.7831,2991.5,16.0368,3.3362,Nad Nerem
308,26.87,21.8088,2991.5,16.0407,3.3364,Nad Nerem
309,26.88,21.8275,2991.5,16.0436,3.3366,Nad Nerem
310,25.53,21.8263,2991.5,16.0434,3.3366,Nad Nerem
311,0.76,22.2,2991.5,16.1,3.34,
312,5.37,26.3,3025.5,30.0,2.8,
313,59.71,20.5209,3025.5,16.9745,2.8846,Bałuty Zachodnie
314,76.43,13.4721,3025.5,15.2735,2.9123,Bałuty Zachodnie
315,118.75,21.7151,3025.5,14.0054,3.021,Bałuty Zachodnie
316,51.83,21.7511,3018.5591,22.1929,2.9188,Bałuty Zachodnie
317,30.37,27.6814,3014.2,29.0986,2.7046,Bałuty Zachodnie
318,25.35,33.9697,3014.2,30.7829,2.5614,Bałuty Zachodnie
319,42.8,28.5391,3020.6383,34.134,2.4339,Bałuty Zachodnie
320,1338.15,31.441,3032.264,41.347,2.0368,Teofilów-Wielkopolska
321,167.82,24.6919,3033.1209,35.1527,2.2741,Teofilów-Wielkopolska
322,86.06,26.5431,3071.9868,24.9016,2.6719,Zdrowie-Mania
323,40.7,40.3416,3072.9744,33.1781,2.4268,Zdrowie-Mania
324,328.01,19.9553,3092.7289,38.246,2.1029,Zdrowie-Mania
325,33.71,22.2955,3087.177,29.7152,2.3915,Zdrowie-Mania
326,98.49,22.5623,3070.3317,20.1458,2.8042,Zdrowie-Mania
327,325.38,21.5034,3065.423,30.744,2.4181,Zdrowie-Mania
328,48.19,25.4437,3065.3,28.9247,2.5868,Zdrowie-Mania
329,2360.12,25.4564,3043.5025,38.5108,2.1277,Karolew-Retkinia Wschód
330,3430.08,24.7771,3046.7209,32.9644,2.1961,Karolew-Retkinia Wschód
331,3147.29,29.1715,3040.9891,33.9695,2.1479,Karolew-Retkinia Wschód
332,1629.52,19.6849,3090.5147,26.948,2.4156,Lublinek-Pienista
333,531.55,17.5048,3095.4436,26.3044,2.5378,Lublinek-Pienista
334,1.74,8.9,3116.0,13.6,3.24,Lublinek-Pienista
335,2.42,7.4747,3096.0616,19.4294,3.0414,Nad Nerem
336,0.7,0.0,2991.5,50.0,2.0,Nad Nerem
337,0.7,0.0,2991.5,50.0,2.0,Nad Nerem
338,22.45,21.9049,2991.5,17.5307,3.2993,Nad Nerem
339,28.8,21.1963,2991.5,18.0125,3.3495,Nad Nerem
340,30.87,20.618,2991.5,18.0166,3.3978,Nad Nerem
341,29.73,20.5144,2991.5,18.1422,3.4016,Nad Nerem
342,0.23,18.4767,2991.5,20.6109,3.476,
343,60.03,24.7068,3025.5,17.2085,2.8739,Bałuty Zachodnie
344,111.97,21.6073,3029.7414,19.4928,2.6797,Bałuty Zachodnie
345,161.55,17.744,3060.8317,11.6485,2.915,Bałuty Zachodnie
346,229.52,14.3658,3067.9205,12.5043,3.0424,Bałuty Zachodnie
347,14.49,41.7957,3014.2,31.6591,2.3938,Bałuty Zachodnie
348,10.65,42.1339,3014.2,30.354,2.3982,Bałuty Zachodnie
349,17.89,41.6173,3014.2,32.3474,2.3915,Bałuty Zachodnie
350,1116.91,32.8241,3024.7632,36.5739,2.1214,Bałuty Zachodnie
351,3030.78,31.163,3030.5327,38.8768,2.086,Teofilów-Wielkopolska
352,900.81,28.6789,3048.9789,40.6585,2.0305,Teofilów-Wielkopolska
353,377.89,20.4325,3088.1099,31.8374,2.6469,Zdrowie-Mania
354,714.66,25.361,3071.2765,37.1018,2.2371,Zdrowie-Mania
355,644.2,24.7879,3054.0231,42.8168,1.9857,Zdrowie-Mania
356,26.43,23.5,3093.6,34.1,2.17,Zdrowie-Mania
357,26.43,23.5,3093.6,34.1,2.17,Zdrowie-Mania
358,37.09,24.8052,3075.1316,30.5107,2.4506,Zdrowie-Mania
359,489.5,18.0806,3051.0383,41.4235,2.1207,Zdrowie-Mania
360,3088.38,26.1014,3059.0435,38.862,2.0829,Karolew-Retkinia Wschód
361,4125.72,24.4877,3046.4951,36.2111,2.1342,Karolew-Retkinia Wschód
362,1711.73,21.8164,3063.0496,28.9445,2.46,Lublinek-Pienista
363,614.26,21.7235,3076.8803,22.5922,2.5737,Lublinek-Pienista
364,33.84,8.9,3116.0,13.6,3.24,Lublinek-Pienista
365,34.21,8.9,3116.0,13.6,3.24,Lublinek-Pienista
366,196.54,29.4342,3041.6,12.7175,3.1078,Rokicie
367,56.52,20.0849,3052.4018,16.6768,2.8903,Nad Nerem
368,20.37,20.0228,3010.5537,23.8614,2.9907,Nad Nerem
369,24.4,20.7,2991.5,26.5,3.06,Nad Nerem
370,44.85,17.0382,2991.5,22.4424,3.5251,Nad Nerem
371,45.34,16.992,2991.9887,22.3455,3.5264,Nad Nerem
372,43.85,16.2869,3035.0647,17.5379,3.2123,Ruda
373,60.4,30.2274,3029.6169,24.6741,2.585,Radogoszcz
374,267.84,28.4126,3030.0164,21.0687,2.7014,Radogoszcz
375,2338.37,24.9004,3054.6813,22.3752,2.5774,Radogoszcz
376,469.01,16.7771,3073.0658,12.6592,3.0314,Radogoszcz
377,342.76,18.5034,3075.4755,12.6497,2.8171,Radogoszcz
378,185.46,20.2682,3076.6664,16.8796,2.5956,Bałuty Zachodnie
379,3.17,45.1457,3014.2,18.7319,2.4372,Bałuty Zachodnie
380,21.16,41.5,3014.2,32.8,2.39,Bałuty Zachodnie
381,1870.01,30.6054,3031.9332,40.7685,2.0513,Bałuty Zachodnie
382,2074.06,24.7845,3048.874,43.5182,1.9628,Teofilów-Wielkopolska
383,551.0,25.288,3049.4259,43.7889,1.9322,Teofilów-Wielkopolska
384,169.51,29.974,3054.4828,34.8611,2.4118,Teofilów-Wielkopolska
385,797.56,27.8424,3053.0887,41.9387,2.071,imienia Józefa Montwiłła-Mireckiego
386,33.24,30.6995,3082.279,30.8424,2.3535,Zdrowie-Mania
387,26.43,23.5,3093.6,34.1,2.17,Zdrowie-Mania
388,26.43,23.5,3093.6,34.1,2.17,Zdrowie-Mania
389,2164.82,29.9128,3048.8597,46.444,1.93,Karolew-Retkinia Wschód
390,1831.93,25.0236,3049.7719,36.0767,2.1268,Karolew-Retkinia Wschód
391,2598.82,25.3201,3051.7785,34.9833,2.2039,Karolew-Retkinia Wschód
392,871.82,27.1838,3051.7968,28.8896,2.4798,Lublinek-Pienista
393,99.22,12.1913,3084.3445,26.7114,2.6139,Lublinek-Pienista
394,51.78,19.2115,3080.2118,17.0548,3.0847,Lublinek-Pienista
395,100.53,21.4473,3061.036,17.4794,3.0532,Lublinek-Pienista
396,98.33,14.7376,3058.9866,22.6597,2.8384,Lublinek-Pienista
397,357.0,20.6296,3039.5981,22.3221,2.8373,Rokicie
398,159.96,19.4267,3053.1357,16.9441,2.8822,Rokicie
399,45.75,19.6347,3022.0802,30.2681,2.7153,Nad Nerem
400,31.99,18.7943,2991.5,24.3883,3.3021,Nad Nerem
401,148.46,14.6519,3045.8176,18.4529,3.1223,Nad Nerem
402,90.79,16.7614,3058.4638,14.7834,3.0667,Ruda
403,42.82,15.3977,3058.7,14.2174,3.1211,Ruda
404,19.71,12.0,3058.7,9.6,3.67,
405,76.26,23.4002,3040.477,20.0545,2.7577,Radogoszcz
406,189.25,22.0318,3033.1252,19.4724,2.7526,Radogoszcz
407,1328.57,23.5876,3031.5973,28.6351,2.4804,Radogoszcz
408,2619.66,23.9628,3056.7646,27.0885,2.5082,Radogoszcz
409,372.5,18.5567,3067.1069,21.1808,2.6742,Radogoszcz
410,693.13,19.0381,3075.996,20.5626,2.6336,Radogoszcz
411,121.06,16.6474,3066.475,17.8756,2.7753,Bałuty Zachodnie
412,133.0,18.9688,3047.4115,20.3572,2.96,Bałuty-Centrum
413,183.56,22.1131,3045.93,22.1026,2.8765,Bałuty-Centrum
414,1934.37,25.5976,3050.5641,38.2783,2.1045,Bałuty-Centrum
415,2891.7,28.5553,3047.5413,43.0734,2.0099,Bałuty-Centrum
416,1137.91,30.5549,3043.7658,43.4842,2.0527,Bałuty-Centrum
417,2985.73,28.9852,3050.1544,39.9188,2.0937,Koziny
418,1306.45,28.7729,3055.8296,40.2539,2.0464,Stare Polesie
419,69.47,38.2813,3079.6937,34.1969,2.2431,Stare Polesie
420,27.04,28.8998,3089.9015,28.1084,2.2921,Zdrowie-Mania
421,26.43,23.5157,3093.5892,34.0825,2.1704,Zdrowie-Mania
422,557.31,25.2003,3049.8675,38.2341,2.1231,Karolew-Retkinia Wschód
423,2533.26,29.0405,3058.2667,45.3672,1.9405,Karolew-Retkinia Wschód
424,1469.97,26.0074,3060.6946,36.2182,2.158,Karolew-Retkinia Wschód
425,18.31,27.3,3116.0,23.1,2.88,Lublinek-Pienista
426,51.87,26.0693,3065.2017,18.485,3.0492,Lublinek-Pienista
427,305.91,25.0091,3041.7,16.7913,3.0861,Rokicie
428,538.89,17.6953,3044.3207,24.4559,2.7061,Rokicie
429,350.24,17.8176,3042.1896,21.5036,2.9597,Rokicie
430,423.72,24.2805,3041.7031,21.7337,2.8863,Rokicie
431,752.62,22.4604,3053.9894,30.6877,2.5523,Rokicie
432,188.81,20.5001,3044.822,22.8761,2.8189,Nad Nerem
433,376.38,21.7609,3057.592,24.0905,2.8871,Ruda
434,367.55,18.05,3058.7,14.7738,3.0615,Ruda
435,63.82,15.9,3058.7,14.9,3.04,Ruda
436,88.42,12.1783,3058.7,9.8423,3.6412,Ruda
437,46.77,12.0,3058.7,9.6,3.67,
438,25.44,19.5,3044.6,17.0,2.86,
439,598.99,17.8471,3044.6,23.0195,2.6372,Radogoszcz
440,2311.2,20.9427,3042.4524,33.3237,2.2133,Radogoszcz
441,2309.39,24.445,3041.9969,28.0909,2.4234,Radogoszcz
442,814.95,22.0782,3048.5407,28.1402,2.3983,Radogoszcz
443,249.97,16.6536,3074.9,14.6604,3.2398,Radogoszcz
444,1295.72,24.9563,3074.8534,15.8234,2.6831,Radogoszcz
445,433.51,29.111,3052.2048,23.2662,2.7307,Bałuty-Centrum
446,1268.33,25.5537,3056.1147,38.5533,2.1869,Bałuty-Centrum
447,785.17,33.196,3053.792,39.3006,2.1704,Bałuty-Centrum
448,3139.92,32.0198,3049.7735,41.9197,2.077,Bałuty-Centrum
449,2531.69,27.9943,3059.9283,41.1918,2.0934,Bałuty-Centrum
450,2762.65,31.4251,3039.0828,36.0776,2.187,Koziny
451,2194.42,30.3549,3031.2947,36.7868,2.1727,Koziny
452,761.94,24.711,3067.9036,46.197,1.9694,Stare Polesie
453,43.74,41.9432,3083.6,29.2502,2.3168,Stare Polesie
454,545.34,26.2284,3096.5698,45.4186,1.9169,Stare Polesie
455,84.83,26.5778,3060.699,34.7125,2.1544,Zdrowie-Mania
456,1584.43,24.2634,3052.2392,38.2882,2.1119,Karolew-Retkinia Wschód
457,529.9,25.6105,3062.648,44.607,2.0799,Karolew-Retkinia Wschód
458,19.62,27.0037,3116.0,24.2018,2.8291,Lublinek-Pienista
459,279.96,11.9708,3116.0,26.7724,2.6225,Lublinek-Pienista
460,1194.3,9.407,3104.7441,23.7056,2.6244,Rokicie
461,312.9,14.3975,3041.7,16.4621,3.0167,Rokicie
462,545.83,17.1847,3045.4319,20.5599,2.9171,Rokicie
463,703.77,15.4618,3037.4189,20.7424,2.7045,Rokicie
464,582.35,24.8559,3042.2738,35.4295,2.5882,Rokicie
465,685.14,30.0884,3039.2646,26.7383,2.7852,Ruda
466,355.89,26.0021,3037.5418,23.4526,2.8112,Ruda
467,264.56,25.1359,3056.2279,22.8478,2.9285,Ruda
468,195.76,21.1828,3058.7,16.8569,3.0656,Ruda
469,130.13,22.1889,3058.7,15.994,3.1324,Ruda
470,92.9,12.8898,3058.7,10.1395,3.6259,Ruda
471,9.3,12.0,3058.7,9.6,3.67,
472,6.3,19.6,3049.1,16.0,2.96,
473,133.61,18.0811,3045.6463,20.1025,2.8202,Łagiewniki
474,733.9,22.1127,3045.1015,28.9081,2.3473,Radogoszcz
475,2063.33,19.7969,3051.5486,23.8321,2.5553,Radogoszcz
476,1972.69,19.8266,3033.5104,24.5571,2.4571,Radogoszcz
477,350.05,21.1756,3063.0171,20.7974,2.8311,Julianów-Marysin-Rogi
478,392.55,18.5901,3073.932,24.331,2.5876,Radogoszcz
479,1404.46,16.8865,3074.1923,28.1574,2.3715,Radogoszcz
480,1935.99,28.194,3052.4752,38.5663,2.0487,Bałuty-Centrum
481,3988.06,26.4929,3059.085,39.7592,2.0842,Bałuty-Centrum
482,1533.33,34.6681,3050.1628,38.7263,2.1795,Bałuty-Centrum
483,3162.43,30.4468,3043.2508,44.3053,1.9794,Bałuty-Centrum
484,355.34,35.1622,3047.4972,43.3567,1.9496,Bałuty-Centrum
485,196.23,27.9034,3048.4001,27.2808,3.1475,Koziny
486,1138.62,32.3942,3064.1757,39.4933,2.1937,Stare Polesie
487,1428.37,29.3831,3072.0401,39.5747,2.0914,Stare Polesie
488,1073.44,23.8867,3086.5583,39.2754,2.1409,Stare Polesie
489,2199.41,22.919,3097.1889,37.9959,2.1181,Stare Polesie
490,91.9,12.5724,3098.9775,47.5665,2.0845,Stare Polesie
491,94.53,27.874,3110.1,45.1332,2.0862,Stare Polesie
492,90.5,27.7637,3092.3764,37.1945,2.2072,Stare Polesie
493,58.92,29.2381,3085.2723,30.4072,2.4819,Lublinek-Pienista
494,281.35,10.7542,3109.5499,37.2841,2.2165,Lublinek-Pienista
495,279.67,15.1631,3041.7934,21.1254,3.0016,Rokicie
496,406.52,19.2211,3043.4933,17.5341,3.0756,Rokicie
497,507.55,19.9251,3041.351,18.9033,2.8856,Rokicie
498,263.68,24.9969,3048.1986,29.1153,2.5305,Rokicie
499,235.91,34.322,3034.3898,35.583,2.4567,Ruda
500,735.26,29.9633,3034.5714,25.0991,2.7793,Ruda
501,421.78,16.8664,3034.4,18.2229,3.0755,Ruda
502,271.18,25.2966,3044.4424,26.8754,2.6261,Ruda
503,101.84,24.177,3058.5913,16.9916,3.0378,Ruda
504,94.04,20.1502,3058.7,14.497,3.2467,Ruda
505,40.05,12.831,3058.7,10.0879,3.622,
506,2.6,18.0,2981.9,18.7,2.8,
507,0.0,18.0,2981.9,18.7,2.8,
508,46.57,19.6,3049.1,16.0,2.96,Łagiewniki
509,78.21,19.8375,3047.2236,26.1821,2.6385,Łagiewniki
510,1460.21,23.0806,3024.9797,27.8393,2.3956,Radogoszcz
511,3585.75,22.459,3037.4456,25.4329,2.4543,Radogoszcz
512,644.58,25.2481,3049.2703,26.0503,2.5603,Radogoszcz
513,332.08,33.0039,3062.2,18.8066,2.8417,Julianów-Marysin-Rogi
514,34.55,24.7039,3065.4771,35.8967,2.6397,Julianów-Marysin-Rogi
515,399.06,29.2869,3054.4537,39.4911,2.1476,Julianów-Marysin-Rogi
516,2687.51,25.8158,3049.3221,38.2199,2.0811,Bałuty-Centrum
517,1881.17,28.4102,3048.2446,32.8906,2.2454,Bałuty-Centrum
518,3635.37,33.6634,3037.6887,41.8068,2.0689,Bałuty-Centrum
519,1426.15,32.2871,3055.502,40.5379,2.1283,Bałuty-Centrum
520,223.29,37.8942,3060.7111,45.0486,2.0741,Bałuty-Centrum
521,4014.86,33.2915,3050.7456,36.1527,2.2925,Stare Polesie
522,4950.89,34.2133,3048.1274,35.5904,2.3049,Stare Polesie
523,3160.17,37.8017,3063.3289,40.3119,2.1369,Stare Polesie
524,935.21,32.0719,3082.131,44.4292,2.0718,Stare Polesie
525,512.79,15.3625,3096.6304,46.8604,1.879,Stare Polesie
526,694.58,30.5007,3110.1,35.404,2.3176,Stare Polesie
527,319.44,24.7598,3110.1,40.8021,1.9713,Stare Polesie
528,731.99,36.6995,3031.8122,41.1772,2.2226,Rokicie
529,1474.86,29.7024,3032.4434,41.8815,2.0496,Rokicie
530,1033.78,32.0136,3043.0426,44.1102,1.9626,Rokicie
531,1026.88,27.4143,3043.7655,33.6902,2.2768,Rokicie
532,835.72,12.0909,3050.9128,26.8869,2.4264,Rokicie
533,563.15,23.3146,3077.3595,26.3282,2.4837,Ruda
534,177.03,26.9113,3072.9127,27.8431,2.6309,Ruda
535,648.45,26.6763,3032.7404,20.7179,2.8341,Ruda
536,371.07,16.0643,3033.431,18.469,2.9393,Ruda
537,302.13,19.035,3034.4,15.6822,3.1261,Ruda
538,234.1,35.2682,3034.6155,28.1693,2.6112,Ruda
539,105.87,21.2685,3038.2859,24.6113,2.6835,Ruda
540,50.54,22.8608,3058.5359,16.0763,3.0367,Ruda
541,24.65,18.0,2981.9,18.7,2.8,Łagiewniki
542,0.05,18.0,2981.9,18.7,2.8,
543,29.92,19.6,3049.1,16.0,2.96,Łagiewniki
544,52.29,19.6,3049.1,16.0,2.96,Łagiewniki
545,55.2,19.7917,3048.0314,16.5657,2.9358,Łagiewniki
546,1059.47,25.2007,3027.1157,27.1271,2.3484,Radogoszcz
547,730.17,20.321,3046.956,21.4691,2.6072,Radogoszcz
548,520.11,19.2929,3062.2,17.5335,2.7911,Julianów-Marysin-Rogi
549,119.14,27.3952,3061.9705,19.2527,3.0046,Julianów-Marysin-Rogi
550,414.52,21.6914,3054.3342,21.2057,2.9486,Julianów-Marysin-Rogi
551,2039.44,27.4452,3046.9042,39.489,2.1145,Julianów-Marysin-Rogi
552,3901.99,23.8825,3050.4637,36.8061,2.1663,Bałuty-Centrum
553,1178.9,34.951,3033.7666,39.8945,2.1831,Bałuty-Centrum
554,3508.64,38.9963,3014.7507,40.7562,2.1498,Bałuty-Doły
555,1390.55,31.8458,3064.4237,41.2524,2.0773,Bałuty-Centrum
556,3022.18,34.3635,3050.2819,33.27,2.3958,Katedralna
557,4514.2,32.9862,3045.4523,31.8244,2.5031,Stare Polesie
558,2410.02,32.1037,3043.2494,36.7318,2.344,Stare Polesie
559,2582.99,34.6188,3060.6987,38.1086,2.2544,Stare Polesie
560,761.22,25.6183,3072.0868,42.397,2.0138,Stare Polesie
561,178.78,22.9988,3081.4774,47.1464,1.892,Stare Polesie
562,535.24,30.5664,3108.2228,30.0409,2.5116,Stare Polesie
563,591.71,24.8523,3095.3799,44.3077,1.9315,Stare Polesie
564,707.92,38.5844,3004.7927,44.2114,2.0742,Rokicie
565,2103.98,27.0512,3037.1178,42.052,2.0557,Rokicie
566,2288.98,27.0454,3048.8738,43.7962,1.9605,Rokicie
567,2168.37,27.3807,3034.7102,35.0052,2.2731,Piastów-Kurak
568,559.78,23.5286,3073.5085,29.5784,2.4743,Ruda
569,513.02,24.967,3080.735,26.4969,2.655,Ruda
570,416.66,23.5595,3039.9153,24.2043,2.648,Ruda
571,230.03,21.9088,3032.7188,18.6402,3.047,Ruda
572,499.72,19.8182,3033.1642,15.749,3.2076,Ruda
573,140.92,25.2437,3034.4,10.8439,3.3244,Ruda
574,66.79,25.1724,3034.4,23.4271,2.7944,Ruda
575,87.09,21.2773,3036.7513,24.3312,2.7109,Ruda
576,29.2,20.4407,3048.3963,20.7914,2.8322,
577,0.46,18.0,2981.9,18.7,2.8,
578,39.69,18.0,2981.9,18.7,2.8,Łagiewniki
579,67.52,22.5395,3032.7424,17.3381,2.974,Łagiewniki
580,83.39,21.5694,3049.1,12.9234,3.2661,
581,68.18,17.6007,3049.1,15.1203,3.1919,Łagiewniki
582,66.93,17.7238,3049.1,15.1745,3.1776,Łagiewniki
583,54.56,18.6145,3046.5866,15.7197,3.0411,Łagiewniki
584,183.73,22.3786,3044.3423,23.7442,2.8171,Łagiewniki
585,223.44,23.5395,3049.7811,17.8836,2.675,Julianów-Marysin-Rogi
586,582.7,20.5396,3044.7706,17.2683,2.9204,Julianów-Marysin-Rogi
587,632.84,19.8319,3053.3927,23.7894,2.8619,Julianów-Marysin-Rogi
588,1061.38,28.5098,3044.165,34.8024,2.3155,Julianów-Marysin-Rogi
589,3534.21,28.1135,3046.2902,36.2152,2.1544,Bałuty-Doły
590,1064.79,24.2809,3045.9651,38.1893,2.23,Bałuty-Doły
591,3411.35,36.5373,3041.6134,37.2476,2.1956,Bałuty-Doły
592,4034.59,38.9367,3037.9782,38.8249,2.2049,Bałuty-Doły
593,2598.7,34.4076,3037.6175,37.1208,2.2816,Bałuty-Doły
594,4200.65,35.8688,3048.6459,32.6345,2.4166,Katedralna
595,2295.3,35.1225,3049.8812,36.5962,2.2833,Katedralna
596,2100.93,34.741,3054.3763,37.5063,2.3134,Katedralna
597,1768.0,31.5428,3067.2587,41.7711,2.1224,Katedralna
598,2650.98,30.7317,3070.7244,43.0346,2.0756,Katedralna
599,831.88,29.2405,3053.0936,36.8231,2.1561,Stare Polesie
600,608.52,26.6322,3062.2325,38.9223,2.3079,Stare Polesie
601,440.32,26.1454,3055.7668,37.4246,2.0902,Górniak
602,1301.29,32.715,3054.6072,41.8748,2.0507,Górniak
603,1285.63,29.9557,3052.0091,33.9344,2.3249,Górniak
604,2105.37,28.6414,3025.4929,38.1842,2.1625,Piastów-Kurak
605,885.93,24.6424,3038.4902,27.6266,2.6055,Piastów-Kurak
606,212.54,20.6712,3072.0929,24.7671,2.8677,Ruda
607,94.72,14.8548,3059.3103,23.9007,2.7544,Chojny
608,242.96,29.2393,3035.5078,17.5563,2.924,Ruda
609,535.93,21.6489,3034.0487,11.6987,3.099,Ruda
610,198.01,19.2217,3034.0242,13.2861,3.1875,Ruda
611,127.14,21.3622,3034.4,13.3811,3.172,Ruda
612,59.87,27.7979,3034.4,21.782,2.8625,Ruda
613,51.94,24.2305,3034.4,18.7585,3.0006,Ruda
614,36.07,18.0,2981.9,18.7,2.8,Łagiewniki
615,42.12,18.0,2981.9,18.7,2.8,Łagiewniki
616,172.73,22.9588,3048.6936,14.7641,3.1519,Łagiewniki
617,136.15,21.2248,3049.0441,12.5444,3.2939,Łagiewniki
618,56.21,17.2037,3048.4471,15.0033,3.2513,Łagiewniki
619,24.54,17.2589,3044.8531,15.8168,3.2525,Łagiewniki
620,25.56,11.1832,2981.9,16.4281,3.0523,Łagiewniki
621,28.47,11.1002,2981.9,16.3007,3.05,Łagiewniki
622,167.68,18.7829,3022.4941,18.7618,3.0561,Julianów-Marysin-Rogi
623,559.81,20.2099,3024.6706,23.6063,2.9485,Julianów-Marysin-Rogi
624,577.09,23.2146,3022.9372,20.242,2.9785,Julianów-Marysin-Rogi
625,2873.51,29.0404,3055.9856,29.9234,2.3177,Bałuty-Doły
626,3282.69,28.964,3053.2374,32.9413,2.2478,Bałuty-Doły
627,3432.75,28.6756,3051.6732,34.5046,2.2083,Bałuty-Doły
628,3557.13,34.58,3041.5274,40.9013,2.0956,Bałuty-Doły
629,1290.18,32.2337,3037.4226,38.8631,2.1655,Bałuty-Doły
630,2646.37,37.0057,3036.144,35.1225,2.335,Katedralna
631,3813.32,34.7606,3049.1395,34.5193,2.4234,Katedralna
632,2006.13,33.841,3049.8417,32.7945,2.4405,Katedralna
633,1960.65,26.3932,3083.1623,35.7078,2.2203,Katedralna
634,2117.26,28.478,3070.1748,45.5456,1.9297,Katedralna
635,2670.97,27.7194,3090.2912,37.7148,2.167,Katedralna
636,971.08,31.4564,3068.9523,36.1048,2.2432,Katedralna
637,538.25,33.0706,3056.2484,32.3084,2.416,Górniak
638,882.06,35.9258,3032.4473,38.2899,2.1685,Górniak
639,846.57,35.1098,3033.3737,38.8804,2.1812,Górniak
640,3080.3,26.8042,3031.947,33.6057,2.1799,Piastów-Kurak
641,2545.78,26.9415,3038.5468,42.4508,2.0108,Piastów-Kurak
642,165.9,23.2254,3023.8817,33.7185,2.4209,Piastów-Kurak
643,97.66,20.4397,3014.2787,29.2201,2.6933,Chojny
644,77.02,23.4751,3030.357,25.0319,2.7337,Chojny
645,34.07,17.2,3090.6,13.3,3.27,Chojny
646,99.75,20.1305,3051.9051,10.1872,3.1782,Chojny
647,460.45,20.571,3078.9892,13.4697,2.9553,Ruda
648,95.19,20.5172,3034.4,17.635,2.9843,Ruda
649,65.14,25.9276,3034.4,17.8241,3.0498,Ruda
650,19.77,12.5,3034.4,15.4,3.19,
651,33.61,18.0,2981.9,18.7,2.8,Łagiewniki
652,42.11,18.0,2981.9,18.7002,2.8,Łagiewniki
653,50.22,20.2012,3006.4071,18.1175,2.8872,Łagiewniki
654,37.42,21.5489,3035.985,14.7944,3.1717,Łagiewniki
655,2.55,20.2789,2992.3124,27.2419,3.3,Łagiewniki
656,2.16,20.0,2981.9,30.0,3.3,Łagiewniki
657,2.16,19.9979,2981.9,29.9967,3.2999,Łagiewniki
658,18.36,16.3464,2981.9,31.8096,2.9283,Łagiewniki
659,19.27,15.8384,2981.9,30.3306,2.9392,Łagiewniki
660,184.41,16.2821,3022.5883,20.4573,2.9645,Julianów-Marysin-Rogi
661,595.32,19.633,3023.6852,22.483,2.7367,Julianów-Marysin-Rogi
662,547.35,16.2455,3026.0459,22.2028,2.8226,Julianów-Marysin-Rogi
663,434.73,22.7514,3061.91,32.4265,2.3094,Bałuty-Doły
664,909.48,24.422,3058.2917,33.9385,2.3576,Bałuty-Doły
665,2823.04,30.4008,3058.3456,40.3487,2.1592,Bałuty-Doły
666,149.53,39.7675,3044.818,31.3218,2.3863,Bałuty-Doły
667,1020.21,25.9492,3047.4193,38.628,2.2572,Śródmieście-Wschód
668,1254.32,29.9098,3059.9417,41.8484,2.186,Śródmieście-Wschód
669,1120.47,25.7822,3063.8278,39.4908,2.2423,Śródmieście-Wschód
670,1551.94,35.815,3060.3404,37.2228,2.2472,Katedralna
671,1697.02,36.9282,3069.3877,43.4021,2.0967,Katedralna
672,1815.29,39.0199,3060.4845,39.6694,2.2289,Katedralna
673,2218.48,19.7483,3090.4087,40.2227,2.1261,Katedralna
674,987.13,37.8407,3044.2781,39.7715,2.1916,Górniak
675,2889.62,36.2958,3038.5613,41.3005,2.1628,Górniak
676,711.41,45.0648,3028.7356,41.949,2.1603,Górniak
677,2720.02,32.4139,3034.2965,40.8468,2.127,Piastów-Kurak
678,3351.42,26.5995,3025.8249,37.8835,2.0989,Piastów-Kurak
679,1493.69,29.489,3012.6271,38.5845,2.1297,Piastów-Kurak
680,630.68,19.2394,3007.6079,24.5959,2.6805,Chojny
681,583.65,26.6727,3026.6152,18.2368,2.9483,Chojny
682,408.12,22.9102,3062.6564,15.2011,2.9294,Chojny
683,142.58,21.5274,3090.6,13.8367,3.0252,Chojny
684,54.33,20.8991,3090.6,9.7009,3.29,Chojny
685,62.72,20.9714,3071.2109,12.8085,3.1721,Chojny
686,31.2,28.6954,3034.6584,21.2566,2.8843,Ruda
687,38.69,20.5082,3034.4,16.786,3.1091,Ruda
688,31.34,18.0,2981.9,18.7,2.8,Łagiewniki
689,24.37,18.003,2981.9,18.717,2.8008,Łagiewniki
690,4.91,18.8936,2981.9,23.2403,3.002,Łagiewniki
691,2.16,20.0,2981.9,30.0,3.3,Łagiewniki
692,2.16,20.0,2981.9,30.0,3.3,Łagiewniki
693,2.16,20.0,2981.9,30.0,3.3,Łagiewniki
694,2.16,20.0,2981.9,30.0,3.3,Łagiewniki
695,8.06,18.985,2981.9,37.6971,2.9363,Łagiewniki
696,16.04,18.8,2981.9,39.1,2.87,Łagiewniki
697,285.92,25.8345,3052.1722,20.9233,2.9029,Julianów-Marysin-Rogi
698,494.83,18.606,3053.0679,22.9201,2.7134,Julianów-Marysin-Rogi
699,328.89,18.5937,3028.5776,17.3679,3.0378,Julianów-Marysin-Rogi
700,1548.48,23.4689,3058.3542,28.264,2.3331,Bałuty-Doły
701,2842.2,21.1665,3067.8963,33.7757,2.2072,Bałuty-Doły
702,3245.05,29.3162,3066.3368,45.9017,1.9367,Bałuty-Doły
703,273.64,35.0647,3062.6692,42.3921,2.1385,Bałuty-Doły
704,1106.95,31.3795,3067.0037,42.7488,2.0229,Bałuty-Doły
705,2624.35,30.8607,3066.3961,40.2182,2.0743,Śródmieście-Wschód
706,1125.54,26.1214,3064.3444,40.6359,2.1087,Śródmieście-Wschód
707,1069.84,33.1757,3062.2683,41.8633,2.182,Stary Widzew
708,2449.58,31.3884,3052.1163,37.4549,2.237,Stary Widzew
709,690.48,36.8437,3062.8296,42.8418,2.136,Stary Widzew
710,917.73,29.4782,3074.4976,39.4096,2.2195,Stary Widzew
711,852.46,34.8645,3060.5391,40.3129,2.2012,Stary Widzew
712,2838.13,33.5506,3050.6038,38.1466,2.2103,Górniak
713,2394.81,32.5016,3048.3382,37.4514,2.1713,Górniak
714,2248.47,22.5063,3049.8866,37.8554,2.2024,Chojny-Dąbrowa
715,3383.21,29.3044,3025.0487,42.1115,2.0746,Chojny-Dąbrowa
716,1020.88,33.6269,3011.9679,37.7816,2.3011,Piastów-Kurak
717,2072.96,22.6931,3010.0271,28.6503,2.4636,Chojny
718,2074.78,20.058,3029.5629,23.3316,2.425,Chojny
719,507.05,20.2252,3031.4094,15.2491,2.9746,Chojny
720,431.97,21.9702,3089.3029,19.6965,2.7805,Chojny
721,1396.52,20.0208,3090.2376,22.7413,2.5271,Chojny
722,280.65,15.2223,3081.6657,20.8717,2.6786,Chojny
723,25.62,20.9,3090.6,9.7,3.29,Chojny
724,5.12,19.7061,2981.9,19.943,2.8731,Łagiewniki
725,4.53,20.0628,2981.9,20.2029,2.8884,Łagiewniki
726,0.97,24.6231,2981.9,24.2673,3.1151,Łagiewniki
727,2.1,24.0272,2981.9,25.0063,3.1389,Łagiewniki
728,2.13,22.0613,2981.9,27.444,3.2175,Łagiewniki
729,2.16,20.3755,2981.9,29.5344,3.285,Łagiewniki
730,2.16,20.0,2981.9,30.0,3.3,Łagiewniki
731,2.16,20.0,2981.9,30.0,3.3,Łagiewniki
732,12.3,18.8569,2981.9,38.6687,2.8904,Łagiewniki
733,230.88,19.5115,3052.2736,22.6836,2.8951,Julianów-Marysin-Rogi
734,543.97,18.3053,3054.7,22.9002,2.7737,Julianów-Marysin-Rogi
735,291.36,16.3202,3054.7,19.5155,2.9831,Julianów-Marysin-Rogi
736,80.36,21.6574,3049.8309,22.1652,2.6498,Julianów-Marysin-Rogi
737,36.22,20.2307,3062.6907,28.3255,2.3296,Bałuty-Doły
738,2003.58,30.8454,3070.0959,48.8502,1.8632,Bałuty-Doły
739,404.99,31.5469,3068.5291,40.8198,2.0259,Bałuty-Doły
740,172.36,26.1124,3063.5082,35.0614,2.2561,Bałuty-Doły
741,1351.22,26.1067,3064.8869,50.8013,1.821,Śródmieście-Wschód
742,1217.36,29.7213,3066.9369,48.0368,1.8603,Śródmieście-Wschód
743,765.91,25.4692,3067.1785,42.7852,2.0537,Śródmieście-Wschód
744,2587.27,30.9252,3056.1624,38.2933,2.2411,Stary Widzew
745,2322.27,37.1495,3040.2988,41.6047,2.1077,Stary Widzew
746,759.58,38.9482,3055.9545,37.2328,2.2379,Stary Widzew
747,427.29,22.581,3073.9989,40.6153,2.0324,Stary Widzew
748,421.52,32.5286,3060.0749,40.6089,2.1219,Górniak
749,1347.94,33.3159,3049.0756,37.05,2.2217,Górniak
750,2007.9,27.3063,3038.1618,37.0905,2.1607,Górniak
751,2488.16,28.5451,3017.5157,36.7672,2.2019,Chojny-Dąbrowa
752,2679.69,28.3956,3053.9997,34.7443,2.2704,Chojny-Dąbrowa
753,826.71,29.4944,3021.3819,33.3286,2.5518,Chojny
754,2561.78,20.3089,3035.6823,25.0245,2.4692,Chojny
755,2623.63,22.382,3036.2116,27.7042,2.3719,Chojny
756,253.88,21.1392,3053.7824,28.827,2.4827,Chojny
757,65.06,49.9662,3034.2873,0.0364,3.9981,Chojny
758,764.55,18.4543,3057.8218,24.2508,2.5176,Chojny
759,50.9,22.2896,3055.3945,18.2018,2.945,Chojny
760,1.32,25.0,2981.9,23.8,3.1,Łagiewniki
761,2.09,25.0,2981.9,23.8,3.1,Łagiewniki
762,1.39,25.0,2981.9,23.8,3.1,Łagiewniki
763,2.02,25.0,2981.9,23.8,3.1,Łagiewniki
764,2.09,25.0,2981.9,23.8,3.1,Łagiewniki
765,2.09,25.0,2981.9,23.8,3.1,Łagiewniki
766,2.1,24.0507,2981.9,24.9771,3.138,Łagiewniki
767,5.61,15.6629,3036.3839,29.2945,2.825,Łagiewniki
768,16.25,12.9817,3058.1659,30.1872,2.673,Julianów-Marysin-Rogi
769,99.21,18.5474,3056.1485,20.9358,2.9471,Julianów-Marysin-Rogi
770,340.02,19.9616,3058.3339,16.0298,3.048,Julianów-Marysin-Rogi
771,227.52,17.2346,3056.9297,16.1857,3.0761,Julianów-Marysin-Rogi
772,268.19,25.1016,3058.123,23.992,2.6024,Julianów-Marysin-Rogi
773,138.43,21.3401,3056.6273,22.4684,2.6975,Bałuty-Doły
774,423.84,24.4828,3057.1287,46.7335,1.9451,Bałuty-Doły
775,493.37,27.7946,3064.2761,45.9725,1.9516,Bałuty-Doły
776,82.77,29.0942,3054.4,41.7214,2.3527,Bałuty-Doły
777,1300.54,30.2237,3070.9263,49.1279,1.8162,Śródmieście-Wschód
778,530.41,30.6587,3075.8053,41.2456,1.9648,Śródmieście-Wschód
779,1221.32,26.1393,3080.5151,39.9378,2.1403,Śródmieście-Wschód
780,114.57,28.8915,3068.9841,28.2014,2.5372,Stary Widzew
781,377.89,32.0178,3063.0677,46.4481,1.9041,Stary Widzew
782,2444.74,27.8948,3045.6626,36.7808,2.2109,Stary Widzew
783,1214.3,25.8974,3052.8966,37.3697,2.1375,Stary Widzew
784,1918.39,26.921,3066.6845,39.7918,2.1887,Zarzew
785,3230.6,25.8598,3036.3074,37.4154,2.1064,Zarzew
786,1240.6,30.0526,3032.6358,33.1782,2.2964,Górniak
787,3495.69,30.7354,3018.406,36.8836,2.1731,Chojny-Dąbrowa
788,3123.43,29.864,3038.2813,31.9917,2.3373,Chojny-Dąbrowa
789,719.64,25.216,3061.8138,25.7293,2.6147,Chojny-Dąbrowa
790,761.08,25.5052,3034.1477,28.953,2.5465,Chojny
791,2942.77,25.5448,3022.36,31.5634,2.2412,Chojny
792,1043.98,22.7547,3028.335,27.1865,2.5023,Chojny
793,147.91,22.1305,3070.3429,28.2228,2.571,Chojny
794,39.52,34.9622,3034.1,15.4424,3.3661,Chojny
795,33.04,27.7,3034.1,22.9,3.06,Chojny
796,0.02,27.7,3034.1,22.9,3.06,
797,0.03,25.0,2981.9,23.8,3.1,
798,1.87,25.0,2981.9,23.8,3.1,Łagiewniki
799,2.09,25.0,2981.9,23.8,3.1,Łagiewniki
800,2.09,25.0,2981.9,23.8,3.1,Łagiewniki
801,2.09,25.0,2981.9,23.8,3.1,Łagiewniki
802,2.09,25.0,2981.9,23.8,3.1,Łagiewniki
803,2.09,25.0,2981.9,23.8,3.1,Łagiewniki
804,2.09,25.0,2981.9,23.8,3.1,Łagiewniki
805,24.84,12.6746,3062.2615,30.1106,2.6366,Julianów-Marysin-Rogi
806,49.24,15.6186,3063.4,20.6408,2.8876,Julianów-Marysin-Rogi
807,118.82,17.4901,3063.4,15.9767,2.9783,Julianów-Marysin-Rogi
808,177.29,15.9972,3063.4,13.1572,3.0529,Julianów-Marysin-Rogi
809,330.06,15.0585,3063.0419,19.0012,2.9608,Julianów-Marysin-Rogi
810,344.6,22.0377,3060.1503,21.7113,2.8254,Dolina Łódki
811,313.74,20.367,3055.7426,31.1103,2.6359,Bałuty-Doły
812,138.24,25.8268,3054.4,31.1328,2.4041,Bałuty-Doły
813,107.94,26.6712,3054.4,29.6522,2.532,Bałuty-Doły
814,104.23,28.2108,3061.1433,32.77,2.4288,Bałuty-Doły
815,760.31,25.8905,3071.0,48.7866,1.9352,Śródmieście-Wschód
816,741.71,16.5138,3090.5198,46.9255,2.0281,Śródmieście-Wschód
817,361.07,25.515,3073.4514,24.4721,2.8526,Stary Widzew
818,0.0,,,,,Stary Widzew
819,1938.21,25.6434,3071.3,43.6398,1.9845,Stary Widzew
820,109.49,17.1001,3071.3,32.101,2.46,Stary Widzew
821,417.9,20.9109,3080.4624,34.3791,2.3891,Zarzew
822,2994.68,25.0855,3036.1393,43.2758,2.0031,Zarzew
823,3371.99,27.5458,3026.5341,40.5784,2.0237,Zarzew
824,3251.25,28.5655,3031.4379,42.2791,1.9899,Chojny-Dąbrowa
825,4217.27,31.1099,3023.8513,36.0235,2.1732,Chojny-Dąbrowa
826,3359.93,29.3033,3027.9869,33.8745,2.3006,Chojny-Dąbrowa
827,471.73,16.2753,3032.7051,28.4066,2.5078,Chojny
828,2644.12,23.0102,3024.7904,28.7303,2.3804,Chojny
829,3623.09,24.9719,3013.6919,27.6666,2.3266,Chojny
830,238.47,27.7624,3016.3714,28.7278,2.4506,Chojny
831,36.4,22.1059,3034.1,21.7287,3.2266,Chojny
832,30.8,25.4402,3034.1,22.0674,3.2003,Chojny
833,13.64,25.4534,3034.1,22.0723,3.1995,
834,1.41,25.0,2981.9,23.8,3.1,Łagiewniki
835,2.09,25.0,2981.9,23.8,3.1,Łagiewniki
836,6.09,19.4656,2980.9434,16.5575,3.305,Łagiewniki
837,14.58,17.7843,2980.6528,14.3573,3.3672,Łagiewniki
838,22.63,17.356,2980.5788,13.7967,3.3831,Łagiewniki
839,2.09,25.0,2981.9,23.8,3.1,Łagiewniki
840,2.09,25.0,2981.9,23.8,3.1,Łagiewniki
841,4.79,17.4049,3031.4202,27.6887,2.8144,Łagiewniki
842,31.65,13.0524,3063.4,28.5067,2.6756,Julianów-Marysin-Rogi
843,72.51,17.1,3063.4,16.1,3.01,Julianów-Marysin-Rogi
844,403.33,20.282,3063.3334,20.3104,2.8509,Julianów-Marysin-Rogi
845,123.75,14.4236,3062.1428,14.4015,3.0874,Julianów-Marysin-Rogi
846,38.75,27.7382,3052.2403,14.8924,3.06,Dolina Łódki
847,37.62,28.3,3051.8,14.9,3.06,Stoki-Sikawa-Podgórze
848,94.01,19.6464,3056.0246,23.9991,2.6498,Stoki-Sikawa-Podgórze
849,176.39,21.6037,3054.9126,32.3894,2.44,Bałuty-Doły
850,99.65,26.7844,3054.8215,19.8079,2.8455,Bałuty-Doły
851,514.72,12.4565,3082.7233,43.7317,1.8941,Śródmieście-Wschód
852,361.33,12.718,3084.0283,44.6108,1.8363,Stoki-Sikawa-Podgórze
853,721.55,21.1195,3074.136,52.9538,1.8643,Stoki-Sikawa-Podgórze
854,315.82,28.0967,3052.6078,40.1719,2.0988,Stoki-Sikawa-Podgórze
855,822.28,27.2497,3059.4948,42.9047,1.9953,Stary Widzew
856,34.4,19.5616,3070.7609,33.1942,2.4221,Stary Widzew
857,272.57,18.3609,3080.216,30.3436,2.3554,Stary Widzew
858,1830.17,22.8696,3056.8125,33.2701,2.216,Zarzew
859,3225.28,30.2435,3026.2946,39.6737,2.0586,Zarzew
860,3649.17,29.8303,3029.7157,42.2727,2.0059,Chojny-Dąbrowa
861,4745.21,28.9641,3022.9503,42.0523,2.062,Chojny-Dąbrowa
862,4929.42,30.5633,3029.794,36.2831,2.1586,Chojny-Dąbrowa
863,1284.53,32.2903,3028.2572,35.303,2.198,Chojny-Dąbrowa
864,2476.17,15.9327,3050.0882,23.1027,2.5108,Chojny
865,673.64,27.6307,3035.8175,23.6143,2.5216,Chojny
866,409.98,21.0882,3022.5886,22.2433,2.5766,Chojny
867,51.82,12.1,3034.1,20.0,3.45,Chojny
868,26.51,17.5002,3034.1,19.4688,3.6271,Chojny
869,24.93,18.2,3034.1,19.4,3.65,Chojny
870,1.11,18.2,3034.1,19.4,3.65,
871,0.49,25.0,2981.9,23.8,3.1,
872,1.86,25.0,2981.9,23.8,3.1,Łagiewniki
873,9.91,18.3514,2980.7509,15.0993,3.3462,Łagiewniki
874,54.85,16.9002,2980.5,13.2003,3.4,Wzniesień Łódzkich
875,50.53,16.9285,2980.5048,13.2357,3.3992,Wzniesień Łódzkich
876,11.13,18.1578,2980.7174,14.846,3.3534,Łagiewniki
877,2.09,25.0,2981.9,23.8,3.1,Łagiewniki
878,2.09,25.0,2981.9,23.8,3.1,Łagiewniki
879,7.57,15.2514,3045.4606,28.7913,2.7335,Łagiewniki
880,44.97,15.4149,3058.8099,17.7257,3.1034,Julianów-Marysin-Rogi
881,62.73,16.3539,3055.4309,12.77,3.3289,Dolina Łódki
882,51.73,16.3663,3051.9346,9.3627,3.5344,Dolina Łódki
883,39.88,22.63,3051.8,13.0999,3.2113,Dolina Łódki
884,37.68,27.5333,3051.8,14.7164,3.0751,Dolina Łódki
885,54.77,19.9657,3055.6338,15.6223,2.8878,Dolina Łódki
886,85.61,13.538,3058.7,15.8827,2.7772,Stoki-Sikawa-Podgórze
887,72.2,20.218,3058.6821,7.0758,3.5354,Stoki-Sikawa-Podgórze
888,111.91,17.4885,3072.9018,10.8016,3.4407,Stoki-Sikawa-Podgórze
889,164.91,12.8217,3086.0,24.4781,2.8269,Stoki-Sikawa-Podgórze
890,56.57,13.6,3086.0,39.2,1.89,Stoki-Sikawa-Podgórze
891,103.44,48.4942,3086.0,35.432,2.2684,Stoki-Sikawa-Podgórze
892,2366.25,32.0815,3046.5065,43.3387,2.0102,Stary Widzew
893,73.43,38.3231,3049.8495,36.6981,2.2025,Stary Widzew
894,2.19,33.3,3059.6,25.0,2.75,Stary Widzew
895,3.92,22.0482,3069.6066,18.6403,2.7189,Zarzew
896,1720.69,10.3403,3098.6809,25.6399,2.5099,Zarzew
897,1198.67,22.8139,3050.5238,38.1625,2.1028,Zarzew
898,1824.81,25.4905,3023.0862,36.6098,2.1793,Chojny-Dąbrowa
899,2044.37,30.9755,3013.542,40.4646,2.0915,Chojny-Dąbrowa
900,644.31,31.914,3030.1008,38.4102,2.2141,Chojny-Dąbrowa
901,134.08,16.1317,3044.2126,18.4596,2.8427,Chojny-Dąbrowa
902,306.26,17.6056,3060.0,22.9299,2.6319,Chojny
903,170.01,17.6149,3058.3925,21.8847,2.8427,Chojny
904,51.79,12.1275,3034.1,19.9871,3.4498,Chojny
905,42.85,13.2977,3034.1,19.876,3.4886,Chojny
906,24.93,18.2021,3034.1,19.3985,3.6499,Chojny
907,15.23,18.2,3034.1,19.4,3.65,Chojny
908,0.53,25.0,2981.9,23.8,3.1,
909,30.55,19.4923,2980.5312,12.513,3.891,Wzniesień Łódzkich
910,49.45,20.224,2980.5,11.927,4.086,Wzniesień Łódzkich
911,22.58,22.1181,2980.5682,11.9025,4.1878,Łagiewniki
912,8.47,17.4055,2980.7689,11.6004,3.1242,Łagiewniki
913,12.72,16.5769,2980.6455,10.2693,3.1269,Łagiewniki
914,16.48,16.2009,2980.5895,9.6652,3.1281,Wzniesień Łódzkich
915,28.02,16.6253,3049.2703,10.1636,3.5071,Dolina Łódki
916,51.33,16.4,3051.8,9.3,3.54,Dolina Łódki
917,51.33,16.4,3051.8,9.3,3.54,Dolina Łódki
918,48.21,15.9147,3051.8,9.7866,3.4963,Dolina Łódki
919,39.53,14.1003,3051.8,11.5001,3.34,Dolina Łódki
920,12.04,17.7096,3051.8,12.3643,3.2688,Dolina Łódki
921,83.54,13.4458,3058.5744,16.1459,2.7582,Stoki-Sikawa-Podgórze
922,75.67,18.2044,3058.7,9.6608,3.3115,Stoki-Sikawa-Podgórze
923,72.09,20.2,3058.7,7.0,3.54,Stoki-Sikawa-Podgórze
924,290.83,14.2375,3045.4023,16.7293,3.2607,Stoki-Sikawa-Podgórze
925,119.08,17.6528,3059.9973,20.8962,2.7476,Stoki-Sikawa-Podgórze
926,384.1,28.7901,3086.0,26.7565,2.7297,Stoki-Sikawa-Podgórze
927,550.99,31.205,3077.9463,35.5142,2.354,Stoki-Sikawa-Podgórze
928,623.58,30.3416,3049.7197,40.4858,2.1057,Stary Widzew
929,197.28,12.9955,3060.5887,35.4023,2.2111,Stary Widzew
930,118.8,13.5229,3061.8267,29.8612,2.5165,Stary Widzew
931,141.45,8.4639,3098.1376,20.122,2.5272,Zarzew
932,190.77,5.0308,3104.2,19.4493,2.481,Zarzew
933,130.68,17.6462,3059.5027,17.1038,2.7592,Chojny-Dąbrowa
934,81.85,21.6254,3033.2786,17.878,3.0165,Chojny-Dąbrowa
935,40.34,15.822,3025.7251,18.6231,3.3501,Chojny-Dąbrowa
936,75.83,20.3702,3029.8871,9.0612,3.2692,Chojny-Dąbrowa
937,105.46,17.5393,3049.9611,15.5533,2.9905,Chojny
938,122.73,16.1776,3059.5856,18.904,2.8577,Chojny
939,50.96,22.1084,3041.4579,15.5624,3.2083,Chojny
940,41.12,24.6147,3034.1,14.1598,3.3499,Chojny
941,40.61,24.324,3026.1071,13.3558,3.3699,Chojny
942,36.67,24.8063,3030.1275,13.021,3.3973,Chojny
943,6.44,16.4594,3001.9081,7.4551,3.5893,
944,0.0,12.7,2990.3,5.4,3.68,
945,1.71,21.6,2980.5,11.4,4.37,
946,47.12,21.6,2980.5,11.4,4.37,Wzniesień Łódzkich
947,42.22,22.994,2980.5,11.1302,4.0327,Wzniesień Łódzkich
948,35.6,22.6624,2980.5001,10.3303,3.5103,Wzniesień Łódzkich
949,31.21,15.696,2980.5,8.7222,3.1352,Wzniesień Łódzkich
950,31.16,15.6,2980.5,8.7,3.13,Wzniesień Łódzkich
951,43.63,16.2004,3033.6015,9.1542,3.4353,Dolina Łódki
952,51.33,16.4,3051.8,9.3,3.54,Dolina Łódki
953,51.33,16.4,3051.8,9.3,3.54,Dolina Łódki
954,42.21,18.6818,3051.8,11.2719,3.4668,Dolina Łódki
955,2.5,14.7702,3051.8,11.8093,3.3361,Dolina Łódki
956,39.68,14.1,3051.8,11.5,3.34,Dolina Łódki
957,195.16,15.7567,3057.9734,12.1586,3.087,Dolina Łódki
958,308.03,18.1011,3058.7,12.4669,3.1281,Stoki-Sikawa-Podgórze
959,72.09,20.2,3058.7,7.0,3.54,Stoki-Sikawa-Podgórze
960,473.11,20.3097,3024.4144,17.1866,2.9705,Stoki-Sikawa-Podgórze
961,327.41,17.5441,3023.1,17.6376,2.9441,Stoki-Sikawa-Podgórze
962,189.83,24.5187,3069.8841,17.6836,3.0133,Mileszki
963,260.85,26.0589,3086.0,27.612,2.7099,Stoki-Sikawa-Podgórze
964,177.13,24.9177,3076.335,34.1181,2.4953,Stary Widzew
965,468.05,19.5117,3059.4607,34.6198,2.4025,Widzew-Wschód
966,1063.83,18.3415,3064.318,22.4856,2.5878,Widzew-Wschód
967,423.68,16.5547,3065.7835,24.4984,2.5891,Widzew-Wschód
968,74.12,0.0,3104.2,0.0,2.5,Zarzew
969,72.89,1.0587,3102.2173,0.7693,2.5242,Zarzew
970,52.0,26.7,3054.2,19.4,3.11,Chojny-Dąbrowa
971,32.61,22.942,3032.3354,18.3751,3.4995,Chojny-Dąbrowa
972,43.03,20.872,3026.4645,12.8701,3.4558,Chojny-Dąbrowa
973,78.81,20.6,3030.0,8.7,3.27,Chojny-Dąbrowa
974,96.59,16.5713,3055.1995,17.4498,2.9248,Chojny
975,31.19,19.5684,3041.3648,14.5126,3.2243,Wiskitno
976,29.75,19.8487,3016.4943,11.9549,3.4123,Wiskitno
977,67.33,16.9474,2992.1488,11.7549,3.3875,Wiskitno
978,45.76,14.5911,2990.5099,8.4573,3.5393,Wiskitno
979,34.85,12.9832,2991.1614,5.5495,3.6731,Wiskitno
980,29.03,12.7,2990.3,5.4,3.68,Wiskitno
981,3.62,12.7,2990.3,5.4,3.68,
982,11.36,22.0993,2980.5,11.3034,4.2492,
983,38.84,24.0834,2980.5,10.9193,3.7692,Wzniesień Łódzkich
984,37.16,24.7,2980.5,10.8,3.62,Wzniesień Łódzkich
985,35.08,22.4439,2980.5,10.7266,3.65,Wzniesień Łódzkich
986,30.21,14.5669,2980.5,9.0545,3.2752,Wzniesień Łódzkich
987,46.33,16.2667,3039.9219,9.2,3.4717,Dolina Łódki
988,51.33,16.4,3051.8,9.3,3.54,Dolina Łódki
989,47.32,17.2936,3051.8,10.0723,3.5113,Dolina Łódki
990,32.59,22.4763,3051.8,14.5511,3.345,Dolina Łódki
991,32.4,20.4839,3051.8,14.4464,3.3032,Dolina Łódki
992,39.68,14.1,3051.8,11.5,3.34,Dolina Łódki
993,40.06,14.0505,3051.8,11.6604,3.332,Dolina Łódki
994,316.65,17.6832,3058.6729,17.4835,3.0229,Stoki-Sikawa-Podgórze
995,383.84,19.4729,3058.6897,14.2849,3.2221,Stoki-Sikawa-Podgórze
996,273.22,14.9107,3030.4549,13.8741,3.01,Stoki-Sikawa-Podgórze
997,840.07,32.3322,3039.0817,29.7038,2.4914,Stoki-Sikawa-Podgórze
998,247.02,18.8346,3030.0517,24.9945,2.8044,Stoki-Sikawa-Podgórze
999,37.92,24.129,3047.4657,17.2295,3.1751,Mileszki
1000,142.9,22.3917,3084.6814,26.8346,2.7904,Stoki-Sikawa-Podgórze
1001,1257.36,20.9475,3039.9065,36.8627,2.1623,Widzew-Wschód
1002,3660.65,23.7015,3041.024,31.6627,2.3154,Widzew-Wschód
1003,2893.5,18.5035,3061.4009,24.0302,2.4567,Widzew-Wschód
1004,76.82,0.8619,3102.6339,0.6772,2.5035,Zarzew
1005,74.12,0.0,3104.2,0.0,2.5,Zarzew
1006,61.1,7.1627,3091.0976,4.6992,2.6765,Chojny-Dąbrowa
1007,36.8,26.983,3051.3148,17.461,3.2393,Chojny-Dąbrowa
1008,28.04,21.1923,3022.2997,17.7824,3.6748,Chojny-Dąbrowa
1009,71.54,20.6332,3029.568,9.2095,3.2927,Chojny-Dąbrowa
1010,56.9,20.158,3029.8342,8.921,3.2939,Chojny-Dąbrowa
1011,15.21,15.8,3028.2,11.1,3.53,Wiskitno
1012,17.23,15.7116,3028.2,12.1456,3.4829,Wiskitno
1013,72.41,15.503,3019.4239,16.6713,3.2527,Wiskitno
1014,68.65,16.0403,3000.3394,13.2306,3.3511,Wiskitno
1015,40.87,13.8364,2990.3,7.284,3.5933,Wiskitno
1016,34.77,12.7,2990.3,5.4,3.68,Wiskitno
1017,28.06,12.7,2990.3,5.4,3.68,Wiskitno
1018,25.84,24.7,2980.5,10.8,3.62,Wzniesień Łódzkich
1019,37.16,24.7,2980.5,10.8,3.62,Wzniesień Łódzkich
1020,32.0,18.6893,2980.5,10.7182,3.7386,Wzniesień Łódzkich
1021,26.65,10.0,2980.5,10.6,3.91,Wzniesień Łódzkich
1022,32.96,12.7499,3007.7042,9.9995,3.7259,Wzniesień Łódzkich
1023,16.91,13.1911,3015.288,10.0249,3.7273,Wzniesień Łódzkich
1024,32.62,21.7062,3048.4829,14.2034,3.3773,Dolina Łódki
1025,29.05,24.5,3051.8,16.3,3.28,Dolina Łódki
1026,29.05,24.5,3051.8,16.3,3.28,Dolina Łódki
1027,47.69,14.3316,3051.8,15.87,3.1455,Dolina Łódki
1028,59.32,12.3392,3051.8,17.2017,3.0549,Dolina Łódki
1029,153.9,16.9047,3053.503,12.8088,3.191,Dolina Łódki
1030,384.98,20.1637,3054.1872,9.7831,3.3256,Stoki-Sikawa-Podgórze
1031,256.84,15.4665,3055.37,14.293,3.2352,Dolina Łódki
1032,476.5,20.4747,3045.5408,30.9405,2.4847,Dolina Łódki
1033,1010.06,30.7594,3043.2273,29.3804,2.3677,Stoki-Sikawa-Podgórze
1034,410.95,29.7181,3042.878,29.3612,2.5144,Stoki-Sikawa-Podgórze
1035,30.84,24.9901,3031.8796,10.9721,3.3876,Mileszki
1036,81.07,21.5095,3045.0365,25.8125,2.855,Stoki-Sikawa-Podgórze
1037,3740.63,25.2876,3023.4322,32.6336,2.2314,Widzew-Wschód
1038,3395.8,23.2407,3048.0901,31.4624,2.3016,Widzew-Wschód
1039,439.87,20.455,3063.2194,31.8411,2.2706,Zarzew
1040,39.33,0.0,3104.2,0.0,2.5,Zarzew
1041,45.07,0.0001,3104.1994,0.0001,2.5,Zarzew
1042,34.06,18.8902,3057.5484,9.8157,3.024,Chojny-Dąbrowa
1043,30.71,25.6831,3043.7146,14.1651,3.3728,Chojny-Dąbrowa
1044,73.16,20.3376,3029.0879,8.5676,3.2836,Chojny-Dąbrowa
1045,70.37,20.4624,3029.9484,8.7688,3.2775,Chojny-Dąbrowa
1046,15.21,15.8,3028.2,11.1,3.53,Wiskitno
1047,15.21,15.8,3028.2,11.1,3.53,Wiskitno
1048,67.1,15.2172,3028.2,17.997,3.2192,Wiskitno
1049,72.09,15.6358,3015.5956,16.0184,3.2716,Wiskitno
1050,56.92,15.6596,2990.3,10.3067,3.4541,Wiskitno
1051,34.77,12.7,2990.3,5.4,3.68,Wiskitno
1052,36.26,12.7,2990.3,5.4,3.68,Wiskitno
1053,4.3,12.7,2990.3,5.4,3.68,
1054,0.66,24.7,2980.5,10.8,3.62,
1055,35.56,24.7778,2980.5,10.8278,3.6131,Wzniesień Łódzkich
1056,24.66,23.7462,2980.5,11.2791,3.5392,Wzniesień Łódzkich
1057,23.08,18.0109,2980.5,11.1493,3.6628,Wzniesień Łódzkich
1058,23.02,18.166,2980.5,11.16,3.658,Wzniesień Łódzkich
1059,26.65,10.0,2980.5,10.6,3.91,Wzniesień Łódzkich
1060,26.69,10.2275,2981.6186,10.6894,3.9001,Wzniesień Łódzkich
1061,28.72,22.6537,3042.7211,15.5742,3.3602,Dolina Łódki
1062,29.05,24.5,3051.8,16.3,3.28,Dolina Łódki
1063,40.22,18.2683,3051.8,17.2971,3.1404,Dolina Łódki
1064,65.58,12.0,3051.8,18.3,3.0,Dolina Łódki
1065,65.58,12.0,3051.8,18.3,3.0,Dolina Łódki
1066,86.04,16.4372,3051.8,8.142,3.4185,Dolina Łódki
1067,126.38,15.3979,3051.8,9.9964,3.3647,Dolina Łódki
1068,226.0,15.9502,3050.6565,20.548,2.9317,Dolina Łódki
1069,418.47,19.1021,3047.8947,27.5665,2.5303,Stoki-Sikawa-Podgórze
1070,615.45,23.1937,3044.5485,26.4756,2.5673,Stoki-Sikawa-Podgórze
1071,106.71,19.9274,3040.512,19.875,2.9293,Mileszki
1072,30.77,25.0,3031.7,10.9,3.39,Mileszki
1073,382.17,21.4704,3019.3041,29.0139,2.3739,Widzew-Wschód
1074,3274.31,22.1781,3044.5615,29.1291,2.3346,Widzew-Wschód
1075,2843.65,24.6103,3049.6597,31.639,2.2759,Widzew-Wschód
1076,9.53,24.6821,3046.6,23.0347,2.4924,Olechów-Janów
1077,0.0,,,,,Olechów-Janów
1078,28.8,16.7,3021.7,8.4,2.95,Olechów-Janów
1079,44.08,19.4344,3029.507,9.628,3.0753,Olechów-Janów
1080,49.31,18.2271,3022.2833,7.0208,3.3698,Chojny-Dąbrowa
1081,58.64,19.3394,3025.6853,7.7921,3.3272,Chojny-Dąbrowa
1082,19.16,20.0701,3028.4263,11.263,3.5025,Wiskitno
1083,15.21,15.8,3028.2,11.1,3.53,Wiskitno
1084,189.28,15.9034,3028.2,11.7422,3.2349,Wiskitno
1085,59.21,15.502,3021.8411,16.6229,3.2821,Wiskitno
1086,36.03,16.6123,2990.3,9.7349,3.5477,Wiskitno
1087,33.09,13.8602,2990.3,6.3174,3.6692,Wiskitno
1088,27.04,12.7,2990.3,5.4,3.68,Wiskitno
1089,0.99,12.7,2990.3,5.4,3.68,
1090,4.72,26.1999,2980.5,11.3357,3.4861,
1091,19.91,27.5,2980.5,11.8,3.37,Wzniesień Łódzkich
1092,19.91,27.5,2980.5,11.8,3.37,Wzniesień Łódzkich
1093,19.91,27.5,2980.5,11.8,3.37,Wzniesień Łódzkich
1094,22.67,17.7098,2980.5,11.1287,3.6721,Wzniesień Łódzkich
1095,26.65,10.0,2980.5,10.6,3.91,Wzniesień Łódzkich
1096,26.56,10.0,2980.5,10.6,3.91,Wzniesień Łódzkich
1097,28.46,21.1311,3035.2345,14.9757,3.4264,Dolina Łódki
1098,29.05,24.5,3051.8,16.3,3.28,Dolina Łódki
1099,47.62,14.5298,3051.8,16.8214,3.1365,Dolina Łódki
1100,44.09,14.7314,3051.8,16.0021,3.1994,Dolina Łódki
1101,38.62,14.0184,3051.8,13.2481,3.3385,Dolina Łódki
1102,35.42,9.9,3051.8,7.9,3.54,Dolina Łódki
1103,36.29,9.9638,3051.8,8.1004,3.5306,Dolina Łódki
1104,118.52,10.2169,3051.8,18.6217,2.8783,Dolina Łódki
1105,192.17,14.8933,3047.6678,15.107,3.16,Dolina Łódki
1106,477.17,23.184,3043.1477,19.1367,2.9924,Stoki-Sikawa-Podgórze
1107,33.63,14.583,3031.7,13.4001,3.2233,Mileszki
1108,144.31,20.0607,3013.4178,32.4226,2.3424,Mileszki
1109,2093.4,25.0366,3033.3041,29.5104,2.282,Widzew-Wschód
1110,2930.95,27.2525,3047.8819,32.3024,2.2656,Widzew-Wschód
1111,989.55,22.647,3044.9387,28.1127,2.3247,Widzew-Wschód
1112,0.56,16.7,3021.7,8.4,2.95,Olechów-Janów
1113,24.35,16.7,3021.7,8.4,2.95,Olechów-Janów
1114,44.43,16.8249,3026.769,8.1086,2.9896,Olechów-Janów
1115,20.58,17.9791,3057.2839,5.9833,3.3402,Nr 33
1116,41.65,18.1729,3026.8578,6.8657,3.3662,Chojny-Dąbrowa
1117,28.34,27.6013,3026.9803,11.7006,3.5134,Chojny-Dąbrowa
1118,25.0,29.5298,3028.2,12.8404,3.5493,Wiskitno
1119,120.87,17.512,3016.5256,9.4622,3.396,Wiskitno
1120,195.23,16.4361,3019.1142,9.8224,3.3362,Wiskitno
1121,31.04,17.0772,2990.3,8.5683,3.6431,Wiskitno
1122,29.27,17.0,2990.3,8.8,3.64,Wiskitno
1123,31.8,14.8125,2990.3,7.0704,3.6603,Wiskitno
1124,0.68,12.7,2990.3,5.4,3.68,
1125,11.62,27.5,2980.5,11.8,3.37,
1126,19.91,27.5,2980.5,11.8,3.37,Wzniesień Łódzkich
1127,19.91,27.5,2980.5,11.8,3.37,Wzniesień Łódzkich
1128,11.0,27.5,2980.5,11.8,3.37,Wzniesień Łódzkich
1129,5.8,10.0,2980.5,10.6,3.91,
1130,5.5,10.0,2980.5,10.6,3.91,
1131,4.11,10.0,2980.5,10.6,3.91,
1132,26.03,20.3392,3031.3405,14.6644,3.4608,Dolina Łódki
1133,29.77,21.9652,3051.8,14.9509,3.3536,Dolina Łódki
1134,30.87,18.3,3051.8,13.0,3.46,Dolina Łódki
1135,30.87,18.3,3051.8,13.0,3.46,Dolina Łódki
1136,31.12,10.8029,3051.8,8.4482,3.5314,Dolina Łódki
1137,35.42,9.9,3051.8,7.9,3.54,Dolina Łódki
1138,35.42,9.9,3051.8,7.9,3.54,Dolina Łódki
1139,35.42,9.9,3051.8,7.9,3.54,Dolina Łódki
1140,113.16,17.6226,3045.1492,9.5854,3.5078,Dolina Łódki
1141,97.25,17.3327,3041.021,11.0876,3.2272,Mileszki
1142,34.26,12.5,3031.7,13.9,3.19,Mileszki
1143,490.09,23.3603,3011.0534,24.2803,2.4571,Mileszki
1144,3618.5,24.1031,3027.974,23.9102,2.5425,Widzew-Wschód
1145,2304.49,23.1871,3034.0147,30.8321,2.3478,Widzew-Wschód
1146,62.55,17.5946,3029.8731,15.4558,2.6971,Olechów-Janów
1147,54.87,17.5701,3023.3358,9.7921,2.9813,Olechów-Janów
1148,45.09,17.7076,3032.3992,9.1174,3.0501,Nr 33
1149,16.89,17.9,3070.4,5.6,3.33,Nr 33
1150,16.89,17.9,3070.4,5.6,3.33,Nr 33
1151,20.19,22.4995,3051.8475,8.4398,3.4155,Nr 33
1152,25.13,29.5911,3029.6262,12.6533,3.5426,Wiskitno
1153,53.6,21.8651,3002.5074,8.0869,3.6381,Wiskitno
1154,109.95,17.9282,2990.3,6.0258,3.6776,Wiskitno
1155,70.79,17.6962,2990.3,6.7267,3.6686,Wiskitno
1156,29.27,17.0,2990.3,8.8,3.64,Wiskitno
1157,29.27,17.0,2990.3,8.8,3.64,Wiskitno
1158,11.22,17.0,2990.3,8.8,3.64,
1159,0.0,27.5,2980.5,11.8,3.37,
1160,13.62,27.5,2980.5,11.8,3.37,Wzniesień Łódzkich
1161,19.91,27.5,2980.5,11.8,3.37,Wzniesień Łódzkich
1162,19.5,27.5,2980.5,11.8,3.37,Wzniesień Łódzkich
1163,3.94,27.5,2980.5,11.8,3.37,
1164,19.45,21.2713,3036.7272,15.008,3.4179,Dolina Łódki
1165,30.95,18.1155,3052.6592,12.7968,3.4636,Dolina Łódki
1166,31.44,16.8684,3056.8105,11.6257,3.4915,Dolina Łódki
1167,37.38,17.9045,3057.8982,12.1465,3.4567,Dolina Łódki
1168,51.77,21.4034,3055.1263,14.5526,3.3668,Nowosolna
1169,44.09,15.3573,3053.624,10.8728,3.4801,Dolina Łódki
1170,35.42,9.9,3051.8,7.9,3.54,Dolina Łódki
1171,41.1,13.1809,3044.6321,10.0397,3.5436,Dolina Łódki
1172,57.83,17.7676,3035.9151,12.6369,3.5072,Mileszki
1173,36.92,13.6667,3031.7,13.9,3.2536,Mileszki
1174,34.26,12.5,3031.7,13.9,3.19,Mileszki
1175,781.18,21.7855,3012.7791,21.5428,2.633,Olechów-Janów
1176,174.77,23.0711,3037.0338,19.021,2.8248,Olechów-Janów
1177,60.81,18.1117,3074.5173,25.1596,2.6358,Olechów-Janów
1178,123.74,20.564,3054.8164,21.1172,2.6864,Olechów-Janów
1179,169.29,19.2493,3026.9423,12.8011,3.0214,Olechów-Janów
1180,165.32,20.996,3048.7759,27.2743,2.3489,Olechów-Janów
1181,19.62,17.9145,3067.5214,8.5368,3.1861,Nr 33
1182,16.89,17.9,3070.4,5.6,3.33,Nr 33
1183,16.91,17.9427,3070.251,5.6258,3.3308,Nr 33
1184,34.3,19.6791,3021.2755,6.7485,3.5497,Nr 33
1185,103.86,17.6929,2990.3,6.7652,3.6698,Wiskitno
1186,69.58,16.0483,2990.3,11.9276,3.6146,Wiskitno
1187,29.27,17.0,2990.3,8.8,3.64,Wiskitno
1188,29.27,17.0,2990.3,8.8,3.64,Wiskitno
1189,24.24,17.0,2990.3,8.8,3.64,Wiskitno
1190,12.47,27.5,2980.5,11.8,3.37,Wzniesień Łódzkich
1191,19.66,27.5,2980.5,11.8,3.37,Wzniesień Łódzkich
1192,3.27,27.5,2980.5,11.8,3.37,
1193,0.04,13.3,3069.3,8.2,3.57,
1194,28.63,13.748,3067.7394,8.6224,3.5602,Nowosolna
1195,32.93,13.3168,3069.2411,8.2162,3.5696,Nowosolna
1196,32.94,13.3,3069.3,8.2,3.57,Nowosolna
1197,58.86,25.0682,3057.9775,16.4912,3.3204,Nowosolna
1198,71.63,24.6912,3056.6,16.0644,3.3647,Nowosolna
1199,73.16,18.6482,3053.3232,12.005,3.5486,Nowosolna
1200,55.76,18.5623,3032.8747,13.5494,3.5494,Mileszki
1201,57.82,19.1,3031.7,13.9,3.55,Mileszki
1202,54.71,18.1664,3031.7,13.6645,3.5209,Mileszki
1203,39.75,12.132,3031.7,12.323,3.3162,Mileszki
1204,38.31,14.4611,3034.8427,13.407,3.2362,Mileszki
1205,44.98,17.4,3083.6,26.4,2.7,Olechów-Janów
1206,163.14,23.2061,3083.5572,22.6273,2.616,Olechów-Janów
1207,599.01,16.4187,3071.2203,30.5343,2.4137,Olechów-Janów
1208,1018.55,20.9062,3027.5994,25.6825,2.4767,Olechów-Janów
1209,2282.28,22.9375,3029.9977,27.7618,2.407,Olechów-Janów
1210,735.01,22.8866,3051.352,24.2072,2.422,Olechów-Janów
1211,156.45,19.9919,3063.1176,20.6222,2.5491,Nr 33
1212,16.89,17.9,3070.4,5.6,3.33,Nr 33
1213,41.35,17.8017,3000.9829,7.7461,3.8306,Wiskitno
1214,82.04,17.8275,2990.3228,6.8302,3.7455,Wiskitno
1215,73.01,15.9,2990.3,12.4,3.61,Wiskitno
1216,46.56,16.3182,2990.3,11.0313,3.6214,Wiskitno
1217,24.78,17.0,2990.3,8.8,3.64,Wiskitno
1218,12.64,17.0,2990.3,8.8,3.64,Wiskitno
1219,2.12,17.0,2990.3,8.8,3.64,
1220,0.11,27.5,2980.5,11.8,3.37,
1221,1.9,27.5,2980.5,11.8,3.37,
1222,1.85,17.6,3069.3,11.5,3.26,
1223,32.91,15.9081,3069.3,10.2016,3.382,Nowosolna
1224,32.94,13.3,3069.3,8.2,3.57,Nowosolna
1225,32.94,13.3,3069.3,8.2,3.57,Nowosolna
1226,9.46,16.6197,3066.106,10.5389,3.4996,Nowosolna
1227,168.41,18.3694,3056.6,11.4525,3.5211,Nowosolna
1228,94.99,20.2636,3056.6,12.5505,3.5474,Nowosolna
1229,58.84,17.7883,3051.333,11.5591,3.4352,Nowosolna
1230,56.7,18.5486,3031.7,13.1756,3.5532,Mileszki
1231,57.79,19.0898,3031.7,13.8866,3.5501,Mileszki
1232,50.68,14.8983,3031.7,12.1733,3.4809,Mileszki
1233,48.94,13.8174,3031.7,10.2408,3.456,Mileszki
1234,51.08,19.3489,3048.8074,14.5125,3.2345,Mileszki
1235,549.22,25.075,3083.6,23.9551,2.5222,Olechów-Janów
1236,1926.6,18.0665,3081.2874,26.0017,2.4701,Olechów-Janów
1237,3112.01,19.8947,3055.6545,21.3022,2.479,Olechów-Janów
1238,3675.4,21.4192,3034.1175,22.798,2.5203,Olechów-Janów
1239,1631.45,20.9081,3042.3961,20.4602,2.5619,Olechów-Janów
1240,250.05,18.3868,3070.4,21.1201,2.526,Nr 33
1241,187.06,14.722,3070.4,23.6339,2.444,Nr 33
1242,33.82,13.9655,3027.8741,17.1983,3.2317,Wiskitno
1243,43.86,17.7,2990.3,9.0,4.0,Wiskitno
1244,59.85,16.4957,2990.3,11.2747,3.7391,Wiskitno
1245,68.56,15.9477,2990.3,12.2438,3.6113,Wiskitno
1246,29.07,17.0,2990.3,8.8,3.64,Wiskitno
1247,1.26,17.0,2990.3,8.8,3.64,
1248,1.11,17.6,3069.3,11.5,3.26,
1249,39.8,17.6,3069.3,11.5,3.26,Nowosolna
1250,40.38,17.3988,3069.3,11.3456,3.2745,Nowosolna
1251,34.87,14.5338,3069.3,9.1468,3.4811,Nowosolna
1252,32.94,13.3,3069.3,8.2,3.57,Nowosolna
1253,169.04,16.4794,3057.5217,10.0883,3.567,Nowosolna
1254,164.93,17.5249,3056.6,10.6809,3.5821,Nowosolna
1255,139.22,16.2055,3056.6,10.5028,3.3183,Nowosolna
1256,101.23,14.7945,3050.3292,10.2673,3.3108,Mileszki
1257,49.51,14.4162,3031.7,7.7468,3.5776,Mileszki
1258,50.35,14.8943,3031.7,9.2716,3.5526,Mileszki
1259,46.45,11.8,3031.7,10.9,3.43,Mileszki
1260,50.68,15.1084,3031.7,9.819,3.4726,Mileszki
1261,102.21,16.7574,3069.3846,21.5285,2.8383,Mileszki
1262,336.17,13.9792,3083.6,27.0687,2.5034,Olechów-Janów
1263,841.69,23.8178,3081.3994,21.1898,2.5522,Olechów-Janów
1264,832.31,17.5,3071.1345,23.4077,2.6133,Olechów-Janów
1265,2441.33,17.1745,3058.2385,21.0776,2.6645,Olechów-Janów
1266,858.65,9.3461,3067.4864,22.0847,2.501,Nr 33
1267,93.56,10.1138,3070.4,25.4026,2.4972,Nr 33
1268,63.88,11.9612,3052.8552,19.9343,2.8937,Nr 33
1269,43.87,17.6084,2991.0668,8.9924,3.9851,Wiskitno
1270,43.86,17.7,2990.3,9.0,4.0,Wiskitno
1271,65.64,16.2042,2990.3,11.8253,3.6759,Wiskitno
1272,35.21,16.69,2990.3,9.8145,3.6315,Wiskitno
1273,5.02,17.0,2990.3,8.8,3.64,
1274,33.75,17.6,3069.3,11.5,3.26,Nowosolna
1275,40.83,17.6,3069.3,11.5,3.26,Nowosolna
1276,40.83,17.6,3069.3,11.5,3.26,Nowosolna
1277,38.23,16.3781,3069.3,10.5623,3.3481,Nowosolna
1278,33.45,13.705,3068.9491,8.4879,3.5594,Nowosolna
1279,168.2,17.6527,3056.6011,10.8675,3.5502,Nowosolna
1280,151.15,15.4241,3056.6,11.4582,3.2417,Nowosolna
1281,164.78,14.0594,3056.6,20.7352,2.9312,Nowosolna
1282,91.77,13.671,3048.0849,19.5709,3.047,Mileszki
1283,48.89,14.0,3031.7,7.2,3.58,Mileszki
1284,47.07,12.3809,3031.7,9.9231,3.4696,Mileszki
1285,46.45,11.8,3031.7,10.9,3.43,Mileszki
1286,59.62,20.5544,3031.7,8.0397,3.5427,Mileszki
1287,117.12,16.0867,3073.6042,23.1021,2.7526,Nr 33
1288,189.95,7.7174,3083.5296,23.0598,2.4737,Nr 33
1289,51.3,12.5311,3074.2416,16.1251,3.0492,Nr 33
1290,196.31,23.1214,3063.2556,19.7292,2.8136,Nr 33
1291,79.87,14.7498,3065.19,18.3673,2.8659,Nr 33
1292,30.93,14.3,3070.4,14.1,3.46,Nr 33
1293,32.33,14.4464,3061.6156,13.324,3.482,Nr 33
1294,43.92,15.3914,3009.6344,8.8076,3.6249,Andrzejów
1295,43.87,17.5732,2991.362,8.9894,3.9794,Wiskitno
1296,43.87,17.6995,2990.3,9.0009,3.9999,Wiskitno
1297,65.0,16.064,2990.3,12.0026,3.6335,Wiskitno
1298,29.16,16.9988,2990.3,8.804,3.64,Wiskitno
1299,4.14,17.0,2990.3,8.8,3.64,
1300,10.97,17.6,3069.3,11.5,3.26,
1301,40.8,17.581,3069.3,11.491,3.26,Nowosolna
1302,40.74,17.5375,3069.3,11.4702,3.26,Nowosolna
1303,40.64,17.4693,3069.3,11.4378,3.26,Nowosolna
1304,40.42,17.3336,3069.3,11.3616,3.2629,Nowosolna
1305,60.29,17.8882,3061.3235,11.6333,3.3851,Nowosolna
1306,126.85,15.3687,3056.6,9.9236,3.3108,Nowosolna
1307,125.77,14.0367,3056.6,22.5169,2.9361,Nowosolna
1308,117.56,13.9082,3056.6,24.2141,2.9027,Nowosolna
1309,46.58,14.4035,3042.2972,12.5048,3.4356,Mileszki
1310,48.48,13.6428,3031.7,7.8007,3.5556,Mileszki
1311,46.45,11.8,3031.7,10.9,3.43,Mileszki
1312,50.18,14.7429,3031.7,9.9385,3.4679,Mileszki
1313,55.61,21.022,3036.1134,8.0068,3.5542,Mileszki
1314,69.55,14.6706,3077.5653,21.5635,2.8628,Nr 33
1315,41.62,11.7888,3074.5436,14.6471,3.1773,Nr 33
1316,30.59,14.3,3070.4,11.9167,3.4964,Nr 33
1317,30.93,14.3,3070.4,14.1,3.46,Nr 33
1318,30.93,14.3,3070.4,14.1,3.46,Nr 33
1319,31.86,16.0674,3070.4,15.2019,3.4,Nr 33
1320,42.3,15.3254,3016.3117,9.3995,3.591,Andrzejów
1321,43.92,15.3612,3009.8871,8.8051,3.62,Andrzejów
1322,43.87,17.5238,2991.7756,8.9853,3.9714,Wiskitno
1323,45.42,16.8883,2990.3,9.7259,3.8898,Wiskitno
1324,59.06,15.6979,2990.3,12.0697,3.604,Wiskitno
1325,8.35,15.3354,2990.3,10.0365,3.5924,
1326,0.42,13.5,2990.3,11.4,3.54,
1327,27.91,15.8347,3069.3,10.6594,3.26,Nowosolna
1328,38.19,15.6632,3069.3,10.5777,3.26,Nowosolna
1329,38.08,15.5789,3069.3,10.5376,3.26,Nowosolna
1330,140.86,11.6252,3069.3,11.4176,3.2905,Nowosolna
1331,405.47,10.8866,3069.3,11.3303,3.3222,Nowosolna
1332,40.83,15.0244,3058.8805,13.7987,3.4075,Nowosolna
1333,32.52,17.289,3056.6,9.0966,4.006,Nowosolna
1334,32.07,17.5,3056.6,8.5,4.07,Nowosolna
1335,32.07,17.5,3056.6,8.5,4.07,Nowosolna
1336,39.97,15.471,3042.2589,7.7774,3.7869,Mileszki
1337,45.36,12.1001,3031.7,10.6209,3.4505,Mileszki
1338,42.64,11.9811,3031.7,11.2762,3.4425,Mileszki
1339,37.96,16.3016,3031.7,10.9923,3.5246,Mileszki
1340,28.55,13.246,3036.4087,13.2958,3.5188,Mileszki
1341,39.02,22.3134,3034.9867,11.3536,3.6302,Andrzejów
1342,32.68,17.21,3063.22,10.8514,3.5641,Nr 33
1343,33.72,19.6139,3070.4,16.543,3.2941,Nr 33
1344,37.09,24.4173,3070.4,20.4077,3.1165,Nr 33
1345,40.64,28.8421,3070.4,23.1664,2.9663,Nr 33
1346,43.04,22.721,3039.6934,16.3187,3.2682,Andrzejów
1347,43.92,15.3,3010.4,8.8,3.61,Andrzejów
1348,43.92,15.3301,3010.1478,8.8025,3.6149,Andrzejów
1349,42.12,14.8294,2992.4411,10.473,3.6721,Wiskitno
1350,41.12,13.5,2990.3,11.4,3.54,Wiskitno
1351,40.68,13.7066,2990.3,11.4861,3.546,Wiskitno
1352,38.2,13.5,2990.3,11.4,3.54,Wiskitno
1353,1.23,13.5,2990.3,11.4,3.54,
1354,3.76,15.5,3069.3,10.5,3.26,
1355,37.98,15.5,3069.3,10.5,3.26,Nowosolna
1356,37.98,15.5,3069.3,10.5,3.26,Nowosolna
1357,37.98,15.5,3069.3,10.5,3.26,Nowosolna
1358,146.65,12.5047,3069.3,10.0666,3.3983,Nowosolna
1359,63.63,14.0869,3067.3844,10.1077,3.4485,Nowosolna
1360,39.5,14.6,3056.6,16.7,3.19,Nowosolna
1361,35.18,16.1368,3056.6,12.3547,3.6563,Nowosolna
1362,32.07,17.5,3056.6,8.5,4.07,Nowosolna
1363,31.73,17.1478,3054.607,8.9082,4.026,Nowosolna
1364,28.6,13.4064,3033.4706,13.2235,3.5587,Mileszki
1365,28.61,13.0636,3031.7,13.5243,3.5175,Mileszki
1366,28.3,13.1,3031.7,13.6,3.52,Mileszki
1367,28.3,13.1,3031.7,13.6,3.52,Mileszki
1368,44.92,19.9234,3023.252,12.7065,3.455,Andrzejów
1369,54.47,28.2821,3021.3,10.8445,3.675,Andrzejów
1370,48.6,30.3023,3030.9169,9.733,3.8075,Andrzejów
1371,70.67,26.7484,3045.3191,18.4026,3.3026,Nr 33
1372,42.14,30.5,3070.4,24.2,2.91,Nr 33
1373,42.2,27.8317,3059.4528,21.4774,3.033,Nr 33
1374,41.26,16.3867,3010.4,9.7017,3.5614,Andrzejów
1375,43.92,15.3,3010.4,8.8,3.61,Andrzejów
1376,43.05,15.6293,3010.3019,9.0932,3.5946,Andrzejów
1377,40.62,14.0563,2992.5763,11.398,3.5322,Wiskitno
1378,41.12,13.5,2990.3,11.4,3.54,Wiskitno
1379,41.12,13.5,2990.3,11.4,3.54,Wiskitno
1380,34.11,13.5,2990.3,11.4,3.54,Wiskitno
1381,0.14,13.5,2990.3,11.4,3.54,
1382,23.62,15.5,3069.3,10.5,3.26,Nowosolna
1383,37.98,15.5,3069.3,10.5,3.26,Nowosolna
1384,38.19,15.4899,3069.3,10.4797,3.2624,Nowosolna
1385,91.6,14.4105,3069.3,8.321,3.5142,Nowosolna
1386,96.75,14.0947,3069.3,8.6645,3.5092,Nowosolna
1387,29.28,14.3456,3061.2161,13.9739,3.2954,Nowosolna
1388,39.5,14.6,3056.6,16.7,3.19,Nowosolna
1389,38.19,15.0317,3056.6,15.4792,3.321,Nowosolna
1390,30.98,16.1672,3050.7807,10.5528,3.8491,Nowosolna
1391,28.3,13.1,3031.7,13.6,3.52,Mileszki
1392,28.3,13.1,3031.7,13.6,3.52,Mileszki
1393,28.3,13.1,3031.7,13.6,3.52,Mileszki
1394,30.53,13.4468,3028.3013,12.5827,3.5258,Mileszki
1395,52.97,19.842,3017.8788,10.9255,3.4725,Andrzejów
1396,51.98,21.5,3021.3,12.5,3.44,Andrzejów
1397,62.68,27.2304,3021.3,12.7962,3.5428,Andrzejów
1398,263.66,23.0675,3021.3,13.7638,3.6233,Andrzejów
1399,248.47,17.93,3024.7217,12.2028,3.3924,Andrzejów
1400,42.11,30.4678,3070.2158,24.1647,2.9115,Nr 33
1401,34.56,20.3501,3012.4005,13.0834,3.3837,Andrzejów
1402,37.66,18.1029,3010.4,11.1258,3.4848,Andrzejów
1403,37.1,18.3979,3010.4,11.3706,3.4716,Andrzejów
1404,34.36,19.9855,3010.3551,12.6971,3.4003,Andrzejów
1405,40.13,14.3159,2992.8229,11.5632,3.5224,Wiskitno
1406,41.12,13.5,2990.3,11.4,3.54,Wiskitno
1407,32.85,13.5,2990.3,11.4,3.54,Wiskitno
1408,3.81,13.5,2990.3,11.4,3.54,
1409,27.42,15.5,3069.3,10.5,3.26,Nowosolna
1410,29.54,15.3114,3069.3,10.1227,3.304,Nowosolna
1411,100.75,14.3282,3069.3,8.1563,3.5334,Nowosolna
1412,91.13,14.1942,3069.3,8.391,3.5241,Nowosolna
1413,62.34,13.9401,3068.572,9.6299,3.4634,Nowosolna
1414,39.5,14.6,3056.6,16.7,3.19,Nowosolna
1415,39.27,14.6,3056.6,16.7,3.19,Nowosolna
1416,20.22,14.6,3056.6,16.7,3.19,Nowosolna
1417,14.37,13.1,3031.7,13.6,3.52,Mileszki
1418,28.3,13.1,3031.7,13.6,3.52,Mileszki
1419,28.3,13.1,3031.7,13.6,3.52,Mileszki
1420,38.34,14.342,3019.5279,9.9567,3.5407,Mileszki
1421,76.69,16.0927,3002.3713,4.8213,3.5699,Andrzejów
1422,67.19,17.7392,3008.0676,7.1374,3.5305,Andrzejów
1423,52.04,21.4811,3021.2336,12.4731,3.4405,Andrzejów
1424,260.87,20.3869,3006.5672,11.4266,3.6443,Andrzejów
1425,282.44,20.4832,3021.3,14.149,3.3071,Andrzejów
1426,322.87,17.6377,3020.1083,13.2997,3.1645,Andrzejów
1427,72.04,24.1167,3013.0909,27.1632,2.6803,Andrzejów
1428,34.35,20.0,3010.4,12.7,3.4,Andrzejów
1429,34.35,20.0,3010.4,12.7,3.4,Andrzejów
1430,34.35,20.0,3010.4,12.7,3.4,Andrzejów
1431,34.35,19.9993,3010.3978,12.6999,3.4,Andrzejów
1432,39.95,14.4644,2993.2822,11.5929,3.5192,Wiskitno
1433,29.43,13.5,2990.3,11.4,3.54,Wiskitno
1434,7.36,13.5,2990.3,11.4,3.54,
1435,0.44,15.5,3069.3,10.5,3.26,
1436,0.33,14.3,3069.3,8.1,3.54,
1437,24.85,14.2853,3069.3,8.1404,3.5378,
1438,25.72,13.9,3069.3,9.2,3.48,
1439,19.41,14.1262,3065.1953,11.624,3.3863,
1440,7.2,14.6,3056.6,16.7,3.19,
1441,6.3,14.6,3056.6,16.7,3.19,
1442,3.34,13.1,3031.7,13.6,3.52,
1443,23.51,13.1,3031.7,13.6,3.52,Mileszki
1444,19.21,13.4838,3027.9384,12.4741,3.5264,Mileszki
1445,60.93,16.1,3002.3,4.8,3.57,Andrzejów
1446,73.97,15.9636,3002.3,4.8332,3.5604,Andrzejów
1447,81.13,15.4439,3002.4341,5.0232,3.5203,Andrzejów
1448,363.45,16.6977,3002.8588,10.3196,3.6364,Andrzejów
1449,501.74,15.1035,3003.6365,11.6045,3.676,Andrzejów
1450,246.9,24.9832,3016.3919,16.4778,3.3887,Andrzejów
1451,144.29,24.393,3010.4,30.3943,2.532,Andrzejów
1452,100.5,20.4785,3010.4,18.3033,3.1882,Andrzejów
1453,34.8,19.9665,3010.4,12.6851,3.4028,Andrzejów
1454,34.35,20.0,3010.4,12.7,3.4,Andrzejów
1455,34.35,20.0,3010.4,12.7,3.4,Andrzejów
1456,21.36,20.0,3010.4,12.7,3.4,Andrzejów
1457,4.15,13.8626,2991.4213,11.4725,3.5322,
1458,4.56,13.1,3031.7,13.6,3.52,
1459,15.5,16.1,3002.3,4.8,3.57,
1460,92.89,12.9164,3002.3,5.5744,3.3463,Andrzejów
1461,176.74,16.6762,3002.3,8.0896,3.4358,Andrzejów
1462,315.23,17.6829,3002.3,9.9379,3.5503,Andrzejów
1463,365.82,14.7058,3002.5624,18.8344,3.2749,Andrzejów
1464,241.63,23.3195,3009.6572,12.9883,3.4764,Andrzejów
1465,115.17,18.4608,3010.4,12.3058,3.527,Andrzejów
1466,103.05,18.2786,3010.4,11.9349,3.5435,Andrzejów
1467,33.8,19.9996,3010.4,12.6998,3.4,Andrzejów
1468,17.92,20.0,3010.4,12.7,3.4,Andrzejów
1469,1.38,20.0,3010.4,12.7,3.4,
1470,30.61,12.4,3002.3,5.7,3.31,
1471,83.75,12.4,3002.3,5.7,3.31,Andrzejów
1472,9.06,18.8038,3002.3,9.2786,3.4983,
1473,16.62,19.2,3002.3,9.5,3.51,
1474,37.4,14.0504,3002.4873,21.0783,3.2171,
1475,30.6,23.1053,3010.4,11.9779,3.5189,
1476,25.25,18.2,3010.4,11.9,3.55,
1477,23.12,18.3999,3010.4,11.9888,3.5333,
1478,39.03,12.4,3002.3,5.7,3.31,Andrzejów
