id,lon,lat,srv_school,srv_pharmacy,srv_university,srv_mall
mp/11591119,19.4690166,51.7568509,1,0,0,0
mp/w88825592,19.4767229,51.7509886,1,0,0,0
mp/w101350371,19.5338952,51.7807166,1,0,0,0
mp/w101370836,19.4042791,51.7930724,1,0,0,0
mp/w102980572,19.4230176,51.8203276,1,0,0,0
mp/w103000058,19.4258228,51.8179113,1,0,0,0
mp/w103004822,19.4714959,51.7794312,1,0,0,0
mp/w103526304,19.4905946,51.7747733,1,0,0,0
mp/w105116071,19.4677165,51.7262183,1,0,0,0
mp/w106780763,19.4659973,51.7918671,1,0,0,0
mp/w112391229,19.3442850,51.6559605,1,0,0,0
mp/w112398657,19.3299815,51.6566390,1,0,0,0
mp/w119370159,19.3867154,51.6856522,1,0,0,0
mp/w124532736,19.4535135,51.7939992,1,0,0,0
mp/w124532756,19.4538189,51.7938000,1,0,0,0
mp/w128875646,19.3538330,51.6688040,1,0,0,0
mp/w129042860,19.6354136,51.8499596,1,0,0,0
mp/w132539793,19.4185750,51.6626866,1,0,0,0
mp/w132904774,19.2870417,51.6441711,1,0,0,0
mp/w132954939,19.4318694,51.7158836,1,0,0,0
mp/w135762660,19.4851996,51.7662469,1,0,0,0
mp/w149827958,19.3761409,51.6628113,1,0,0,0
mp/w165776817,19.3304210,51.6595474,1,0,0,0
mp/w165786001,19.3478392,51.6664247,1,0,0,0
mp/w165840089,19.3559868,51.6705237,1,0,0,0
mp/w165840191,19.3563275,51.6698213,1,0,0,0
mp/w171449120,19.3884483,51.7472024,1,0,0,0
mp/w171561195,19.4408055,51.7004698,1,0,0,0
mp/w172170169,19.4440514,51.7306103,1,0,0,0
mp/w173690470,19.3874452,51.7946688,1,0,0,0
mp/w174542160,19.4547579,51.8038977,1,0,0,0
mp/w174638544,19.4401549,51.7801847,1,0,0,0
mp/w175758281,19.5602689,51.7415775,1,0,0,0
mp/w176868455,19.2937731,51.6787337,1,0,0,0
mp/w176877430,19.4029337,51.7641343,1,0,0,0
mp/w177295103,19.4255486,51.7047217,1,0,0,0
mp/w178200747,19.5453023,51.7109217,1,0,0,0
mp/w178283860,19.4635248,51.7637288,1,0,0,0
mp/w178288921,19.4662842,51.7281810,1,0,0,0
mp/w178479599,19.4238498,51.7520027,1,0,0,0
mp/w179581625,19.3225649,51.7908931,1,0,0,0
mp/w188086606,19.4463871,51.7554174,1,0,0,0
mp/w201543322,19.2176062,51.7702450,1,0,0,0
mp/w209291088,19.3788203,51.6550708,1,0,0,0
mp/w222695306,19.3848227,51.7795459,1,0,0,0
mp/w238370464,19.3881864,51.7474756,1,0,0,0
mp/w243109153,19.4514720,51.7735747,1,0,0,0
mp/w255614305,19.4423843,51.7633895,1,0,0,0
mp/w255854318,19.3900407,51.7956911,1,0,0,0
mp/w256775162,19.5099525,51.7625123,1,0,0,0
mp/w260254419,19.3897943,51.8006637,1,0,0,0
mp/w271252108,19.4460517,51.7114008,1,0,0,0
mp/w277525353,19.4919237,51.7423403,1,0,0,0
mp/w298557776,19.4486335,51.7947347,1,0,0,0
mp/w305970214,19.4436639,51.8241076,1,0,0,0
mp/w309048674,19.4868871,51.7947279,1,0,0,0
mp/w313238879,19.4540967,51.7938799,1,0,0,0
mp/w313238880,19.4536562,51.7938642,1,0,0,0
mp/w313238881,19.4539838,51.7938593,1,0,0,0
mp/w314487712,19.5027031,51.7409901,1,0,0,0
mp/w317163737,19.5448677,51.7609149,1,0,0,0
mp/w318807496,19.4778594,51.7616312,1,0,0,0
mp/w318976354,19.4843080,51.7551315,1,0,0,0
mp/w319393888,19.4583561,51.7967581,1,0,0,0
mp/w319493079,19.6818244,51.8842173,1,0,0,0
mp/w321034219,19.4308600,51.8263218,1,0,0,0
mp/w327877752,19.4587687,51.6417222,1,0,0,0
mp/w331588689,19.6344897,51.7208273,1,0,0,0
mp/w340202443,19.5007506,51.7442889,1,0,0,0
mp/w340488269,19.4971390,51.7430634,1,0,0,0
mp/w359309704,19.3871126,51.6854748,1,0,0,0
mp/w362098186,19.4039159,51.7930189,1,0,0,0
mp/w364456780,19.3983933,51.7902501,1,0,0,0
mp/w364457393,19.3865402,51.7922921,1,0,0,0
mp/w364560848,19.4057500,51.7913220,1,0,0,0
mp/w366435765,19.3744136,51.7923824,1,0,0,0
mp/w366502335,19.3783381,51.7945275,1,0,0,0
mp/w366520193,19.3806050,51.7987211,1,0,0,0
mp/w366938062,19.3730453,51.7970560,1,0,0,0
mp/w367297160,19.3988003,51.7928380,1,0,0,0
mp/w368905313,19.3894098,51.7842738,1,0,0,0
mp/w377972887,19.4265633,51.7501087,1,0,0,0
mp/w378173035,19.4156006,51.7900721,1,0,0,0
mp/w378173560,19.4278228,51.7817645,1,0,0,0
mp/w379371923,19.4320451,51.7832354,1,0,0,0
mp/w379756725,19.4237260,51.7874938,1,0,0,0
mp/w380570076,19.3958730,51.7991426,1,0,0,0
mp/w388082553,19.3413162,51.6655229,1,0,0,0
mp/w388083321,19.3527616,51.6671375,1,0,0,0
mp/w395856967,19.4771518,51.7778993,1,0,0,0
mp/w401292034,19.4127012,51.7754955,1,0,0,0
mp/w405201471,19.4947272,51.7498252,1,0,0,0
mp/w405380330,19.4580123,51.7454481,1,0,0,0
mp/w406067483,19.5102448,51.7629045,1,0,0,0
mp/w406286705,19.4842217,51.7458983,1,0,0,0
mp/w410517040,19.4619004,51.7566121,1,0,0,0
mp/w410517042,19.4626412,51.7572619,1,0,0,0
mp/w410545640,19.4619187,51.7546027,1,0,0,0
mp/w412748306,19.5060951,51.7723018,1,0,0,0
mp/w412758558,19.4427330,51.7514930,1,0,0,0
mp/w415804411,19.4947992,51.7722585,1,0,0,0
mp/w417598262,19.3184255,51.6908668,1,0,0,0
mp/w429856101,19.4721165,51.7563251,1,0,0,0
mp/w429911162,19.4645708,51.7556471,1,0,0,0
mp/w436868272,19.4627182,51.7637126,1,0,0,0
mp/w439364487,19.3740071,51.8107251,1,0,0,0
mp/w439378761,19.4302932,51.7924586,1,0,0,0
mp/w441764337,19.4374372,51.7588291,1,0,0,0
mp/w443201679,19.4657070,51.7740195,1,0,0,0
mp/w443203723,19.4596476,51.7756886,1,0,0,0
mp/w443203724,19.4610404,51.7767740,1,0,0,0
mp/w443203735,19.4582650,51.7776610,1,0,0,0
mp/w443794150,19.4699680,51.7756553,1,0,0,0
mp/w444603014,19.4464226,51.7711169,1,0,0,0
mp/w444603038,19.4417709,51.7702642,1,0,0,0
mp/w444607118,19.4331254,51.7700190,1,0,0,0
mp/w444610885,19.4471831,51.7724568,1,0,0,0
mp/w444610886,19.4458849,51.7720757,1,0,0,0
mp/w444627076,19.4500262,51.7752543,1,0,0,0
mp/w445153364,19.4572234,51.7828719,1,0,0,0
mp/w446330272,19.4767631,51.7777748,1,0,0,0
mp/w447705472,19.4773837,51.7628813,1,0,0,0
mp/w447831220,19.4813523,51.7659876,1,0,0,0
mp/w448926544,19.4534499,51.7410422,1,0,0,0
mp/w449894862,19.4807470,51.7769686,1,0,0,0
mp/w450002145,19.4986114,51.7342450,1,0,0,0
mp/w450107872,19.4956407,51.7300492,1,0,0,0
mp/w450110018,19.4926798,51.7309758,1,0,0,0
mp/w450131804,19.4903220,51.7359315,1,0,0,0
mp/w450808536,19.4231258,51.7748412,1,0,0,0
mp/w450808542,19.4280782,51.7783851,1,0,0,0
mp/w451515337,19.4910271,51.7773947,1,0,0,0
mp/w453591141,19.4922779,51.7729881,1,0,0,0
mp/w454588141,19.4357690,51.7956985,1,0,0,0
mp/w456154202,19.4662587,51.7462413,1,0,0,0
mp/w456202123,19.4659254,51.7428475,1,0,0,0
mp/w462362916,19.4710211,51.7466040,1,0,0,0
mp/w462400851,19.4566251,51.7389291,1,0,0,0
mp/w463896450,19.4817977,51.8057001,1,0,0,0
mp/w466418130,19.4753738,51.7442735,1,0,0,0
mp/w467727234,19.2918348,51.8106108,1,0,0,0
mp/w469364841,19.3107146,51.8158863,1,0,0,0
mp/w470592985,19.3044681,51.8172115,1,0,0,0
mp/w470952267,19.3094776,51.8204036,1,0,0,0
mp/w471117359,19.3021198,51.8219140,1,0,0,0
mp/w471126975,19.3039919,51.8224832,1,0,0,0
mp/w471711862,19.2813113,51.8347055,1,0,0,0
mp/w472125169,19.4476205,51.7370484,1,0,0,0
mp/w473984231,19.4530320,51.7557865,1,0,0,0
mp/w474131928,19.4528128,51.7561291,1,0,0,0
mp/w474685696,19.4463680,51.7114336,1,0,0,0
mp/w475509064,19.4609570,51.7606066,1,0,0,0
mp/w481851283,19.4458026,51.7322498,1,0,0,0
mp/w481851309,19.4457028,51.7298937,1,0,0,0
mp/w482812380,19.5532387,51.7086908,1,0,0,0
mp/w483293616,19.4956348,51.6598291,1,0,0,0
mp/w483534796,19.5036020,51.7650606,1,0,0,0
mp/w493445030,19.4344036,51.7961759,1,0,0,0
mp/w494829593,19.2431702,51.6347716,1,0,0,0
mp/w499094684,19.3225040,51.7513342,1,0,0,0
mp/w499128954,19.4735562,51.8100336,1,0,0,0
mp/w499242220,19.3253344,51.7495808,1,0,0,0
mp/w500081399,19.3537974,51.7477099,1,0,0,0
mp/w500436118,19.3281318,51.7462137,1,0,0,0
mp/w500642500,19.4397506,51.7969740,1,0,0,0
mp/w501000223,19.3147339,51.7481022,1,0,0,0
mp/w501661341,19.3069213,51.7507379,1,0,0,0
mp/w527841543,19.4927593,51.7141346,1,0,0,0
mp/w527841552,19.4925061,51.7157959,1,0,0,0
mp/w528117155,19.4912261,51.7198730,1,0,0,0
mp/w528993358,19.2410837,51.6998027,1,0,0,0
mp/w530244378,19.4812483,51.7880380,1,0,0,0
mp/w531091358,19.4232977,51.7516715,1,0,0,0
mp/w534581561,19.5452129,51.7566134,1,0,0,0
mp/w542597546,19.4741404,51.7760066,1,0,0,0
mp/w543085767,19.4780038,51.7784079,1,0,0,0
mp/w555535042,19.3954965,51.6822707,1,0,0,0
mp/w556280041,19.4295015,51.7277913,1,0,0,0
mp/w556351741,19.4613842,51.7259373,1,0,0,0
mp/w630309305,19.4666747,51.7918573,1,0,0,0
mp/w630330508,19.4616341,51.7961759,1,0,0,0
mp/w631290504,19.4528028,51.7243702,1,0,0,0
mp/w637243748,19.4678380,51.8080814,1,0,0,0
mp/w637606657,19.4581148,51.7903475,1,0,0,0
mp/w637606658,19.4621349,51.7897793,1,0,0,0
mp/w637606660,19.4666062,51.7897975,1,0,0,0
mp/w637606663,19.4760057,51.7933075,1,0,0,0
mp/w637606665,19.4728729,51.7929711,1,0,0,0
mp/w643377826,19.4843199,51.7317667,1,0,0,0
mp/w648175906,19.3503238,51.6631945,1,0,0,0
mp/w651195717,19.3529005,51.6683717,1,0,0,0
mp/w651989765,19.3544144,51.6686082,1,0,0,0
mp/w653238864,19.3564115,51.6679301,1,0,0,0
mp/w654280768,19.3621494,51.6654369,1,0,0,0
mp/w659688970,19.4515332,51.7642811,1,0,0,0
mp/w659688975,19.4525483,51.7630635,1,0,0,0
mp/w669568716,19.4340952,51.7848258,1,0,0,0
mp/w670262514,19.4417019,51.7854739,1,0,0,0
mp/w671248966,19.4364056,51.7871223,1,0,0,0
mp/w671586481,19.4317926,51.7890777,1,0,0,0
mp/w671586494,19.4314026,51.7883253,1,0,0,0
mp/w671601357,19.4103642,51.7902395,1,0,0,0
mp/w671671779,19.4047786,51.8546290,1,0,0,0
mp/w671860332,19.4904107,51.7785093,1,0,0,0
mp/w673873351,19.4465171,51.7890597,1,0,0,0
mp/w695729146,19.4758100,51.7358432,1,0,0,0
mp/w700313314,19.2171536,51.7705765,1,0,0,0
mp/w750458697,19.3527453,51.6584398,1,0,0,0
mp/w796910762,19.6766462,51.6916802,1,0,0,0
mp/w815798783,19.4200754,51.8051941,1,0,0,0
mp/w825399170,19.4737120,51.8472317,1,0,0,0
mp/w825402488,19.4726845,51.7892191,1,0,0,0
mp/w835860401,19.6244687,51.7682531,1,0,0,0
mp/w850118987,19.3884159,51.7412480,1,0,0,0
mp/w850802824,19.3886499,51.7472590,1,0,0,0
mp/w851427520,19.3918810,51.7481736,1,0,0,0
mp/w851795943,19.3946837,51.7420342,1,0,0,0
mp/w851803550,19.3973520,51.7448719,1,0,0,0
mp/w853995160,19.4116120,51.7446806,1,0,0,0
mp/w853995177,19.4097311,51.7441495,1,0,0,0
mp/w854463204,19.4006615,51.7517501,1,0,0,0
mp/w854470023,19.4046671,51.7500698,1,0,0,0
mp/w859177699,19.4143708,51.7501042,1,0,0,0
mp/w859649222,19.4121119,51.7507138,1,0,0,0
mp/w861000982,19.4158679,51.7559491,1,0,0,0
mp/w866905312,19.3849611,51.7796805,1,0,0,0
mp/w879318755,19.3444150,51.6557013,1,0,0,0
mp/w879417960,19.6903656,51.6648186,1,0,0,0
mp/w900420634,19.6487158,51.7424295,1,0,0,0
mp/w913233875,19.6824612,51.7252369,1,0,0,0
mp/w935143979,19.5232397,51.7916340,1,0,0,0
mp/w938812621,19.4673099,51.7262469,1,0,0,0
mp/w939344200,19.4670434,51.7333568,1,0,0,0
mp/w940979582,19.4324149,51.7162782,1,0,0,0
mp/w941279438,19.4840790,51.7342107,1,0,0,0
mp/w941279439,19.4849905,51.7352725,1,0,0,0
mp/w941279441,19.4853676,51.7342405,1,0,0,0
mp/w947726000,19.4540976,51.7940779,1,0,0,0
mp/w969788155,19.4498808,51.8126292,1,0,0,0
mp/w980829559,19.4611293,51.7735350,1,0,0,0
mp/w993872695,19.4855540,51.7396822,1,0,0,0
mp/w995287753,19.4631484,51.7280752,1,0,0,0
mp/w996583066,19.3908023,51.7479530,1,0,0,0
mp/w996829049,19.5042698,51.7402679,1,0,0,0
mp/w996831967,19.4982796,51.7387538,1,0,0,0
mp/w998788504,19.6111707,51.6742039,1,0,0,0
mp/w1001503799,19.6102801,51.7388924,1,0,0,0
mp/w1005811766,19.5197472,51.7563020,1,0,0,0
mp/w1005811778,19.5308870,51.7566159,1,0,0,0
mp/w1015951902,19.5686788,51.7698051,1,0,0,0
mp/w1017114613,19.3691420,51.7977118,1,0,0,0
mp/w1019949953,19.5274900,51.7572326,1,0,0,0
mp/w1021500123,19.2183548,51.7498628,1,0,0,0
mp/w1022656878,19.4689589,51.7210527,1,0,0,0
mp/w1023226100,19.4818681,51.7150194,1,0,0,0
mp/w1028703688,19.3301997,51.6563313,1,0,0,0
mp/w1028705062,19.3299583,51.6593857,1,0,0,0
mp/w1028706243,19.3345593,51.6601430,1,0,0,0
mp/w1028865901,19.3703747,51.6603699,1,0,0,0
mp/w1028867587,19.3758243,51.6628873,1,0,0,0
mp/w1032982175,19.3645523,51.6617428,1,0,0,0
mp/w1032982176,19.3653729,51.6626407,1,0,0,0
mp/w1039297588,19.5117727,51.7679593,1,0,0,0
mp/w1040140838,19.4849556,51.7286712,1,0,0,0
mp/w1065091902,19.4901635,51.7611766,1,0,0,0
mp/w1067867891,19.4742901,51.7892073,1,0,0,0
mp/w1069910735,19.5036815,51.7656796,1,0,0,0
mp/w1076805023,19.5615752,51.7439769,1,0,0,0
mp/w1130932099,19.5872074,51.7934155,1,0,0,0
mp/w1146962394,19.5375684,51.7560171,1,0,0,0
mp/w1150896309,19.4980556,51.8154095,1,0,0,0
mp/w1151275638,19.4212606,51.8521971,1,0,0,0
mp/w1152372547,19.4172816,51.8529608,1,0,0,0
mp/w1152372557,19.4179066,51.8538992,1,0,0,0
mp/w1163898672,19.5032159,51.7356492,1,0,0,0
mp/w1165443700,19.4912458,51.7340333,1,0,0,0
mp/w1234038705,19.4686899,51.7461637,1,0,0,0
mp/w1240986983,19.4251218,51.8567612,1,0,0,0
mp/w1264493690,19.4223829,51.8509906,1,0,0,0
mp/w1266184382,19.4101910,51.8619261,1,0,0,0
pt/506145809,19.5410487,51.7555866,1,0,0,0
pt/729938954,19.4503023,51.7608897,1,0,0,0
pt/738461059,19.4770755,51.7023678,1,0,0,0
pt/766790950,19.4558735,51.7743369,1,0,0,0
pt/766798731,19.3927724,51.8766943,1,0,0,0
pt/803014185,19.3896924,51.8601182,1,0,0,0
pt/882547849,19.3798977,51.8640172,1,0,0,0
pt/1098231740,19.4011520,51.8633673,1,0,0,0
pt/1098250760,19.3828253,51.8600108,1,0,0,0
pt/1355537809,19.5568309,51.6762042,1,0,0,0
pt/1561703145,19.4254541,51.8638779,1,0,0,0
pt/1561704070,19.4164848,51.8469667,1,0,0,0
pt/1813613826,19.4822752,51.8350509,1,0,0,0
pt/1858904122,19.5761490,51.7395170,1,0,0,0
pt/1885231479,19.4582627,51.7617375,1,0,0,0
pt/1948683686,19.4256932,51.8536990,1,0,0,0
pt/2185272967,19.4015320,51.8633709,1,0,0,0
pt/2277986593,19.5006063,51.7305873,1,0,0,0
pt/2845740218,19.6719215,51.8068054,1,0,0,0
pt/4156199389,19.4101150,51.7215060,1,0,0,0
pt/4393654389,19.4490660,51.7914256,1,0,0,0
pt/4393654391,19.4363417,51.7874703,1,0,0,0
pt/4420373006,19.3902082,51.7415290,1,0,0,0
pt/4450182656,19.4730796,51.7781213,1,0,0,0
pt/5380749909,19.4682240,51.7300318,1,0,0,0
pt/5612604980,19.4514995,51.7372745,1,0,0,0
pt/6614988269,19.4482065,51.7327701,1,0,0,0
pt/9278688658,19.3895622,51.8601143,1,0,0,0
pt/9278784635,19.5411144,51.7557510,1,0,0,0
pt/9278784636,19.5409588,51.7554156,1,0,0,0
pt/10748874005,19.3771287,51.6624582,1,0,0,0
mp/w103533259,19.3911832,51.7930786,0,1,0,0
mp/w180379625,19.4427289,51.7792715,0,1,0,0
mp/w196292599,19.4171527,51.7044238,0,1,0,0
mp/w257335120,19.4414840,51.8225088,0,1,0,0
mp/w622059232,19.5101509,51.7926459,0,1,0,0
mp/w690686288,19.5348534,51.7571468,0,1,0,0
pt/1045963165,19.3986424,51.7479890,0,1,0,0
pt/935801508,19.4421559,51.8199906,0,1,0,0
pt/767570730,19.4720211,51.7171927,0,1,0,0
pt/767570721,19.4860482,51.7174255,0,1,0,0
pt/766807496,19.3911643,51.8627546,0,1,0,0
pt/766780590,19.4541918,51.7762721,0,1,0,0
pt/766771803,19.4275491,51.7109911,0,1,0,0
pt/766763731,19.4561793,51.7769923,0,1,0,0
pt/766742864,19.4481809,51.7763418,0,1,0,0
pt/766715151,19.4802190,51.7051803,0,1,0,0
pt/765067275,19.4392073,51.7999702,0,1,0,0
pt/765043991,19.4461738,51.8186976,0,1,0,0
pt/765036780,19.5686586,51.7410426,0,1,0,0
pt/748038827,19.4886626,51.7439247,0,1,0,0
pt/602752035,19.4749461,51.7316782,0,1,0,0
pt/602752034,19.4731830,51.7332174,0,1,0,0
pt/506151007,19.5712232,51.7491557,0,1,0,0
pt/506145810,19.5368181,51.7572646,0,1,0,0
pt/483557677,19.4831034,51.7732206,0,1,0,0
pt/483556065,19.4818436,51.7730819,0,1,0,0
pt/470856784,19.4403573,51.8239247,0,1,0,0
pt/464756601,19.3841441,51.7472988,0,1,0,0
pt/439206500,19.4475980,51.7696778,0,1,0,0
pt/432504794,19.4270931,51.7746287,0,1,0,0
pt/432504792,19.4256377,51.7764834,0,1,0,0
pt/432504791,19.4258121,51.7764476,0,1,0,0
pt/432504790,19.4234450,51.7741721,0,1,0,0
pt/4340719333,19.4870636,51.7328357,0,1,0,0
pt/4338977716,19.5695110,51.7392707,0,1,0,0
pt/4329060300,19.4920625,51.7109866,0,1,0,0
pt/4312033453,19.4540469,51.7655846,0,1,0,0
pt/4311864868,19.3924051,51.7846651,0,1,0,0
pt/4289336285,19.4574251,51.7653532,0,1,0,0
pt/4270779019,19.3302118,51.7469053,0,1,0,0
pt/4262812545,19.4475957,51.7599610,0,1,0,0
pt/4262793550,19.4458818,51.7691182,0,1,0,0
pt/4262611854,19.4457866,51.7695602,0,1,0,0
pt/4262432276,19.4528982,51.7744353,0,1,0,0
pt/4262382577,19.4406687,51.7717062,0,1,0,0
pt/4231033689,19.4846784,51.7812020,0,1,0,0
pt/4155599777,19.3763191,51.7962300,0,1,0,0
pt/4155592736,19.3762306,51.7960309,0,1,0,0
pt/4145058489,19.4657101,51.7859394,0,1,0,0
pt/4143243151,19.4301354,51.7227703,0,1,0,0
pt/4111137952,19.4799107,51.7361424,0,1,0,0
pt/4109453029,19.4384184,51.7985219,0,1,0,0
pt/4066688285,19.4796796,51.7348615,0,1,0,0
pt/3872842632,19.4287667,51.7874556,0,1,0,0
pt/3833923269,19.3939137,51.7385904,0,1,0,0
pt/3815522192,19.3994354,51.7522393,0,1,0,0
pt/3812339063,19.4960748,51.7195915,0,1,0,0
pt/3799118150,19.4011490,51.7481222,0,1,0,0
pt/3794283939,19.4001179,51.7448095,0,1,0,0
pt/3794267761,19.3977288,51.7440601,0,1,0,0
pt/3794111704,19.4745951,51.7785955,0,1,0,0
pt/3782110663,19.4563421,51.7684079,0,1,0,0
pt/3770752658,19.4722781,51.7346059,0,1,0,0
pt/3770233472,19.3998608,51.7443860,0,1,0,0
pt/3761709361,19.3845521,51.7372647,0,1,0,0
pt/3716102821,19.4394440,51.7507732,0,1,0,0
pt/3711632166,19.4743717,51.7427459,0,1,0,0
pt/3667344550,19.3991639,51.7454648,0,1,0,0
pt/3659124257,19.3945813,51.7952962,0,1,0,0
pt/3627187849,19.4500628,51.7831257,0,1,0,0
pt/3587446632,19.4490841,51.7335511,0,1,0,0
pt/3491596633,19.4128269,51.7471061,0,1,0,0
pt/3491596632,19.4118395,51.7461466,0,1,0,0
pt/3471408293,19.4744385,51.7322454,0,1,0,0
pt/3464306878,19.4134583,51.7493514,0,1,0,0
pt/3450958408,19.5678617,51.7409585,0,1,0,0
pt/3401484017,19.5266777,51.7817595,0,1,0,0
pt/3302501871,19.4581615,51.7825011,0,1,0,0
pt/3234531791,19.4954321,51.7374389,0,1,0,0
pt/3234531787,19.4957108,51.7383566,0,1,0,0
pt/3201527147,19.5009520,51.7453770,0,1,0,0
pt/3201527139,19.4940908,51.7475348,0,1,0,0
pt/3099369136,19.4628242,51.7430478,0,1,0,0
pt/3098275393,19.4572081,51.7708031,0,1,0,0
pt/3040093566,19.3558518,51.6618741,0,1,0,0
pt/2655474696,19.5734719,51.7532389,0,1,0,0
pt/2622505065,19.4998488,51.7352449,0,1,0,0
pt/2619798243,19.4430013,51.8199929,0,1,0,0
pt/2619378989,19.4310355,51.8222120,0,1,0,0
pt/2611773605,19.4546920,51.7881521,0,1,0,0
pt/2607459806,19.4743234,51.7313762,0,1,0,0
pt/2607459275,19.4724916,51.7772843,0,1,0,0
pt/2607413830,19.4188249,51.8186146,0,1,0,0
pt/2601385900,19.4576973,51.7748787,0,1,0,0
pt/2558647137,19.3909021,51.7446240,0,1,0,0
pt/2558588316,19.3921356,51.7405029,0,1,0,0
pt/2534909296,19.2453768,51.6348750,0,1,0,0
pt/9590934533,19.4166505,51.8554629,0,1,0,0
pt/9590934532,19.4698897,51.8733604,0,1,0,0
pt/9590934531,19.3160637,51.8161805,0,1,0,0
pt/9590934529,19.4156675,51.8549287,0,1,0,0
pt/9590934528,19.3102433,51.8182000,0,1,0,0
pt/9590934523,19.3071641,51.8155388,0,1,0,0
pt/9590934522,19.4250251,51.8532069,0,1,0,0
pt/9590934521,19.3033513,51.8234640,0,1,0,0
pt/9590924409,19.3163882,51.8127406,0,1,0,0
pt/9590914531,19.3048125,51.8216963,0,1,0,0
pt/9590894108,19.3807720,51.8619872,0,1,0,0
pt/9590894106,19.4155133,51.8444531,0,1,0,0
pt/9590894104,19.3935902,51.8611482,0,1,0,0
pt/9590894103,19.4048924,51.8558349,0,1,0,0
pt/9590894102,19.3094094,51.8183466,0,1,0,0
pt/9590894100,19.4128069,51.8574600,0,1,0,0
pt/9590836796,19.3787429,51.8608341,0,1,0,0
pt/9590836794,19.4221759,51.8540034,0,1,0,0
pt/9590836793,19.3058954,51.8188326,0,1,0,0
pt/9590836790,19.4163944,51.8616207,0,1,0,0
pt/9590836788,19.3938424,51.8605867,0,1,0,0
pt/9590791523,19.3026010,51.8218202,0,1,0,0
pt/9590791522,19.4073637,51.8552807,0,1,0,0
pt/9590791521,19.3173719,51.7897425,0,1,0,0
pt/9590791520,19.4157218,51.8618804,0,1,0,0
pt/9590791519,19.3968652,51.8625487,0,1,0,0
pt/9590791518,19.4242761,51.8643037,0,1,0,0
pt/9590791517,19.3055373,51.8220747,0,1,0,0
pt/9590781116,19.3200561,51.7898048,0,1,0,0
pt/9581795857,19.3549557,51.6600889,0,1,0,0
pt/9581789501,19.3269816,51.6596421,0,1,0,0
pt/9581774874,19.3245990,51.7509108,0,1,0,0
pt/9581774704,19.4039201,51.6826682,0,1,0,0
pt/9581774687,19.3741053,51.6599716,0,1,0,0
pt/9581774598,19.3291175,51.6571436,0,1,0,0
pt/9581773676,19.3654545,51.6640532,0,1,0,0
pt/9581773071,19.3215200,51.7506008,0,1,0,0
pt/9581773070,19.3829140,51.6553960,0,1,0,0
pt/9581771527,19.3439117,51.6640357,0,1,0,0
pt/9581763534,19.3761978,51.6598975,0,1,0,0
pt/9581762691,19.3515982,51.6699868,0,1,0,0
pt/9581755504,19.3367938,51.6602161,0,1,0,0
pt/9581746759,19.3812293,51.6531551,0,1,0,0
pt/9581745368,19.3216011,51.7514532,0,1,0,0
pt/9581744570,19.3316513,51.6559648,0,1,0,0
pt/9581727858,19.4034447,51.6823448,0,1,0,0
pt/9581725244,19.3301138,51.6613467,0,1,0,0
pt/9581713117,19.3416333,51.6587609,0,1,0,0
pt/9581708549,19.3520777,51.6641780,0,1,0,0
pt/9581704378,19.3645848,51.6637558,0,1,0,0
pt/9581698452,19.3230641,51.7494380,0,1,0,0
pt/9581671411,19.3213275,51.6621046,0,1,0,0
pt/9581665961,19.3561614,51.6624373,0,1,0,0
pt/9581655492,19.3738250,51.6545575,0,1,0,0
pt/9581650708,19.3725121,51.6498975,0,1,0,0
pt/9581645283,19.3607318,51.6472438,0,1,0,0
pt/9579357640,19.4642184,51.7714417,0,1,0,0
pt/9579354844,19.4795272,51.7185622,0,1,0,0
pt/9579348405,19.4696782,51.7282443,0,1,0,0
pt/9579346407,19.3793649,51.7387169,0,1,0,0
pt/9579346406,19.4163298,51.7867853,0,1,0,0
pt/9579346405,19.4818493,51.7177888,0,1,0,0
pt/9579339579,19.4754915,51.7988894,0,1,0,0
pt/9579335956,19.3944285,51.7470831,0,1,0,0
pt/12100102476,19.4620847,51.7602156,0,1,0,0
pt/11349495271,19.4911680,51.7791807,0,1,0,0
pt/11081882122,19.4682644,51.7305898,0,1,0,0
pt/11074278591,19.4041119,51.7941828,0,1,0,0
pt/10591290253,19.4140298,51.7925296,0,1,0,0
pt/10589914147,19.3026550,51.8227445,0,1,0,0
pt/10282659607,19.4765603,51.6910326,0,1,0,0
pt/10282659602,19.4453970,51.7873793,0,1,0,0
pt/10282659601,19.4864074,51.7198324,0,1,0,0
pt/10282659600,19.4690167,51.7987096,0,1,0,0
pt/10282659599,19.4556836,51.7915046,0,1,0,0
pt/10282659598,19.5050491,51.7748872,0,1,0,0
pt/10282659597,19.3833650,51.7978439,0,1,0,0
pt/10282659596,19.4745717,51.7804589,0,1,0,0
pt/10282659595,19.3477787,51.6644404,0,1,0,0
pt/10282080260,19.5881427,51.7932280,0,1,0,0
pt/10281889131,19.4519460,51.7868078,0,1,0,0
pt/10281889124,19.4320063,51.8208402,0,1,0,0
pt/10281889121,19.4795745,51.7868822,0,1,0,0
pt/10281889109,19.4832014,51.7493385,0,1,0,0
pt/10281831007,19.3863625,51.7788707,0,1,0,0
pt/9879640821,19.4618751,51.7767309,0,1,0,0
pt/9590934542,19.3863443,51.8589310,0,1,0,0
pt/9590934538,19.3863228,51.8581847,0,1,0,0
pt/9590934534,19.4074425,51.8559425,0,1,0,0
pt/9579123564,19.4947512,51.7360254,0,1,0,0
pt/9579122203,19.4979328,51.7321309,0,1,0,0
pt/9579092164,19.4406081,51.7231435,0,1,0,0
pt/9579085988,19.5245770,51.7605331,0,1,0,0
pt/9579083031,19.4743620,51.7808619,0,1,0,0
pt/9579079157,19.4640807,51.7892957,0,1,0,0
pt/9579077437,19.4826096,51.7903882,0,1,0,0
pt/9579075833,19.3986061,51.7446370,0,1,0,0
pt/9579067429,19.4945478,51.7302296,0,1,0,0
pt/9579067313,19.4898332,51.7791140,0,1,0,0
pt/9579067219,19.3724215,51.7987149,0,1,0,0
pt/9579037576,19.4191251,51.7541219,0,1,0,0
pt/9558988894,19.4942691,51.6607289,0,1,0,0
pt/9558988893,19.4871912,51.6510185,0,1,0,0
pt/9558988892,19.4921321,51.6625441,0,1,0,0
pt/9558988890,19.6388025,51.7251390,0,1,0,0
pt/9558988888,19.6376009,51.7284595,0,1,0,0
pt/9558988881,19.6867931,51.6649423,0,1,0,0
pt/9558988876,19.6334565,51.7280726,0,1,0,0
pt/9558988875,19.6382115,51.7259987,0,1,0,0
pt/9485651813,19.4412830,51.6979963,0,1,0,0
pt/9472315341,19.4342192,51.8174279,0,1,0,0
pt/9167049150,19.4478119,51.7620029,0,1,0,0
pt/9035612141,19.3879422,51.7779821,0,1,0,0
pt/8755456898,19.4766984,51.7212071,0,1,0,0
pt/8635439161,19.3855020,51.7938646,0,1,0,0
pt/8575833534,19.6710855,51.7297333,0,1,0,0
pt/8565654162,19.4589850,51.7561933,0,1,0,0
pt/8170132830,19.6480056,51.6637916,0,1,0,0
pt/8041893870,19.3474320,51.6604025,0,1,0,0
pt/7798203314,19.3445226,51.6630165,0,1,0,0
pt/7700332797,19.4552331,51.7650271,0,1,0,0
pt/7695620050,19.4518803,51.7684328,0,1,0,0
pt/7271536585,19.3798727,51.6526820,0,1,0,0
pt/7241727742,19.4218873,51.8159354,0,1,0,0
pt/7129647861,19.4822018,51.7504995,0,1,0,0
pt/7098457409,19.5903151,51.7932278,0,1,0,0
pt/7072302285,19.4313292,51.8188212,0,1,0,0
pt/6569410207,19.4413927,51.7638546,0,1,0,0
pt/6385804934,19.4553179,51.7724119,0,1,0,0
pt/6219254388,19.4642779,51.7542812,0,1,0,0
pt/6184099971,19.3906460,51.7445511,0,1,0,0
pt/5752716241,19.4570388,51.7587016,0,1,0,0
pt/5743600939,19.4554433,51.7725836,0,1,0,0
pt/5743599018,19.4544677,51.7785603,0,1,0,0
pt/5687433023,19.4438250,51.7879289,0,1,0,0
pt/5573912627,19.4700352,51.7361699,0,1,0,0
pt/5556572717,19.4626420,51.7415842,0,1,0,0
pt/5348491921,19.3394177,51.6563253,0,1,0,0
pt/5287594364,19.4600742,51.7599718,0,1,0,0
pt/5220528731,19.4695894,51.7527082,0,1,0,0
pt/4978902839,19.6124754,51.7404683,0,1,0,0
pt/4592979591,19.3467521,51.6585801,0,1,0,0
pt/4554393493,19.5244848,51.7914391,0,1,0,0
pt/4514125459,19.4125939,51.7479600,0,1,0,0
pt/4505594996,19.4392296,51.7884213,0,1,0,0
pt/4503100515,19.4305617,51.7903570,0,1,0,0
pt/4458998741,19.4847488,51.7558779,0,1,0,0
pt/4447998966,19.4707261,51.7717845,0,1,0,0
pt/4432902076,19.4602473,51.7868692,0,1,0,0
pt/4393599289,19.4551784,51.7988324,0,1,0,0
pt/4363479317,19.4182899,51.7520328,0,1,0,0
pt/4360195806,19.4775084,51.7768944,0,1,0,0
pt/4349462943,19.4927687,51.7329065,0,1,0,0
pt/9579331430,19.5522568,51.7592747,0,1,0,0
pt/9579331418,19.4526252,51.7849961,0,1,0,0
pt/9579328723,19.4955287,51.7475381,0,1,0,0
pt/9579314505,19.4717487,51.7444679,0,1,0,0
pt/9579313307,19.4646051,51.7595146,0,1,0,0
pt/9579287547,19.4176477,51.7873561,0,1,0,0
pt/9579276519,19.4758345,51.7152507,0,1,0,0
pt/9579276517,19.4840982,51.7920567,0,1,0,0
pt/9579270286,19.3921160,51.7975580,0,1,0,0
pt/9579264701,19.4248836,51.7375112,0,1,0,0
pt/9579263400,19.4721862,51.7426707,0,1,0,0
pt/9579262874,19.4035358,51.7936869,0,1,0,0
pt/9579259716,19.4940819,51.7645906,0,1,0,0
pt/9579258782,19.4910019,51.7389449,0,1,0,0
pt/9579257980,19.4293792,51.7114888,0,1,0,0
pt/9579256185,19.4960261,51.7463967,0,1,0,0
pt/9579251441,19.5361401,51.7563574,0,1,0,0
pt/9579248396,19.5336278,51.7570816,0,1,0,0
pt/9579248356,19.4883212,51.7373656,0,1,0,0
pt/9579244993,19.5010021,51.7379859,0,1,0,0
pt/9579244073,19.4857865,51.7201264,0,1,0,0
pt/9579240576,19.5536999,51.7130373,0,1,0,0
pt/9579240237,19.5229039,51.7968653,0,1,0,0
pt/9579236890,19.4941541,51.7366264,0,1,0,0
pt/9579232175,19.3854911,51.7431221,0,1,0,0
pt/9579231589,19.4239759,51.7500757,0,1,0,0
pt/9579229185,19.4716336,51.7335988,0,1,0,0
pt/9579224339,19.3863756,51.7433357,0,1,0,0
pt/9579223468,19.4311436,51.7863897,0,1,0,0
pt/9579211329,19.3816992,51.7941920,0,1,0,0
pt/9579201680,19.5321778,51.7558145,0,1,0,0
pt/9579201519,19.4353575,51.8243171,0,1,0,0
pt/9579199658,19.5217084,51.7564474,0,1,0,0
pt/9579194077,19.4563631,51.7289125,0,1,0,0
pt/9579194070,19.5352929,51.7583757,0,1,0,0
pt/9579193713,19.4701744,51.7783652,0,1,0,0
pt/9579191528,19.4234513,51.7486093,0,1,0,0
pt/9579191396,19.5487039,51.7562254,0,1,0,0
pt/9579191395,19.4617264,51.7314931,0,1,0,0
pt/9579191158,19.4855704,51.7473345,0,1,0,0
pt/9579186046,19.3798090,51.8042204,0,1,0,0
pt/9579182907,19.4997602,51.7334662,0,1,0,0
pt/9579180080,19.4405690,51.7701211,0,1,0,0
pt/9579177903,19.4135447,51.7924700,0,1,0,0
pt/9579177891,19.3957880,51.7483434,0,1,0,0
pt/9579174539,19.4093362,51.7510482,0,1,0,0
pt/9579173184,19.4043354,51.7942681,0,1,0,0
pt/9579173100,19.3761185,51.7972242,0,1,0,0
pt/9579172457,19.3946534,51.7968493,0,1,0,0
pt/9579171602,19.4440586,51.7604900,0,1,0,0
pt/9579171531,19.4530324,51.7649349,0,1,0,0
pt/9579170632,19.4283966,51.7805809,0,1,0,0
pt/9579164297,19.4826545,51.7074495,0,1,0,0
pt/9579161939,19.4790063,51.7905659,0,1,0,0
pt/9579159713,19.5006080,51.7321532,0,1,0,0
pt/9579155991,19.4973222,51.7315894,0,1,0,0
pt/9579155952,19.3780774,51.8042950,0,1,0,0
pt/9579152367,19.4523645,51.7856896,0,1,0,0
pt/9579145746,19.3862729,51.7455694,0,1,0,0
pt/9579142116,19.4416223,51.7969119,0,1,0,0
pt/9579137895,19.4557715,51.7824317,0,1,0,0
pt/9579137879,19.4454794,51.7963352,0,1,0,0
pt/9579127858,19.5386546,51.7582726,0,1,0,0
pt/9579126103,19.4588354,51.7560228,0,1,0,0
pt/2518789433,19.3905870,51.8592804,0,1,0,0
pt/2510166239,19.5438418,51.7569907,0,1,0,0
pt/2388578593,19.4542824,51.7906046,0,1,0,0
pt/2387571380,19.4276937,51.7765868,0,1,0,0
pt/2283163978,19.4763294,51.7381314,0,1,0,0
pt/2277980946,19.4730629,51.7303721,0,1,0,0
pt/2249913128,19.3300099,51.6522511,0,1,0,0
pt/2210241437,19.5365390,51.7574338,0,1,0,0
pt/2013554403,19.5267669,51.7601339,0,1,0,0
pt/1892235441,19.4481772,51.7844729,0,1,0,0
pt/1891350422,19.3746055,51.7948972,0,1,0,0
pt/1866785966,19.4092564,51.7754987,0,1,0,0
pt/1854479072,19.5303090,51.7765330,0,1,0,0
pt/1836706946,19.5076969,51.7637814,0,1,0,0
pt/1833297251,19.4801829,51.7643144,0,1,0,0
pt/1812888325,19.4252589,51.7516047,0,1,0,0
pt/1812858587,19.4224390,51.7495705,0,1,0,0
pt/1810234697,19.4473872,51.7328617,0,1,0,0
pt/1810217718,19.4489205,51.7324923,0,1,0,0
pt/1805179671,19.4444539,51.7367249,0,1,0,0
pt/1805124819,19.4580795,51.7396494,0,1,0,0
pt/1794967892,19.4492766,51.7278189,0,1,0,0
pt/1770626812,19.3184223,51.8113866,0,1,0,0
pt/1745628446,19.4644689,51.7883912,0,1,0,0
pt/1717926829,19.4216816,51.8009838,0,1,0,0
pt/1667203221,19.4350060,51.7882923,0,1,0,0
pt/1643154715,19.4581862,51.7292000,0,1,0,0
pt/1642868037,19.4548708,51.7277237,0,1,0,0
pt/1524711757,19.4042858,51.7405148,0,1,0,0
pt/1305720703,19.4305602,51.7874562,0,1,0,0
pt/1234960182,19.4518208,51.7937542,0,1,0,0
pt/1205571106,19.4560543,51.7713999,0,1,0,0
pt/1187744356,19.4597122,51.7528388,0,1,0,0
pt/1187744320,19.4556810,51.7524990,0,1,0,0
pt/1179398558,19.4772472,51.7906000,0,1,0,0
pt/1152777921,19.4395257,51.7962128,0,1,0,0
mp/1490649,19.3989735,51.7443017,0,0,0,1
mp/2638288,19.4139189,51.7036032,0,0,0,1
mp/w34203229,19.5095196,51.7937042,0,0,0,1
mp/w39339883,19.4045887,51.7404410,0,0,0,1
mp/w39348339,19.4197376,51.7527444,0,0,0,1
mp/w39524935,19.4648688,51.7590243,0,0,0,1
mp/w61409127,19.4918476,51.7105450,0,0,0,1
mp/w100320779,19.4053887,51.7406726,0,0,0,1
mp/w100328259,19.3979263,51.7442077,0,0,0,1
mp/w100328265,19.3981627,51.7438831,0,0,0,1
mp/w103258620,19.4649641,51.7394407,0,0,0,1
mp/w103285740,19.4605091,51.7589633,0,0,0,1
mp/w103663504,19.4842471,51.7815221,0,0,0,1
mp/w104708074,19.4161515,51.7904141,0,0,0,1
mp/w104767209,19.4565999,51.7656479,0,0,0,1
mp/w106191082,19.3988087,51.7447136,0,0,0,1
mp/w106338758,19.3994451,51.7439799,0,0,0,1
mp/w106954769,19.3501769,51.6652056,0,0,0,1
mp/w108564347,19.4960603,51.6489128,0,0,0,1
mp/w108565281,19.4916494,51.6475790,0,0,0,1
mp/w108565286,19.4899885,51.6498094,0,0,0,1
mp/w121670191,19.4162733,51.8437836,0,0,0,1
mp/w129149297,19.3228612,51.7496192,0,0,0,1
mp/w140605022,19.4925252,51.6460205,0,0,0,1
mp/w142011332,19.3184630,51.8111194,0,0,0,1
mp/w152072204,19.5367013,51.7568237,0,0,0,1
mp/w152072207,19.5376097,51.7567300,0,0,0,1
mp/w152447536,19.4492550,51.7344453,0,0,0,1
mp/w154938493,19.3971194,51.7465709,0,0,0,1
mp/w173348997,19.4406547,51.7498916,0,0,0,1
mp/w173485216,19.4953681,51.7652756,0,0,0,1
mp/w174638513,19.4437714,51.7790891,0,0,0,1
mp/w192198094,19.3844684,51.7371809,0,0,0,1
mp/w229768685,19.3988775,51.8550410,0,0,0,1
mp/w236667724,19.4879692,51.6464564,0,0,0,1
mp/w243634385,19.5485656,51.7558499,0,0,0,1
mp/w285894949,19.3592186,51.7956060,0,0,0,1
mp/w319475663,19.4346586,51.8178538,0,0,0,1
mp/w344745890,19.4894771,51.6459341,0,0,0,1
mp/w376430558,19.3978751,51.8624996,0,0,0,1
mp/w438634255,19.4183031,51.7521674,0,0,0,1
mp/w439650453,19.4484878,51.7497834,0,0,0,1
mp/w624275676,19.3332873,51.6636402,0,0,0,1
mp/w650283336,19.3485394,51.6649793,0,0,0,1
mp/w739683299,19.3572159,51.6616487,0,0,0,1
mp/w739683300,19.3569768,51.6607018,0,0,0,1
mp/w859262021,19.4128294,51.7480937,0,0,0,1
mp/w881292599,19.6867928,51.6650017,0,0,0,1
mp/w938012849,19.4155378,51.8445054,0,0,0,1
mp/w964943161,19.6368119,51.7258829,0,0,0,1
mp/w1022661915,19.4814344,51.7248882,0,0,0,1
mp/w1022661918,19.4819913,51.7245923,0,0,0,1
mp/w1040340316,19.3985867,51.7446519,0,0,0,1
mp/w1246922050,19.4926302,51.6497359,0,0,0,1
mp/w1246922051,19.4919279,51.6470937,0,0,0,1
mp/w1246922052,19.4911449,51.6479722,0,0,0,1
mp/w1246922053,19.4911156,51.6483644,0,0,0,1
pt/582905945,19.4595000,51.7590880,0,0,0,1
node/766782678,19.4542642,51.7758704,0,0,1,0
node/766790951,19.4570966,51.7744631,0,0,1,0
node/1865626236,19.4495583,51.7491574,0,0,1,0
way/100815172,19.4553984,51.7473138,0,0,1,0
way/103526314,19.4871735,51.7757450,0,0,1,0
way/103526315,19.4873568,51.7741967,0,0,1,0
way/103646901,19.4737208,51.7707205,0,0,1,0
way/103647577,19.4743164,51.7729675,0,0,1,0
way/103647580,19.4746460,51.7725429,0,0,1,0
way/103651286,19.4832885,51.7778716,0,0,1,0
way/104290998,19.4540269,51.7698593,0,0,1,0
way/143694392,19.4814169,51.7735107,0,0,1,0
way/159859528,19.4559914,51.7473564,0,0,1,0
way/174858702,19.4533660,51.7464090,0,0,1,0
way/174858708,19.4530820,51.7485781,0,0,1,0
way/175909119,19.4522337,51.7536888,0,0,1,0
way/176000192,19.4492933,51.7455552,0,0,1,0
way/176000205,19.4495432,51.7468216,0,0,1,0
way/237600484,19.4519237,51.7454094,0,0,1,0
way/284457369,19.4945336,51.7760445,0,0,1,0
way/299732166,19.4889858,51.7802767,0,0,1,0
way/305309140,19.4615761,51.7494370,0,0,1,0
way/329869166,19.4433114,51.7932985,0,0,1,0
way/370532020,19.4530357,51.7477018,0,0,1,0
way/437251360,19.4721576,51.7716248,0,0,1,0
way/437251361,19.4738554,51.7713328,0,0,1,0
way/443199477,19.4686717,51.7723190,0,0,1,0
way/443201680,19.4644861,51.7749853,0,0,1,0
way/443794142,19.4744745,51.7755289,0,0,1,0
way/444607148,19.4366839,51.7713574,0,0,1,0
way/451472785,19.4944324,51.7765099,0,0,1,0
way/451472787,19.4919685,51.7754728,0,0,1,0
way/451515326,19.4900796,51.7747233,0,0,1,0
way/451515327,19.4873756,51.7741668,0,0,1,0
way/451515329,19.4874613,51.7757855,0,0,1,0
way/451515332,19.4868567,51.7767766,0,0,1,0
way/451515336,19.4891246,51.7768114,0,0,1,0
way/451515339,19.4830850,51.7781126,0,0,1,0
way/451515340,19.4850399,51.7779132,0,0,1,0
way/451515347,19.4828812,51.7754408,0,0,1,0
way/451515348,19.4837489,51.7753737,0,0,1,0
way/542224473,19.4741784,51.7715542,0,0,1,0
way/658408658,19.4543851,51.7698870,0,0,1,0
way/875551700,19.4496305,51.7545274,0,0,1,0
way/963935965,19.4585665,51.7467550,0,0,1,0
way/996256659,19.4537310,51.7468697,0,0,1,0
way/1131157968,19.4731270,51.7738589,0,0,1,0
