id,lon,lat,pop,srv_school,srv_pharmacy,srv_university,srv_mall
0,19.3178019,51.8088649,6.94,0,0,0,0
1,19.3240683,51.8065993,1435.38,0,0,0,0
2,19.3240361,51.8021024,23.23,0,0,0,0
3,19.3303670,51.8088303,25.3,0,0,0,0
4,19.3303341,51.8043334,93.57,0,0,0,0
5,19.3303013,51.7998365,54.52,0,0,0,0
6,19.3302684,51.7953396,20.11,0,0,0,0
7,19.3367333,51.8200547,16.61,0,0,0,0
8,19.3366998,51.8155578,7.33,0,0,0,0
9,19.3366663,51.8110609,38.07,0,0,0,0
10,19.3366328,51.8065640,93.06,0,0,0,0
11,19.3365993,51.8020671,89.87,0,0,0,0
12,19.3365658,51.7975702,69.55,0,0,0,0
13,19.3364654,51.7840795,16.14,0,0,0,0
14,19.3364320,51.7795825,12.77,0,0,0,0
15,19.3363651,51.7705887,10.17,0,0,0,0
16,19.3363317,51.7660918,5.31,0,0,0,0
17,19.3361313,51.7391101,1.72,0,0,0,0
18,19.3360980,51.7346132,0.03,0,0,0,0
19,19.3360646,51.7301162,3.64,0,0,0,0
20,19.3360313,51.7256192,1.18,0,0,0,0
21,19.3431028,51.8312787,2.27,0,0,0,0
22,19.3430687,51.8267819,8.76,0,0,0,0
23,19.3430345,51.8222850,10.75,0,0,0,0
24,19.3430004,51.8177881,57.43,0,0,0,0
25,19.3429662,51.8132912,55.87,0,0,0,0
26,19.3429321,51.8087943,144.72,0,0,0,0
27,19.3428980,51.8042974,150.46,0,0,0,0
28,19.3428639,51.7998005,83.58,0,0,0,0
29,19.3427616,51.7863098,8.04,0,0,0,0
30,19.3427275,51.7818129,60.38,0,0,0,0
31,19.3426934,51.7773160,40.36,0,0,0,0
32,19.3426594,51.7728190,60.64,0,0,0,0
33,19.3426253,51.7683221,84.83,0,0,0,0
34,19.3425913,51.7638252,1.18,0,0,0,0
35,19.3424212,51.7413405,8.22,0,0,0,0
36,19.3423872,51.7368435,29.74,0,0,0,0
37,19.3423532,51.7323466,9.68,0,0,0,0
38,19.3423193,51.7278496,5.02,0,0,0,0
39,19.3422853,51.7233527,5.46,0,0,0,0
40,19.3422513,51.7188557,6.8,0,0,0,0
41,19.3494407,51.8380055,4.02,0,0,0,0
42,19.3494059,51.8335087,2.83,0,0,0,0
43,19.3493711,51.8290118,17.29,0,0,0,0
44,19.3493363,51.8245149,21.53,0,0,0,0
45,19.3493015,51.8200180,43.16,0,0,0,0
46,19.3492668,51.8155211,58.64,0,0,0,0
47,19.3492320,51.8110243,128.41,0,0,0,0
48,19.3491973,51.8065274,171.88,0,0,0,0
49,19.3491625,51.8020305,157.24,0,0,0,0
50,19.3491278,51.7975336,129.37,0,0,0,0
51,19.3490931,51.7930367,0.59,0,0,0,0
52,19.3490583,51.7885398,7.52,0,0,0,0
53,19.3490236,51.7840429,60.13,0,0,0,0
54,19.3489889,51.7795459,60.6,0,0,0,0
55,19.3489543,51.7750490,76.82,0,0,0,0
56,19.3489196,51.7705521,87.26,0,0,0,0
57,19.3488849,51.7660552,64.82,0,0,0,0
58,19.3488502,51.7615583,0.0,0,0,0,0
59,19.3486771,51.7390736,37.38,0,0,0,0
60,19.3486425,51.7345766,23.77,0,0,0,0
61,19.3486079,51.7300797,11.21,0,0,0,0
62,19.3485733,51.7255827,48.92,0,0,0,0
63,19.3485387,51.7210858,21.69,0,0,0,0
64,19.3485041,51.7165888,16.22,0,0,0,0
65,19.3484696,51.7120918,8.02,0,0,0,0
66,19.3484350,51.7075949,0.56,0,0,0,0
67,19.3557096,51.8357383,10.56,0,0,0,0
68,19.3556742,51.8312414,19.1,0,0,0,0
69,19.3556387,51.8267445,19.54,0,0,0,0
70,19.3556033,51.8222476,19.89,0,0,0,0
71,19.3555679,51.8177508,55.27,0,0,0,0
72,19.3555325,51.8132539,114.54,0,0,0,0
73,19.3554972,51.8087570,52.85,0,0,0,0
74,19.3554618,51.8042601,176.34,0,0,0,0
75,19.3554264,51.7997632,159.29,0,0,0,0
76,19.3553911,51.7952663,127.55,0,0,0,0
77,19.3553557,51.7907694,91.44,0,0,0,0
78,19.3553204,51.7862725,146.42,0,0,0,0
79,19.3552851,51.7817756,69.9,0,0,0,0
80,19.3552498,51.7772787,74.76,0,0,0,0
81,19.3552144,51.7727818,66.82,0,0,0,0
82,19.3551791,51.7682848,34.19,0,0,0,0
83,19.3551439,51.7637879,25.37,0,0,0,0
84,19.3551086,51.7592910,12.94,0,0,0,0
85,19.3549675,51.7413033,22.84,0,0,0,0
86,19.3549323,51.7368063,20.03,0,0,0,0
87,19.3548971,51.7323094,11.18,0,0,0,0
88,19.3548619,51.7278124,52.75,0,0,0,0
89,19.3548267,51.7233155,48.89,0,0,0,0
90,19.3547915,51.7188185,16.9,0,0,0,0
91,19.3547563,51.7143216,16.61,0,0,0,0
92,19.3547211,51.7098246,16.61,0,0,0,0
93,19.3546859,51.7053276,12.55,0,0,0,0
94,19.3546508,51.7008306,1.24,0,0,0,0
95,19.3620139,51.8379675,0.49,0,0,0,0
96,19.3619778,51.8334707,17.78,0,0,0,0
97,19.3619418,51.8289738,18.07,0,0,0,0
98,19.3619058,51.8244769,18.07,0,0,0,0
99,19.3618697,51.8199800,27.23,0,0,0,0
100,19.3618337,51.8154832,119.12,0,0,0,0
101,19.3617977,51.8109863,440.42,0,0,0,0
102,19.3617617,51.8064894,424.39,0,0,0,0
103,19.3617257,51.8019925,187.21,0,0,0,0
104,19.3616897,51.7974956,400.65,0,0,0,0
105,19.3616537,51.7929987,485.58,0,0,0,0
106,19.3616178,51.7885018,284.56,0,0,0,0
107,19.3615818,51.7840049,258.35,0,0,0,0
108,19.3615459,51.7795080,96.86,0,0,0,0
109,19.3615099,51.7750111,70.17,0,0,0,0
110,19.3614740,51.7705142,33.5,0,0,0,0
111,19.3614381,51.7660173,28.9,0,0,0,0
112,19.3614022,51.7615203,28.87,0,0,0,0
113,19.3613663,51.7570234,5.62,0,0,0,0
114,19.3612586,51.7435326,2.83,0,0,0,0
115,19.3612228,51.7390357,29.11,0,0,0,0
116,19.3611869,51.7345387,16.12,0,0,0,0
117,19.3611511,51.7300418,49.35,0,0,0,0
118,19.3611153,51.7255448,58.17,0,0,0,0
119,19.3610794,51.7210479,34.16,0,0,0,0
120,19.3610436,51.7165509,16.42,0,0,0,0
121,19.3610078,51.7120540,16.61,0,0,0,0
122,19.3609720,51.7075570,16.61,0,0,0,0
123,19.3609362,51.7030600,15.3,0,0,0,0
124,19.3609004,51.6985631,5.43,0,0,0,0
125,19.3682821,51.8356996,13.98,0,0,0,0
126,19.3682455,51.8312027,18.07,0,0,0,0
127,19.3682088,51.8267058,18.07,0,0,0,0
128,19.3681721,51.8222090,18.07,0,0,0,0
129,19.3681355,51.8177121,40.22,0,0,0,0
130,19.3680988,51.8132152,171.15,0,0,0,0
131,19.3680622,51.8087183,188.9,0,0,0,0
132,19.3680256,51.8042215,94.17,0,0,0,0
133,19.3679890,51.7997246,1410.79,0,0,0,0
134,19.3679524,51.7952277,1220.83,0,0,0,0
135,19.3679158,51.7907308,520.19,0,0,0,0
136,19.3678792,51.7862339,328.46,0,0,0,0
137,19.3678426,51.7817370,218.2,0,0,0,0
138,19.3678060,51.7772401,94.9,0,0,0,0
139,19.3677695,51.7727432,62.62,0,0,0,0
140,19.3677329,51.7682462,45.24,0,0,0,0
141,19.3676964,51.7637493,41.58,0,0,0,0
142,19.3676599,51.7592524,36.57,0,0,0,0
143,19.3676234,51.7547555,0.36,0,0,0,0
144,19.3675869,51.7502586,3.25,0,0,0,0
145,19.3675504,51.7457616,4.05,0,0,0,0
146,19.3675139,51.7412647,16.01,0,0,0,0
147,19.3674774,51.7367678,74.89,0,0,0,0
148,19.3674409,51.7322708,57.02,0,0,0,0
149,19.3674045,51.7277739,45.52,0,0,0,0
150,19.3673680,51.7232769,45.24,0,0,0,0
151,19.3673316,51.7187800,16.1,0,0,0,0
152,19.3672951,51.7142830,16.18,0,0,0,0
153,19.3672587,51.7097861,16.48,0,0,0,0
154,19.3672223,51.7052891,16.6,0,0,0,0
155,19.3671859,51.7007921,16.6,0,0,0,0
156,19.3671495,51.6962952,1.27,0,0,0,0
157,19.3745871,51.8379282,4.06,0,0,0,0
158,19.3745497,51.8334313,18.07,0,0,0,0
159,19.3745124,51.8289344,18.07,0,0,0,0
160,19.3744752,51.8244376,18.07,0,0,0,0
161,19.3744379,51.8199407,24.65,0,0,0,0
162,19.3744006,51.8154438,51.35,0,0,0,0
163,19.3743633,51.8109469,53.58,0,0,0,0
164,19.3743261,51.8064501,17.53,0,0,0,0
165,19.3742888,51.8019532,857.2,0,0,0,0
166,19.3742516,51.7974563,3398.76,0,0,0,0
167,19.3742144,51.7929594,2710.99,0,0,0,0
168,19.3741772,51.7884625,220.77,0,0,0,0
169,19.3741400,51.7839656,397.29,0,0,0,0
170,19.3741028,51.7794687,230.03,0,0,0,0
171,19.3740656,51.7749718,107.52,0,0,0,0
172,19.3740284,51.7704749,52.85,0,0,0,0
173,19.3739913,51.7659780,47.11,0,0,0,0
174,19.3739541,51.7614811,44.87,0,0,0,0
175,19.3739170,51.7569842,34.04,0,0,0,0
176,19.3738798,51.7524872,30.16,0,0,0,0
177,19.3738427,51.7479903,41.68,0,0,0,0
178,19.3738056,51.7434934,518.41,0,0,0,0
179,19.3737685,51.7389965,634.53,0,0,0,0
180,19.3737314,51.7344995,191.8,0,0,0,0
181,19.3736943,51.7300026,51.77,0,0,0,0
182,19.3736572,51.7255056,27.98,0,0,0,0
183,19.3736201,51.7210087,32.58,0,0,0,0
184,19.3735831,51.7165117,16.1,0,0,0,0
185,19.3735460,51.7120148,16.1,0,0,0,0
186,19.3735090,51.7075178,16.15,0,0,0,0
187,19.3734720,51.7030209,16.15,0,0,0,0
188,19.3734349,51.6985239,13.19,0,0,0,0
189,19.3808547,51.8356595,14.12,0,0,0,0
190,19.3808167,51.8311627,15.97,0,0,0,0
191,19.3807788,51.8266658,13.49,0,0,0,0
192,19.3807409,51.8221690,16.99,0,0,0,0
193,19.3807030,51.8176721,32.83,0,0,0,0
194,19.3806651,51.8131752,24.89,0,0,0,0
195,19.3806272,51.8086783,14.4,0,0,0,0
196,19.3805893,51.8041815,9.08,0,0,0,0
197,19.3805515,51.7996846,1658.92,0,0,0,0
198,19.3805136,51.7951877,3230.29,0,0,0,0
199,19.3804758,51.7906908,439.4,0,0,0,0
200,19.3804379,51.7861939,247.99,0,0,0,0
201,19.3804001,51.7816970,529.85,0,0,0,0
202,19.3803623,51.7772001,365.16,0,0,0,0
203,19.3803245,51.7727032,146.71,0,0,0,0
204,19.3802867,51.7682063,23.51,0,0,0,0
205,19.3802489,51.7637094,17.33,0,0,0,0
206,19.3802112,51.7592125,24.05,0,0,0,0
207,19.3801734,51.7547156,42.58,0,0,0,0
208,19.3801356,51.7502187,41.47,0,0,0,0
209,19.3800979,51.7457217,997.79,0,0,0,0
210,19.3800602,51.7412248,773.06,0,0,0,0
211,19.3800224,51.7367279,512.06,0,0,0,0
212,19.3799847,51.7322309,164.17,0,0,0,0
213,19.3799470,51.7277340,16.78,0,0,0,0
214,19.3799093,51.7232371,20.47,0,0,0,0
215,19.3798716,51.7187401,15.48,0,0,0,0
216,19.3798340,51.7142432,14.95,0,0,0,0
217,19.3797963,51.7097462,16.85,0,0,0,0
218,19.3797586,51.7052493,16.81,0,0,0,0
219,19.3797210,51.7007523,16.83,0,0,0,0
220,19.3796834,51.6962553,8.03,0,0,0,0
221,19.3871216,51.8333906,0.27,0,0,0,0
222,19.3870445,51.8243969,8.95,0,0,0,0
223,19.3870060,51.8199000,24.82,0,0,0,0
224,19.3869675,51.8154031,29.58,0,0,0,0
225,19.3869290,51.8109063,17.25,0,0,0,0
226,19.3868905,51.8064094,22.8,0,0,0,0
227,19.3868520,51.8019125,14.76,0,0,0,0
228,19.3868135,51.7974156,1891.15,0,0,0,0
229,19.3867750,51.7929188,2949.79,0,0,0,0
230,19.3867365,51.7884219,427.13,0,0,0,0
231,19.3866981,51.7839250,636.31,0,0,0,0
232,19.3866597,51.7794281,613.53,0,0,0,0
233,19.3866212,51.7749312,338.4,0,0,0,0
234,19.3865828,51.7704343,23.35,0,0,0,0
235,19.3865444,51.7659374,16.68,0,0,0,0
236,19.3865060,51.7614405,19.91,0,0,0,0
237,19.3864676,51.7569436,42.67,0,0,0,0
238,19.3864292,51.7524467,41.47,0,0,0,0
239,19.3863908,51.7479497,2000.4,0,0,0,0
240,19.3863525,51.7434528,3335.03,0,0,0,0
241,19.3863141,51.7389559,2054.14,0,0,0,0
242,19.3862758,51.7344590,149.08,0,0,0,0
243,19.3862374,51.7299620,1.11,0,0,0,0
244,19.3861991,51.7254651,14.1,0,0,0,0
245,19.3861608,51.7209681,5.31,0,0,0,0
246,19.3861225,51.7164712,0.71,0,0,0,0
247,19.3860842,51.7119743,14.6,0,0,0,0
248,19.3860459,51.7074773,19.24,0,0,0,0
249,19.3860077,51.7029804,19.28,0,0,0,0
250,19.3859694,51.6984834,19.3,0,0,0,0
251,19.3859311,51.6939864,2.55,0,0,0,0
252,19.3933488,51.8266245,4.66,0,0,0,0
253,19.3933096,51.8221276,12.89,0,0,0,0
254,19.3932705,51.8176307,41.82,0,0,0,0
255,19.3932313,51.8131339,19.76,0,0,0,0
256,19.3931922,51.8086370,26.85,0,0,0,0
257,19.3931531,51.8041401,35.4,0,0,0,0
258,19.3931140,51.7996433,67.92,0,0,0,0
259,19.3930749,51.7951464,4367.71,0,0,0,0
260,19.3930358,51.7906495,3746.39,0,0,0,0
261,19.3929967,51.7861526,899.88,0,0,0,0
262,19.3929576,51.7816557,614.27,0,0,0,0
263,19.3929185,51.7771588,480.19,0,0,0,0
264,19.3928795,51.7726619,288.26,0,0,0,0
265,19.3928405,51.7681650,180.68,0,0,0,0
266,19.3928014,51.7636681,19.09,0,0,0,0
267,19.3927624,51.7591712,41.21,0,0,0,0
268,19.3927234,51.7546743,41.48,0,0,0,0
269,19.3926844,51.7501774,2283.21,0,0,0,0
270,19.3926454,51.7456805,4138.95,0,0,0,0
271,19.3926064,51.7411836,2390.24,0,0,0,0
272,19.3925675,51.7366866,983.9,0,0,0,0
273,19.3925285,51.7321897,3.58,0,0,0,0
274,19.3924895,51.7276928,0.0,0,0,0,0
275,19.3924506,51.7231958,0.58,0,0,0,0
276,19.3924117,51.7186989,0.7,0,0,0,0
277,19.3923728,51.7142020,5.37,0,0,0,0
278,19.3923338,51.7097050,24.96,0,0,0,0
279,19.3922949,51.7052081,25.12,0,0,0,0
280,19.3922561,51.7007111,25.14,0,0,0,0
281,19.3922172,51.6962142,22.19,0,0,0,0
282,19.3996537,51.8288517,5.86,0,0,0,0
283,19.3996139,51.8243548,28.22,0,0,0,0
284,19.3995741,51.8198580,77.61,0,0,0,0
285,19.3995343,51.8153611,117.2,0,0,0,0
286,19.3994946,51.8108643,39.19,0,0,0,0
287,19.3994548,51.8063674,41.39,0,0,0,0
288,19.3994151,51.8018705,41.6,0,0,0,0
289,19.3993753,51.7973737,1020.19,0,0,0,0
290,19.3993356,51.7928768,3258.58,0,0,0,0
291,19.3992959,51.7883799,372.33,0,0,0,0
292,19.3992562,51.7838830,581.53,0,0,0,0
293,19.3992165,51.7793861,327.02,0,0,0,0
294,19.3991768,51.7748892,228.2,0,0,0,0
295,19.3991371,51.7703923,532.85,0,0,0,0
296,19.3990975,51.7658954,266.18,0,0,0,0
297,19.3990578,51.7613985,270.43,0,0,0,0
298,19.3990182,51.7569016,64.38,0,0,0,0
299,19.3989786,51.7524047,1350.89,0,0,0,0
300,19.3989390,51.7479078,3388.13,0,0,0,0
301,19.3988993,51.7434109,3690.56,0,0,0,0
302,19.3988597,51.7389140,1593.57,0,0,0,0
303,19.3988202,51.7344171,191.16,0,0,0,0
304,19.3987806,51.7299201,33.1,0,0,0,0
305,19.3987410,51.7254232,0.19,0,0,0,0
306,19.3987015,51.7209263,0.7,0,0,0,0
307,19.3986619,51.7164293,0.7,0,0,0,0
308,19.3986224,51.7119324,18.47,0,0,0,0
309,19.3985829,51.7074355,26.87,0,0,0,0
310,19.3985433,51.7029385,26.88,0,0,0,0
311,19.3985038,51.6984416,26.89,0,0,0,0
312,19.3984643,51.6939446,12.33,0,0,0,0
313,19.4059592,51.8310786,0.0,0,0,0,0
314,19.4059187,51.8265817,28.28,0,0,0,0
315,19.4058783,51.8220849,75.05,0,0,0,0
316,19.4058379,51.8175880,94.92,0,0,0,0
317,19.4057975,51.8130912,98.15,0,0,0,0
318,19.4057571,51.8085943,34.85,0,0,0,0
319,19.4057168,51.8040975,26.72,0,0,0,0
320,19.4056764,51.7996006,26.47,0,0,0,0
321,19.4056361,51.7951037,478.35,0,0,0,0
322,19.4055957,51.7906068,1016.36,0,0,0,0
323,19.4055554,51.7861100,148.3,0,0,0,0
324,19.4055151,51.7816131,40.03,0,0,0,0
325,19.4054748,51.7771162,160.51,0,0,0,0
326,19.4054345,51.7726193,155.25,0,0,0,0
327,19.4053942,51.7681224,51.48,0,0,0,0
328,19.4053539,51.7636255,222.55,0,0,0,0
329,19.4053136,51.7591286,213.17,0,0,0,0
330,19.4052734,51.7546317,160.91,0,0,0,0
331,19.4052331,51.7501348,3811.38,0,0,0,0
332,19.4051929,51.7456379,3551.11,0,0,0,0
333,19.4051527,51.7411410,1880.64,0,0,0,0
334,19.4051124,51.7366441,1758.22,0,0,0,0
335,19.4050722,51.7321471,9.81,0,0,0,0
336,19.4050320,51.7276502,2.1,0,0,0,0
337,19.4049919,51.7231533,3.97,0,0,0,0
338,19.4049517,51.7186564,0.7,0,0,0,0
339,19.4049115,51.7141594,7.52,0,0,0,0
340,19.4048714,51.7096625,26.65,0,0,0,0
341,19.4048312,51.7051655,30.83,0,0,0,0
342,19.4047911,51.7006686,30.9,0,0,0,0
343,19.4047510,51.6961717,15.87,0,0,0,0
344,19.4122242,51.8288083,23.67,0,0,0,0
345,19.4121832,51.8243115,73.11,0,0,0,0
346,19.4121421,51.8198146,121.34,0,0,0,0
347,19.4121011,51.8153178,258.86,0,0,0,0
348,19.4120601,51.8108209,71.59,0,0,0,0
349,19.4120191,51.8063240,11.13,0,0,0,0
350,19.4119781,51.8018272,11.86,0,0,0,0
351,19.4119371,51.7973303,21.16,0,0,0,0
352,19.4118962,51.7928334,2968.9,0,0,0,0
353,19.4118552,51.7883366,1504.68,0,0,0,0
354,19.4118143,51.7838397,482.83,0,0,0,0
355,19.4117733,51.7793428,427.71,0,0,0,0
356,19.4117324,51.7748459,1507.9,0,0,0,0
357,19.4116915,51.7703490,26.43,0,0,0,0
358,19.4116506,51.7658522,26.43,0,0,0,0
359,19.4116097,51.7613553,29.41,0,0,0,0
360,19.4115688,51.7568584,849.57,0,0,0,0
361,19.4115279,51.7523615,1156.24,0,0,0,0
362,19.4114870,51.7478646,3949.7,0,0,0,0
363,19.4114462,51.7433676,3166.25,0,0,0,0
364,19.4114053,51.7388707,1095.59,0,0,0,0
365,19.4113645,51.7343738,33.89,0,0,0,0
366,19.4113237,51.7298769,33.98,0,0,0,0
367,19.4112829,51.7253800,72.32,0,0,0,0
368,19.4112421,51.7208831,146.49,0,0,0,0
369,19.4112013,51.7163861,55.73,0,0,0,0
370,19.4111605,51.7118892,23.53,0,0,0,0
371,19.4111197,51.7073923,34.11,0,0,0,0
372,19.4110790,51.7028953,45.25,0,0,0,0
373,19.4110382,51.6983984,50.08,0,0,0,0
374,19.4109975,51.6939014,14.58,0,0,0,0
375,19.4185303,51.8310345,13.95,0,0,0,0
376,19.4184887,51.8265377,110.28,0,0,0,0
377,19.4184470,51.8220408,1484.25,0,0,0,0
378,19.4184053,51.8175440,1512.2,0,0,0,0
379,19.4183637,51.8130472,413.37,0,0,0,0
380,19.4183221,51.8085503,307.56,0,0,0,0
381,19.4182804,51.8040534,8.47,0,0,0,0
382,19.4182388,51.7995566,14.06,0,0,0,0
383,19.4181972,51.7950597,555.23,0,0,0,0
384,19.4181556,51.7905628,2411.63,0,0,0,0
385,19.4181141,51.7860660,1858.31,0,0,0,0
386,19.4180725,51.7815691,124.78,0,0,0,0
387,19.4180309,51.7770722,319.85,0,0,0,0
388,19.4179894,51.7725753,343.6,0,0,0,0
389,19.4179478,51.7680785,28.21,0,0,0,0
390,19.4179063,51.7635816,26.43,0,0,0,0
391,19.4178648,51.7590847,190.15,0,0,0,0
392,19.4178233,51.7545878,3029.19,0,0,0,0
393,19.4177818,51.7500909,2137.56,0,0,0,0
394,19.4177403,51.7455940,1682.62,0,0,0,0
395,19.4176989,51.7410971,418.99,0,0,0,0
396,19.4176574,51.7366002,24.13,0,0,0,0
397,19.4176159,51.7321032,93.25,0,0,0,0
398,19.4175745,51.7276063,126.67,0,0,0,0
399,19.4175331,51.7231094,313.71,0,0,0,0
400,19.4174917,51.7186125,217.5,0,0,0,0
401,19.4174503,51.7141156,179.75,0,0,0,0
402,19.4174089,51.7096186,24.4,0,0,0,0
403,19.4173675,51.7051217,75.39,0,0,0,0
404,19.4173261,51.7006247,132.23,0,0,0,0
405,19.4172847,51.6961278,63.68,0,0,0,0
406,19.4172434,51.6916309,27.12,0,0,0,0
407,19.4172020,51.6871339,4.89,0,0,0,0
408,19.4248371,51.8332604,1.94,0,0,0,0
409,19.4247948,51.8287636,153.05,0,0,0,0
410,19.4247525,51.8242667,861.42,0,0,0,0
411,19.4247102,51.8197699,2253.94,0,0,0,0
412,19.4246679,51.8152731,1164.03,0,0,0,0
413,19.4246256,51.8107762,294.9,0,0,0,0
414,19.4245834,51.8062794,587.37,0,0,0,0
415,19.4245411,51.8017825,75.19,0,0,0,0
416,19.4244989,51.7972856,240.38,0,0,0,0
417,19.4244567,51.7927888,578.26,0,0,0,0
418,19.4244145,51.7882919,2755.02,0,0,0,0
419,19.4243723,51.7837950,1497.02,0,0,0,0
420,19.4243301,51.7792982,2490.41,0,0,0,0
421,19.4242879,51.7748013,2904.91,0,0,0,0
422,19.4242458,51.7703044,69.4,0,0,0,0
423,19.4242036,51.7658075,27.47,0,0,0,0
424,19.4241615,51.7613106,26.68,0,0,0,0
425,19.4241193,51.7568137,147.82,0,0,0,0
426,19.4240772,51.7523169,1301.92,0,0,0,0
427,19.4240351,51.7478200,2819.97,0,0,0,0
428,19.4239930,51.7433231,101.34,0,0,0,0
429,19.4239509,51.7388262,18.31,0,0,0,0
430,19.4239088,51.7343292,197.72,0,0,0,0
431,19.4238668,51.7298323,306.35,0,0,0,0
432,19.4238247,51.7253354,565.89,0,0,0,0
433,19.4237827,51.7208385,339.32,0,0,0,0
434,19.4237406,51.7163416,476.24,0,0,0,0
435,19.4236986,51.7118446,539.59,0,0,0,0
436,19.4236566,51.7073477,205.44,0,0,0,0
437,19.4236146,51.7028508,457.5,0,0,0,0
438,19.4235726,51.6983539,171.33,0,0,0,0
439,19.4235306,51.6938569,74.54,0,0,0,0
440,19.4234887,51.6893600,88.09,0,0,0,0
441,19.4234467,51.6848630,1.91,0,0,0,0
442,19.4311015,51.8309891,172.34,0,0,0,0
443,19.4310586,51.8264923,1731.29,0,0,0,0
444,19.4310156,51.8219955,2012.23,0,0,0,0
445,19.4309727,51.8174986,1983.94,0,0,0,0
446,19.4309298,51.8130018,270.77,0,0,0,0
447,19.4308869,51.8085049,1066.62,0,0,0,0
448,19.4308441,51.8040081,392.03,0,0,0,0
449,19.4308012,51.7995112,530.41,0,0,0,0
450,19.4307584,51.7950144,1499.78,0,0,0,0
451,19.4307155,51.7905175,1785.47,0,0,0,0
452,19.4306727,51.7860206,3323.51,0,0,0,0
453,19.4306299,51.7815238,2109.28,0,0,0,0
454,19.4305871,51.7770269,2834.75,0,0,0,0
455,19.4305443,51.7725300,787.47,0,0,0,0
456,19.4305015,51.7680332,512.34,0,0,0,0
457,19.4304587,51.7635363,33.94,0,0,0,0
458,19.4304160,51.7590394,432.5,0,0,0,0
459,19.4303732,51.7545425,877.24,0,0,0,0
460,19.4303305,51.7500456,1398.45,0,0,0,0
461,19.4302877,51.7455487,51.75,0,0,0,0
462,19.4302450,51.7410518,19.97,0,0,0,0
463,19.4302023,51.7365549,1319.88,0,0,0,0
464,19.4301596,51.7320580,307.96,0,0,0,0
465,19.4301169,51.7275611,407.0,0,0,0,0
466,19.4300743,51.7230642,770.46,0,0,0,0
467,19.4300316,51.7185673,413.35,0,0,0,0
468,19.4299890,51.7140703,686.56,0,0,0,0
469,19.4299463,51.7095734,631.63,0,0,0,0
470,19.4299037,51.7050765,215.49,0,0,0,0
471,19.4298611,51.7005796,304.82,0,0,0,0
472,19.4298185,51.6960826,124.12,0,0,0,0
473,19.4297759,51.6915857,115.63,0,0,0,0
474,19.4297333,51.6870887,58.33,0,0,0,0
475,19.4374088,51.8332143,32.64,0,0,0,0
476,19.4373653,51.8287175,312.57,0,0,0,0
477,19.4373217,51.8242207,1101.9,0,0,0,0
478,19.4372782,51.8197238,2903.43,0,0,0,0
479,19.4372346,51.8152270,551.55,0,0,0,0
480,19.4371911,51.8107302,306.03,0,0,0,0
481,19.4371476,51.8062333,1255.9,0,0,0,0
482,19.4371041,51.8017365,867.67,0,0,0,0
483,19.4370607,51.7972396,3321.6,0,0,0,0
484,19.4370172,51.7927428,2467.0,0,0,0,0
485,19.4369737,51.7882459,3050.67,0,0,0,0
486,19.4369303,51.7837490,1565.2,0,0,0,0
487,19.4368868,51.7792522,91.27,0,0,0,0
488,19.4368434,51.7747553,717.65,0,0,0,0
489,19.4368000,51.7702584,2096.14,0,0,0,0
490,19.4367566,51.7657616,1382.72,0,0,0,0
491,19.4367132,51.7612647,1690.28,0,0,0,0
492,19.4366698,51.7567678,990.2,0,0,0,0
493,19.4366265,51.7522709,42.02,0,0,0,0
494,19.4365831,51.7477740,102.07,0,0,0,0
495,19.4365398,51.7432771,74.98,0,0,0,0
496,19.4364964,51.7387802,68.01,0,0,0,0
497,19.4364531,51.7342833,367.73,0,0,0,0
498,19.4364098,51.7297864,314.74,0,0,0,0
499,19.4363665,51.7252895,546.18,0,0,0,0
500,19.4363232,51.7207926,420.4,0,0,0,0
501,19.4362799,51.7162957,177.28,0,0,0,0
502,19.4362367,51.7117988,615.08,0,0,0,0
503,19.4361934,51.7073018,594.71,0,0,0,0
504,19.4361502,51.7028049,308.61,0,0,0,0
505,19.4361069,51.6983080,217.94,0,0,0,0
506,19.4360637,51.6938111,107.8,0,0,0,0
507,19.4360205,51.6893141,78.18,0,0,0,0
508,19.4438494,51.8489297,5.65,0,0,0,0
509,19.4437168,51.8354392,17.4,0,0,0,0
510,19.4436726,51.8309424,52.29,0,0,0,0
511,19.4436284,51.8264456,154.33,0,0,0,0
512,19.4435842,51.8219487,3530.58,0,0,0,0
513,19.4435401,51.8174519,1741.62,0,0,0,0
514,19.4434959,51.8129551,449.13,0,0,0,0
515,19.4434518,51.8084582,153.35,0,0,0,0
516,19.4434077,51.8039614,100.13,0,0,0,0
517,19.4433636,51.7994645,1327.5,0,0,0,0
518,19.4433195,51.7949677,2758.11,0,0,0,0
519,19.4432754,51.7904708,2896.65,0,0,0,0
520,19.4432313,51.7859740,3021.19,0,0,0,0
521,19.4431872,51.7814771,353.08,0,0,0,0
522,19.4431432,51.7769802,2460.55,0,0,0,0
523,19.4430991,51.7724834,4721.26,0,0,0,0
524,19.4430551,51.7679865,3519.5,0,0,0,0
525,19.4430111,51.7634896,2018.89,0,0,0,0
526,19.4429671,51.7589928,871.41,0,0,0,0
527,19.4429231,51.7544959,20.45,0,0,0,0
528,19.4428791,51.7499990,711.39,0,0,0,0
529,19.4428351,51.7455021,505.66,0,0,0,0
530,19.4427912,51.7410052,855.69,0,0,0,0
531,19.4427472,51.7365083,1207.61,0,0,0,0
532,19.4427033,51.7320114,1515.75,0,0,0,0
533,19.4426593,51.7275145,404.31,0,0,0,0
534,19.4426154,51.7230176,835.79,0,0,0,0
535,19.4425715,51.7185207,360.33,0,0,0,0
536,19.4425276,51.7140238,395.62,0,0,0,0
537,19.4424837,51.7095269,446.15,0,0,0,0
538,19.4424399,51.7050300,371.1,0,0,0,0
539,19.4423960,51.7005330,237.71,0,0,0,0
540,19.4423522,51.6960361,137.38,0,0,0,0
541,19.4423083,51.6915392,84.05,0,0,0,0
542,19.4422645,51.6870422,23.12,0,0,0,0
543,19.4501599,51.8511542,6.49,0,0,0,0
544,19.4501150,51.8466574,15.44,0,0,0,0
545,19.4500702,51.8421605,0.02,0,0,0,0
546,19.4500254,51.8376637,2.84,0,0,0,0
547,19.4499805,51.8331669,52.13,0,0,0,0
548,19.4499357,51.8286701,52.29,0,0,0,0
549,19.4498909,51.8241733,241.11,0,0,0,0
550,19.4498461,51.8196764,1360.07,0,0,0,0
551,19.4498014,51.8151796,551.57,0,0,0,0
552,19.4497566,51.8106828,402.73,0,0,0,0
553,19.4497118,51.8061859,184.31,0,0,0,0
554,19.4496671,51.8016891,627.52,0,0,0,0
555,19.4496224,51.7971923,4011.87,0,0,0,0
556,19.4495776,51.7926954,1846.62,0,0,0,0
557,19.4495329,51.7881986,2264.1,0,0,0,0
558,19.4494882,51.7837017,3240.48,0,0,0,0
559,19.4494436,51.7792048,631.39,0,0,0,0
560,19.4493989,51.7747080,5042.54,0,0,0,0
561,19.4493542,51.7702111,2764.76,0,0,0,0
562,19.4493096,51.7657143,2640.31,0,0,0,0
563,19.4492649,51.7612174,1628.07,0,0,0,0
564,19.4492203,51.7567205,732.5,0,0,0,0
565,19.4491757,51.7522236,591.03,0,0,0,0
566,19.4491311,51.7477267,376.15,0,0,0,0
567,19.4490865,51.7432299,495.48,0,0,0,0
568,19.4490419,51.7387330,2296.92,0,0,0,0
569,19.4489974,51.7342361,1336.0,0,0,0,0
570,19.4489528,51.7297392,2556.02,0,0,0,0
571,19.4489083,51.7252423,1420.63,0,0,0,0
572,19.4488637,51.7207454,668.76,0,0,0,0
573,19.4488192,51.7162485,259.25,0,0,0,0
574,19.4487747,51.7117516,427.26,0,0,0,0
575,19.4487302,51.7072546,416.22,0,0,0,0
576,19.4486857,51.7027577,273.43,0,0,0,0
577,19.4486412,51.6982608,93.59,0,0,0,0
578,19.4485968,51.6937639,69.94,0,0,0,0
579,19.4485523,51.6892669,80.24,0,0,0,0
580,19.4564255,51.8488815,23.54,0,0,0,0
581,19.4563800,51.8443847,34.57,0,0,0,0
582,19.4563346,51.8398879,90.22,0,0,0,0
583,19.4562891,51.8353911,79.54,0,0,0,0
584,19.4562437,51.8308943,67.81,0,0,0,0
585,19.4561982,51.8263975,63.57,0,0,0,0
586,19.4561528,51.8219007,80.17,0,0,0,0
587,19.4561074,51.8174038,212.79,0,0,0,0
588,19.4560620,51.8129070,407.49,0,0,0,0
589,19.4560166,51.8084102,554.7,0,0,0,0
590,19.4559712,51.8039133,583.96,0,0,0,0
591,19.4559259,51.7994165,2817.45,0,0,0,0
592,19.4558805,51.7949197,2187.86,0,0,0,0
593,19.4558352,51.7904228,1993.32,0,0,0,0
594,19.4557899,51.7859260,4437.65,0,0,0,0
595,19.4557446,51.7814291,2296.67,0,0,0,0
596,19.4556993,51.7769322,4196.73,0,0,0,0
597,19.4556540,51.7724354,4035.46,0,0,0,0
598,19.4556087,51.7679385,1842.72,0,0,0,0
599,19.4555634,51.7634417,2207.83,0,0,0,0
600,19.4555182,51.7589448,1374.24,0,0,0,0
601,19.4554729,51.7544479,1892.39,0,0,0,0
602,19.4554277,51.7499510,653.18,0,0,0,0
603,19.4553825,51.7454542,495.43,0,0,0,0
604,19.4553373,51.7409573,944.92,0,0,0,0
605,19.4552921,51.7364604,1700.66,0,0,0,0
606,19.4552469,51.7319635,788.74,0,0,0,0
607,19.4552017,51.7274666,2516.16,0,0,0,0
608,19.4551565,51.7229697,194.76,0,0,0,0
609,19.4551114,51.7184728,236.24,0,0,0,0
610,19.4550663,51.7139759,168.6,0,0,0,0
611,19.4550211,51.7094790,284.37,0,0,0,0
612,19.4549760,51.7049821,476.17,0,0,0,0
613,19.4549309,51.7004852,157.83,0,0,0,0
614,19.4548858,51.6959882,81.09,0,0,0,0
615,19.4548408,51.6914913,54.1,0,0,0,0
616,19.4547957,51.6869944,14.29,0,0,0,0
617,19.4627366,51.8511054,14.35,0,0,0,0
618,19.4626905,51.8466086,42.12,0,0,0,0
619,19.4626444,51.8421118,107.39,0,0,0,0
620,19.4625983,51.8376150,165.56,0,0,0,0
621,19.4625522,51.8331182,85.28,0,0,0,0
622,19.4625062,51.8286213,43.03,0,0,0,0
623,19.4624601,51.8241245,17.96,0,0,0,0
624,19.4624141,51.8196277,28.47,0,0,0,0
625,19.4623680,51.8151309,30.83,0,0,0,0
626,19.4623220,51.8106341,422.73,0,0,0,0
627,19.4622760,51.8061372,660.19,0,0,0,0
628,19.4622300,51.8016404,1250.31,0,0,0,0
629,19.4621840,51.7971436,3025.5,0,0,0,0
630,19.4621381,51.7926467,3882.73,0,0,0,0
631,19.4620921,51.7881499,3814.23,0,0,0,0
632,19.4620462,51.7836530,1866.17,0,0,0,0
633,19.4620002,51.7791562,1384.7,0,0,0,0
634,19.4619543,51.7746593,3348.74,0,0,0,0
635,19.4619084,51.7701625,2384.38,0,0,0,0
636,19.4618625,51.7656656,1578.94,0,0,0,0
637,19.4618166,51.7611687,1668.52,0,0,0,0
638,19.4617708,51.7566719,3638.37,0,0,0,0
639,19.4617249,51.7521750,1506.67,0,0,0,0
640,19.4616791,51.7476781,882.51,0,0,0,0
641,19.4616332,51.7431812,875.68,0,0,0,0
642,19.4615874,51.7386844,447.74,0,0,0,0
643,19.4615416,51.7341875,2031.08,0,0,0,0
644,19.4614958,51.7296906,3261.1,0,0,0,0
645,19.4614500,51.7251937,823.07,0,0,0,0
646,19.4614042,51.7206968,170.58,0,0,0,0
647,19.4613584,51.7161999,45.04,0,0,0,0
648,19.4613127,51.7117030,61.21,0,0,0,0
649,19.4612669,51.7072061,71.0,0,0,0,0
650,19.4612212,51.7027092,409.44,0,0,0,0
651,19.4611755,51.6982123,166.43,0,0,0,0
652,19.4611298,51.6937154,58.42,0,0,0,0
653,19.4610841,51.6892184,69.78,0,0,0,0
654,19.4690483,51.8533289,12.02,0,0,0,0
655,19.4690016,51.8488321,42.12,0,0,0,0
656,19.4689548,51.8443353,39.79,0,0,0,0
657,19.4689081,51.8398385,61.19,0,0,0,0
658,19.4688614,51.8353417,11.88,0,0,0,0
659,19.4688147,51.8308449,2.16,0,0,0,0
660,19.4687680,51.8263481,2.16,0,0,0,0
661,19.4687213,51.8218512,10.11,0,0,0,0
662,19.4686747,51.8173544,18.1,0,0,0,0
663,19.4686280,51.8128576,38.07,0,0,0,0
664,19.4685814,51.8083608,440.16,0,0,0,0
665,19.4685348,51.8038639,612.27,0,0,0,0
666,19.4684882,51.7993671,728.22,0,0,0,0
667,19.4684416,51.7948703,540.03,0,0,0,0
668,19.4683950,51.7903734,1496.34,0,0,0,0
669,19.4683484,51.7858766,1939.74,0,0,0,0
670,19.4683018,51.7813798,342.42,0,0,0,0
671,19.4682553,51.7768829,1430.9,0,0,0,0
672,19.4682088,51.7723861,2043.23,0,0,0,0
673,19.4681622,51.7678892,697.25,0,0,0,0
674,19.4681157,51.7633923,2333.8,0,0,0,0
675,19.4680692,51.7588955,1199.1,0,0,0,0
676,19.4680227,51.7543986,2738.41,0,0,0,0
677,19.4679762,51.7499017,586.79,0,0,0,0
678,19.4679298,51.7454049,2104.34,0,0,0,0
679,19.4678833,51.7409080,1763.41,0,0,0,0
680,19.4678369,51.7364111,2018.84,0,0,0,0
681,19.4677905,51.7319142,3394.71,0,0,0,0
682,19.4677440,51.7274174,2757.58,0,0,0,0
683,19.4676976,51.7229205,620.89,0,0,0,0
684,19.4676512,51.7184236,231.67,0,0,0,0
685,19.4676049,51.7139267,571.97,0,0,0,0
686,19.4675585,51.7094298,285.18,0,0,0,0
687,19.4675121,51.7049329,62.64,0,0,0,0
688,19.4674658,51.7004360,56.7,0,0,0,0
689,19.4674195,51.6959390,47.84,0,0,0,0
690,19.4673731,51.6914421,32.32,0,0,0,0
691,19.4673268,51.6869452,14.91,0,0,0,0
692,19.4753606,51.8555520,9.73,0,0,0,0
693,19.4753133,51.8510552,36.0,0,0,0,0
694,19.4752659,51.8465584,13.64,0,0,0,0
695,19.4752185,51.8420616,2.16,0,0,0,0
696,19.4751712,51.8375648,2.16,0,0,0,0
697,19.4751239,51.8330680,2.16,0,0,0,0
698,19.4750765,51.8285712,2.16,0,0,0,0
699,19.4750292,51.8240744,2.16,0,0,0,0
700,19.4749820,51.8195776,15.53,0,0,0,0
701,19.4749347,51.8150808,57.2,0,0,0,0
702,19.4748874,51.8105840,495.32,0,0,0,0
703,19.4748402,51.8060872,353.79,0,0,0,0
704,19.4747929,51.8015903,502.4,0,0,0,0
705,19.4747457,51.7970935,2576.53,0,0,0,0
706,19.4746985,51.7925967,3269.78,0,0,0,0
707,19.4746513,51.7880998,1550.49,0,0,0,0
708,19.4746041,51.7836030,127.76,0,0,0,0
709,19.4745569,51.7791062,2795.61,0,0,0,0
710,19.4745097,51.7746093,1570.33,0,0,0,0
711,19.4744626,51.7701125,784.68,0,0,0,0
712,19.4744154,51.7656156,2103.45,0,0,0,0
713,19.4743683,51.7611188,1490.29,0,0,0,0
714,19.4743212,51.7566219,862.17,0,0,0,0
715,19.4742741,51.7521250,589.45,0,0,0,0
716,19.4742270,51.7476282,2218.1,0,0,0,0
717,19.4741799,51.7431313,3467.65,0,0,0,0
718,19.4741328,51.7386344,886.74,0,0,0,0
719,19.4740858,51.7341375,3927.73,0,0,0,0
720,19.4740387,51.7296407,1722.19,0,0,0,0
721,19.4739917,51.7251438,962.71,0,0,0,0
722,19.4739447,51.7206469,2892.92,0,0,0,0
723,19.4738976,51.7161500,1336.11,0,0,0,0
724,19.4738507,51.7116531,333.72,0,0,0,0
725,19.4738037,51.7071562,844.76,0,0,0,0
726,19.4737567,51.7026593,1041.0,0,0,0,0
727,19.4737097,51.6981624,53.58,0,0,0,0
728,19.4736628,51.6936655,0.51,0,0,0,0
729,19.4816736,51.8577748,0.42,0,0,0,0
730,19.4816256,51.8532780,9.02,0,0,0,0
731,19.4815776,51.8487813,0.33,0,0,0,0
732,19.4815296,51.8442845,2.05,0,0,0,0
733,19.4814816,51.8397877,2.11,0,0,0,0
734,19.4814337,51.8352909,2.14,0,0,0,0
735,19.4813857,51.8307941,2.16,0,0,0,0
736,19.4813378,51.8262973,2.16,0,0,0,0
737,19.4812898,51.8218005,5.26,0,0,0,0
738,19.4812419,51.8173037,39.99,0,0,0,0
739,19.4811940,51.8128069,477.77,0,0,0,0
740,19.4811461,51.8083100,442.84,0,0,0,0
741,19.4810983,51.8038132,190.02,0,0,0,0
742,19.4810504,51.7993164,31.61,0,0,0,0
743,19.4810026,51.7948196,282.0,0,0,0,0
744,19.4809547,51.7903227,2005.29,0,0,0,0
745,19.4809069,51.7858259,75.99,0,0,0,0
746,19.4808591,51.7813291,601.56,0,0,0,0
747,19.4808113,51.7768322,1324.3,0,0,0,0
748,19.4807635,51.7723354,1275.59,0,0,0,0
749,19.4807157,51.7678385,1358.18,0,0,0,0
750,19.4806680,51.7633417,2616.6,0,0,0,0
751,19.4806202,51.7588448,1338.99,0,0,0,0
752,19.4805725,51.7543480,747.75,0,0,0,0
753,19.4805248,51.7498511,512.14,0,0,0,0
754,19.4804771,51.7453543,333.96,0,0,0,0
755,19.4804294,51.7408574,2373.87,0,0,0,0
756,19.4803817,51.7363605,1668.55,0,0,0,0
757,19.4803340,51.7318636,2625.68,0,0,0,0
758,19.4802863,51.7273668,1308.89,0,0,0,0
759,19.4802387,51.7228699,1144.27,0,0,0,0
760,19.4801910,51.7183730,3415.14,0,0,0,0
761,19.4801434,51.7138761,808.14,0,0,0,0
762,19.4800958,51.7093792,180.46,0,0,0,0
763,19.4800482,51.7048823,433.89,0,0,0,0
764,19.4800006,51.7003854,410.1,0,0,0,0
765,19.4799531,51.6958885,8.32,0,0,0,0
766,19.4879871,51.8599973,0.25,0,0,0,0
767,19.4879385,51.8555005,2.08,0,0,0,0
768,19.4878899,51.8510037,2.02,0,0,0,0
769,19.4878413,51.8465070,1.42,0,0,0,0
770,19.4877926,51.8420102,2.09,0,0,0,0
771,19.4877441,51.8375134,2.09,0,0,0,0
772,19.4876955,51.8330166,2.09,0,0,0,0
773,19.4876469,51.8285198,2.11,0,0,0,0
774,19.4875984,51.8240230,13.29,0,0,0,0
775,19.4875498,51.8195262,23.85,0,0,0,0
776,19.4875013,51.8150294,248.61,0,0,0,0
777,19.4874528,51.8105326,316.24,0,0,0,0
778,19.4874043,51.8060358,214.81,0,0,0,0
779,19.4873558,51.8015389,205.9,0,0,0,0
780,19.4873073,51.7970421,69.38,0,0,0,0
781,19.4872588,51.7925453,1112.71,0,0,0,0
782,19.4872104,51.7880485,61.55,0,0,0,0
783,19.4871619,51.7835516,474.25,0,0,0,0
784,19.4871135,51.7790548,1465.84,0,0,0,0
785,19.4870651,51.7745580,628.63,0,0,0,0
786,19.4870167,51.7700611,662.15,0,0,0,0
787,19.4869683,51.7655643,138.02,0,0,0,0
788,19.4869199,51.7610674,1519.54,0,0,0,0
789,19.4868715,51.7565706,2277.91,0,0,0,0
790,19.4868232,51.7520737,893.89,0,0,0,0
791,19.4867748,51.7475769,2392.11,0,0,0,0
792,19.4867265,51.7430800,2824.68,0,0,0,0
793,19.4866782,51.7385831,2058.16,0,0,0,0
794,19.4866299,51.7340863,3391.53,0,0,0,0
795,19.4865816,51.7295894,2421.41,0,0,0,0
796,19.4865333,51.7250925,386.39,0,0,0,0
797,19.4864851,51.7205956,1772.41,0,0,0,0
798,19.4864368,51.7160988,2787.33,0,0,0,0
799,19.4863886,51.7116019,367.96,0,0,0,0
800,19.4863403,51.7071050,46.61,0,0,0,0
801,19.4862921,51.7026081,33.26,0,0,0,0
802,19.4862439,51.6981112,16.55,0,0,0,0
803,19.4942521,51.8577227,0.92,0,0,0,0
804,19.4942028,51.8532259,2.09,0,0,0,0
805,19.4941535,51.8487291,2.09,0,0,0,0
806,19.4941043,51.8442323,2.09,0,0,0,0
807,19.4940551,51.8397355,2.09,0,0,0,0
808,19.4940059,51.8352388,2.09,0,0,0,0
809,19.4939567,51.8307420,2.09,0,0,0,0
810,19.4939075,51.8262452,9.02,0,0,0,0
811,19.4938583,51.8217484,29.58,0,0,0,0
812,19.4938091,51.8172516,71.52,0,0,0,0
813,19.4937600,51.8127548,195.02,0,0,0,0
814,19.4937109,51.8082580,231.9,0,0,0,0
815,19.4936617,51.8037612,377.77,0,0,0,0
816,19.4936126,51.7992643,358.84,0,0,0,0
817,19.4935635,51.7947675,266.55,0,0,0,0
818,19.4935144,51.7902707,117.95,0,0,0,0
819,19.4934654,51.7857739,98.31,0,0,0,0
820,19.4934163,51.7812770,348.89,0,0,0,0
821,19.4933673,51.7767802,373.89,0,0,0,0
822,19.4933182,51.7722834,912.37,0,0,0,0
823,19.4932692,51.7677865,49.43,0,0,0,0
824,19.4932202,51.7632897,607.53,0,0,0,0
825,19.4931712,51.7587929,1242.21,0,0,0,0
826,19.4931222,51.7542960,131.13,0,0,0,0
827,19.4930733,51.7497991,933.53,0,0,0,0
828,19.4930243,51.7453023,4621.26,0,0,0,0
829,19.4929753,51.7408054,3074.84,0,0,0,0
830,19.4929264,51.7363086,3596.28,0,0,0,0
831,19.4928775,51.7318117,4467.41,0,0,0,0
832,19.4928286,51.7273148,1185.2,0,0,0,0
833,19.4927797,51.7228180,1946.38,0,0,0,0
834,19.4927308,51.7183211,2998.67,0,0,0,0
835,19.4926820,51.7138242,1850.49,0,0,0,0
836,19.4926331,51.7093273,39.78,0,0,0,0
837,19.4925843,51.7048304,31.21,0,0,0,0
838,19.4925354,51.7003335,29.51,0,0,0,0
839,19.5005662,51.8599444,0.31,0,0,0,0
840,19.5005163,51.8554477,2.09,0,0,0,0
841,19.5004665,51.8509509,2.13,0,0,0,0
842,19.5004166,51.8464541,10.23,0,0,0,0
843,19.5003667,51.8419574,19.22,0,0,0,0
844,19.5003169,51.8374606,13.07,0,0,0,0
845,19.5002670,51.8329638,2.09,0,0,0,0
846,19.5002172,51.8284670,2.09,0,0,0,0
847,19.5001674,51.8239702,19.27,0,0,0,0
848,19.5001176,51.8194734,53.99,0,0,0,0
849,19.5000678,51.8149766,311.28,0,0,0,0
850,19.5000181,51.8104798,177.08,0,0,0,0
851,19.4999683,51.8059830,77.9,0,0,0,0
852,19.4999186,51.8014862,37.62,0,0,0,0
853,19.4998689,51.7969894,50.29,0,0,0,0
854,19.4998191,51.7924926,129.39,0,0,0,0
855,19.4997694,51.7879958,119.51,0,0,0,0
856,19.4997197,51.7834989,114.96,0,0,0,0
857,19.4996701,51.7790021,535.52,0,0,0,0
858,19.4996204,51.7745053,772.48,0,0,0,0
859,19.4995707,51.7700085,322.34,0,0,0,0
860,19.4995211,51.7655116,1124.01,0,0,0,0
861,19.4994715,51.7610148,225.56,0,0,0,0
862,19.4994219,51.7565179,44.81,0,0,0,0
863,19.4993723,51.7520211,532.7,0,0,0,0
864,19.4993227,51.7475242,3251.73,0,0,0,0
865,19.4992731,51.7430274,2652.36,0,0,0,0
866,19.4992236,51.7385305,4676.4,0,0,0,0
867,19.4991740,51.7340337,4552.37,0,0,0,0
868,19.4991245,51.7295368,3690.93,0,0,0,0
869,19.4990749,51.7250399,760.02,0,0,0,0
870,19.4990254,51.7205431,2023.94,0,0,0,0
871,19.4989759,51.7160462,648.88,0,0,0,0
872,19.4989265,51.7115493,82.95,0,0,0,0
873,19.4988770,51.7070524,41.58,0,0,0,0
874,19.4988275,51.7025555,24.93,0,0,0,0
875,19.4987781,51.6980587,14.32,0,0,0,0
876,19.5068810,51.8621659,0.0,0,0,0,0
877,19.5068305,51.8576691,1.4,0,0,0,0
878,19.5067800,51.8531724,2.09,0,0,0,0
879,19.5067295,51.8486756,38.27,0,0,0,0
880,19.5066790,51.8441788,54.88,0,0,0,0
881,19.5066285,51.8396821,31.64,0,0,0,0
882,19.5065780,51.8351853,2.09,0,0,0,0
883,19.5065276,51.8306885,2.09,0,0,0,0
884,19.5064772,51.8261917,2.09,0,0,0,0
885,19.5064267,51.8216949,21.08,0,0,0,0
886,19.5063763,51.8171981,57.04,0,0,0,0
887,19.5063259,51.8127013,69.38,0,0,0,0
888,19.5062755,51.8082045,47.41,0,0,0,0
889,19.5062252,51.8037077,37.99,0,0,0,0
890,19.5061748,51.7992109,37.62,0,0,0,0
891,19.5061244,51.7947141,82.03,0,0,0,0
892,19.5060741,51.7902173,78.34,0,0,0,0
893,19.5060238,51.7857205,72.13,0,0,0,0
894,19.5059735,51.7812237,247.61,0,0,0,0
895,19.5059232,51.7767269,72.04,0,0,0,0
896,19.5058729,51.7722300,79.56,0,0,0,0
897,19.5058226,51.7677332,809.25,0,0,0,0
898,19.5057724,51.7632364,1462.65,0,0,0,0
899,19.5057221,51.7587395,2.46,0,0,0,0
900,19.5056719,51.7542427,2.19,0,0,0,0
901,19.5056217,51.7497458,492.79,0,0,0,0
902,19.5055715,51.7452490,1456.53,0,0,0,0
903,19.5055213,51.7407521,2109.35,0,0,0,0
904,19.5054711,51.7362553,1698.14,0,0,0,0
905,19.5054210,51.7317584,1729.37,0,0,0,0
906,19.5053708,51.7272616,86.67,0,0,0,0
907,19.5053207,51.7227647,392.64,0,0,0,0
908,19.5052705,51.7182678,186.34,0,0,0,0
909,19.5052204,51.7137710,93.01,0,0,0,0
910,19.5051703,51.7092741,51.79,0,0,0,0
911,19.5051203,51.7047772,27.71,0,0,0,0
912,19.5050702,51.7002803,24.93,0,0,0,0
913,19.5050201,51.6957834,1.55,0,0,0,0
914,19.5130941,51.8553935,0.09,0,0,0,0
915,19.5130430,51.8508967,2.76,0,0,0,0
916,19.5129919,51.8464000,50.3,0,0,0,0
917,19.5129408,51.8419032,43.31,0,0,0,0
918,19.5128897,51.8374064,8.73,0,0,0,0
919,19.5128386,51.8329097,10.58,0,0,0,0
920,19.5127875,51.8284129,14.97,0,0,0,0
921,19.5127364,51.8239161,13.6,0,0,0,0
922,19.5126854,51.8194193,49.07,0,0,0,0
923,19.5126344,51.8149225,51.33,0,0,0,0
924,19.5125834,51.8104257,51.33,0,0,0,0
925,19.5125323,51.8059289,41.64,0,0,0,0
926,19.5124814,51.8014321,36.24,0,0,0,0
927,19.5124304,51.7969353,59.16,0,0,0,0
928,19.5123794,51.7924385,83.79,0,0,0,0
929,19.5123285,51.7879417,72.09,0,0,0,0
930,19.5122775,51.7834449,141.14,0,0,0,0
931,19.5122266,51.7789481,223.15,0,0,0,0
932,19.5121757,51.7744513,152.36,0,0,0,0
933,19.5121248,51.7699544,613.11,0,0,0,0
934,19.5120739,51.7654576,823.98,0,0,0,0
935,19.5120230,51.7609608,192.28,0,0,0,0
936,19.5119722,51.7564639,189.34,0,0,0,0
937,19.5119213,51.7519671,71.86,0,0,0,0
938,19.5118705,51.7474703,453.09,0,0,0,0
939,19.5118197,51.7429734,121.28,0,0,0,0
940,19.5117689,51.7384766,128.4,0,0,0,0
941,19.5117181,51.7339797,47.88,0,0,0,0
942,19.5116673,51.7294829,55.0,0,0,0,0
943,19.5116165,51.7249860,80.8,0,0,0,0
944,19.5115658,51.7204891,126.68,0,0,0,0
945,19.5115150,51.7159923,88.9,0,0,0,0
946,19.5114643,51.7114954,41.2,0,0,0,0
947,19.5114136,51.7069985,41.56,0,0,0,0
948,19.5113629,51.7025017,38.51,0,0,0,0
949,19.5113122,51.6980048,23.31,0,0,0,0
950,19.5112615,51.6935079,2.89,0,0,0,0
951,19.5193054,51.8486208,25.55,0,0,0,0
952,19.5192536,51.8441240,46.2,0,0,0,0
953,19.5192019,51.8396272,38.29,0,0,0,0
954,19.5191502,51.8351305,33.1,0,0,0,0
955,19.5190985,51.8306337,31.16,0,0,0,0
956,19.5190468,51.8261369,34.53,0,0,0,0
957,19.5189951,51.8216401,51.22,0,0,0,0
958,19.5189434,51.8171434,51.33,0,0,0,0
959,19.5188918,51.8126466,49.38,0,0,0,0
960,19.5188402,51.8081498,37.64,0,0,0,0
961,19.5187885,51.8036530,39.68,0,0,0,0
962,19.5187369,51.7991562,40.38,0,0,0,0
963,19.5186853,51.7946594,365.47,0,0,0,0
964,19.5186337,51.7901626,136.49,0,0,0,0
965,19.5185822,51.7856658,233.94,0,0,0,0
966,19.5185306,51.7811690,573.46,0,0,0,0
967,19.5184791,51.7766722,125.74,0,0,0,0
968,19.5184275,51.7721753,213.49,0,0,0,0
969,19.5183760,51.7676785,333.56,0,0,0,0
970,19.5183245,51.7631817,245.04,0,0,0,0
971,19.5182730,51.7586849,750.35,0,0,0,0
972,19.5182216,51.7541880,965.68,0,0,0,0
973,19.5181701,51.7496912,129.48,0,0,0,0
974,19.5181187,51.7451944,74.12,0,0,0,0
975,19.5180672,51.7406975,60.77,0,0,0,0
976,19.5180158,51.7362007,46.69,0,0,0,0
977,19.5179644,51.7317038,27.81,0,0,0,0
978,19.5179130,51.7272070,72.11,0,0,0,0
979,19.5178616,51.7227101,91.61,0,0,0,0
980,19.5178102,51.7182132,71.27,0,0,0,0
981,19.5177589,51.7137164,21.52,0,0,0,0
982,19.5177075,51.7092195,53.74,0,0,0,0
983,19.5176562,51.7047226,64.59,0,0,0,0
984,19.5176049,51.7002258,34.81,0,0,0,0
985,19.5175536,51.6957289,34.72,0,0,0,0
986,19.5175023,51.6912320,15.75,0,0,0,0
987,19.5255671,51.8463445,34.39,0,0,0,0
988,19.5255148,51.8418477,37.16,0,0,0,0
989,19.5254624,51.8373509,37.16,0,0,0,0
990,19.5254101,51.8328542,31.07,0,0,0,0
991,19.5253577,51.8283574,36.79,0,0,0,0
992,19.5253054,51.8238606,51.33,0,0,0,0
993,19.5252531,51.8193639,51.33,0,0,0,0
994,19.5252009,51.8148671,40.18,0,0,0,0
995,19.5251486,51.8103703,29.05,0,0,0,0
996,19.5250963,51.8058735,38.47,0,0,0,0
997,19.5250441,51.8013767,39.68,0,0,0,0
998,19.5249919,51.7968799,148.58,0,0,0,0
999,19.5249396,51.7923831,390.99,0,0,0,0
1000,19.5248874,51.7878863,274.67,0,0,0,0
1001,19.5248353,51.7833895,531.98,0,0,0,0
1002,19.5247831,51.7788927,555.8,0,0,0,0
1003,19.5247309,51.7743959,122.31,0,0,0,0
1004,19.5246788,51.7698991,62.97,0,0,0,0
1005,19.5246266,51.7654023,110.99,0,0,0,0
1006,19.5245745,51.7609054,4362.07,0,0,0,0
1007,19.5245224,51.7564086,2744.16,0,0,0,0
1008,19.5244703,51.7519118,848.28,0,0,0,0
1009,19.5244183,51.7474149,74.12,0,0,0,0
1010,19.5243662,51.7429181,73.81,0,0,0,0
1011,19.5243141,51.7384213,41.85,0,0,0,0
1012,19.5242621,51.7339244,30.57,0,0,0,0
1013,19.5242101,51.7294276,46.25,0,0,0,0
1014,19.5241581,51.7249307,78.81,0,0,0,0
1015,19.5241061,51.7204339,22.64,0,0,0,0
1016,19.5240541,51.7159370,15.21,0,0,0,0
1017,19.5240021,51.7114402,45.9,0,0,0,0
1018,19.5239502,51.7069433,72.76,0,0,0,0
1019,19.5238982,51.7024464,56.14,0,0,0,0
1020,19.5238463,51.6979496,34.77,0,0,0,0
1021,19.5237944,51.6934527,34.77,0,0,0,0
1022,19.5237425,51.6889558,7.94,0,0,0,0
1023,19.5318812,51.8485646,4.66,0,0,0,0
1024,19.5318282,51.8440678,37.16,0,0,0,0
1025,19.5317752,51.8395711,36.06,0,0,0,0
1026,19.5317223,51.8350743,27.89,0,0,0,0
1027,19.5316693,51.8305775,27.86,0,0,0,0
1028,19.5316164,51.8260808,35.58,0,0,0,0
1029,19.5315635,51.8215840,34.04,0,0,0,0
1030,19.5315105,51.8170872,29.37,0,0,0,0
1031,19.5314576,51.8125905,29.05,0,0,0,0
1032,19.5314047,51.8080937,33.56,0,0,0,0
1033,19.5313519,51.8035969,55.24,0,0,0,0
1034,19.5312990,51.7991001,62.89,0,0,0,0
1035,19.5312462,51.7946033,320.41,0,0,0,0
1036,19.5311933,51.7901065,371.6,0,0,0,0
1037,19.5311405,51.7856097,272.06,0,0,0,0
1038,19.5310877,51.7811129,805.52,0,0,0,0
1039,19.5310349,51.7766161,969.23,0,0,0,0
1040,19.5309821,51.7721193,53.29,0,0,0,0
1041,19.5309294,51.7676225,49.15,0,0,0,0
1042,19.5308766,51.7631257,771.68,0,0,0,0
1043,19.5308239,51.7586289,3898.97,0,0,0,0
1044,19.5307712,51.7541320,3006.24,0,0,0,0
1045,19.5307185,51.7496352,36.37,0,0,0,0
1046,19.5306658,51.7451384,42.65,0,0,0,0
1047,19.5306131,51.7406415,43.67,0,0,0,0
1048,19.5305604,51.7361447,28.93,0,0,0,0
1049,19.5305078,51.7316479,49.38,0,0,0,0
1050,19.5304551,51.7271510,78.81,0,0,0,0
1051,19.5304025,51.7226542,36.36,0,0,0,0
1052,19.5303499,51.7181573,15.21,0,0,0,0
1053,19.5302973,51.7136605,35.41,0,0,0,0
1054,19.5302447,51.7091636,74.58,0,0,0,0
1055,19.5301921,51.7046667,70.07,0,0,0,0
1056,19.5301396,51.7001699,38.84,0,0,0,0
1057,19.5300870,51.6956730,34.77,0,0,0,0
1058,19.5300345,51.6911761,21.91,0,0,0,0
1059,19.5381423,51.8462876,18.32,0,0,0,0
1060,19.5380887,51.8417909,30.82,0,0,0,0
1061,19.5380351,51.8372941,22.39,0,0,0,0
1062,19.5379815,51.8327973,22.96,0,0,0,0
1063,19.5379279,51.8283006,25.11,0,0,0,0
1064,19.5378744,51.8238038,26.65,0,0,0,0
1065,19.5378208,51.8193071,27.61,0,0,0,0
1066,19.5377673,51.8148103,29.05,0,0,0,0
1067,19.5377138,51.8103135,29.05,0,0,0,0
1068,19.5376603,51.8058167,61.14,0,0,0,0
1069,19.5376068,51.8013199,65.58,0,0,0,0
1070,19.5375533,51.7968232,60.6,0,0,0,0
1071,19.5374998,51.7923264,117.2,0,0,0,0
1072,19.5374464,51.7878296,137.35,0,0,0,0
1073,19.5373930,51.7833328,374.05,0,0,0,0
1074,19.5373395,51.7788360,363.15,0,0,0,0
1075,19.5372861,51.7743392,566.32,0,0,0,0
1076,19.5372327,51.7698424,30.77,0,0,0,0
1077,19.5371794,51.7653456,104.51,0,0,0,0
1078,19.5371260,51.7608488,1518.78,0,0,0,0
1079,19.5370726,51.7563519,2854.23,0,0,0,0
1080,19.5370193,51.7518551,1693.77,0,0,0,0
1081,19.5369660,51.7473583,0.0,0,0,0,0
1082,19.5369127,51.7428615,0.68,0,0,0,0
1083,19.5368594,51.7383646,54.14,0,0,0,0
1084,19.5368061,51.7338678,41.0,0,0,0,0
1085,19.5367528,51.7293710,51.18,0,0,0,0
1086,19.5366996,51.7248741,44.1,0,0,0,0
1087,19.5366463,51.7203773,15.85,0,0,0,0
1088,19.5365931,51.7158804,72.05,0,0,0,0
1089,19.5365399,51.7113836,152.0,0,0,0,0
1090,19.5364867,51.7068867,44.27,0,0,0,0
1091,19.5364335,51.7023899,35.74,0,0,0,0
1092,19.5363803,51.6978930,34.29,0,0,0,0
1093,19.5363272,51.6933961,10.71,0,0,0,0
1094,19.5444028,51.8440103,16.73,0,0,0,0
1095,19.5443486,51.8395136,19.91,0,0,0,0
1096,19.5442943,51.8350168,19.91,0,0,0,0
1097,19.5442401,51.8305200,19.92,0,0,0,0
1098,19.5441859,51.8260233,26.58,0,0,0,0
1099,19.5441318,51.8215265,26.65,0,0,0,0
1100,19.5440776,51.8170298,26.69,0,0,0,0
1101,19.5440234,51.8125330,29.05,0,0,0,0
1102,19.5439693,51.8080362,36.79,0,0,0,0
1103,19.5439152,51.8035394,46.86,0,0,0,0
1104,19.5438611,51.7990427,41.34,0,0,0,0
1105,19.5438070,51.7945459,39.85,0,0,0,0
1106,19.5437529,51.7900491,35.42,0,0,0,0
1107,19.5436988,51.7855523,71.43,0,0,0,0
1108,19.5436448,51.7810555,133.19,0,0,0,0
1109,19.5435907,51.7765587,400.33,0,0,0,0
1110,19.5435367,51.7720619,178.16,0,0,0,0
1111,19.5434827,51.7675651,33.13,0,0,0,0
1112,19.5434287,51.7630683,879.22,0,0,0,0
1113,19.5433747,51.7585715,3832.82,0,0,0,0
1114,19.5433207,51.7540747,1229.31,0,0,0,0
1115,19.5432668,51.7495779,41.79,0,0,0,0
1116,19.5432129,51.7450811,9.67,0,0,0,0
1117,19.5431589,51.7405842,42.28,0,0,0,0
1118,19.5431050,51.7360874,27.99,0,0,0,0
1119,19.5430511,51.7315906,30.47,0,0,0,0
1120,19.5429972,51.7270937,40.53,0,0,0,0
1121,19.5429434,51.7225969,25.56,0,0,0,0
1122,19.5428895,51.7181001,26.27,0,0,0,0
1123,19.5428357,51.7136032,264.56,0,0,0,0
1124,19.5427818,51.7091064,58.09,0,0,0,0
1125,19.5427280,51.7046095,29.27,0,0,0,0
1126,19.5426742,51.7001127,29.91,0,0,0,0
1127,19.5426204,51.6956158,17.7,0,0,0,0
1128,19.5507175,51.8462294,1.53,0,0,0,0
1129,19.5506626,51.8417327,19.5,0,0,0,0
1130,19.5506078,51.8372359,19.91,0,0,0,0
1131,19.5505529,51.8327392,18.2,0,0,0,0
1132,19.5504981,51.8282424,4.39,0,0,0,0
1133,19.5504433,51.8237457,7.23,0,0,0,0
1134,19.5503885,51.8192489,3.47,0,0,0,0
1135,19.5503337,51.8147521,14.31,0,0,0,0
1136,19.5502789,51.8102554,29.04,0,0,0,0
1137,19.5502242,51.8057586,30.76,0,0,0,0
1138,19.5501694,51.8012618,30.87,0,0,0,0
1139,19.5501147,51.7967651,32.27,0,0,0,0
1140,19.5500600,51.7922683,35.42,0,0,0,0
1141,19.5500053,51.7877715,35.42,0,0,0,0
1142,19.5499506,51.7832747,35.42,0,0,0,0
1143,19.5498959,51.7787779,35.42,0,0,0,0
1144,19.5498413,51.7742811,160.25,0,0,0,0
1145,19.5497866,51.7697843,34.72,0,0,0,0
1146,19.5497320,51.7652875,140.42,0,0,0,0
1147,19.5496774,51.7607907,1893.8,0,0,0,0
1148,19.5496228,51.7562939,4416.15,0,0,0,0
1149,19.5495682,51.7517971,231.89,0,0,0,0
1150,19.5495137,51.7473003,36.51,0,0,0,0
1151,19.5494591,51.7428035,71.42,0,0,0,0
1152,19.5494046,51.7383067,18.78,0,0,0,0
1153,19.5493500,51.7338098,16.89,0,0,0,0
1154,19.5492955,51.7293130,17.0,0,0,0,0
1155,19.5492410,51.7248162,23.16,0,0,0,0
1156,19.5491865,51.7203193,25.56,0,0,0,0
1157,19.5491321,51.7158225,100.04,0,0,0,0
1158,19.5490776,51.7113257,104.16,0,0,0,0
1159,19.5490232,51.7068288,31.84,0,0,0,0
1160,19.5489687,51.7023320,29.27,0,0,0,0
1161,19.5489143,51.6978351,27.2,0,0,0,0
1162,19.5570328,51.8484482,4.14,0,0,0,0
1163,19.5569773,51.8439514,19.91,0,0,0,0
1164,19.5569218,51.8394547,19.91,0,0,0,0
1165,19.5568663,51.8349580,12.32,0,0,0,0
1166,19.5565892,51.8124742,6.86,0,0,0,0
1167,19.5565338,51.8079774,29.79,0,0,0,0
1168,19.5564784,51.8034807,31.17,0,0,0,0
1169,19.5564231,51.7989839,31.67,0,0,0,0
1170,19.5563677,51.7944871,49.3,0,0,0,0
1171,19.5563124,51.7899904,49.26,0,0,0,0
1172,19.5562571,51.7854936,35.42,0,0,0,0
1173,19.5562018,51.7809968,36.84,0,0,0,0
1174,19.5561465,51.7765000,46.5,0,0,0,0
1175,19.5560912,51.7720032,56.11,0,0,0,0
1176,19.5560360,51.7675064,34.26,0,0,0,0
1177,19.5559807,51.7630096,88.64,0,0,0,0
1178,19.5559255,51.7585128,893.0,0,0,0,0
1179,19.5558703,51.7540160,81.74,0,0,0,0
1180,19.5558151,51.7495192,84.92,0,0,0,0
1181,19.5557599,51.7450224,160.14,0,0,0,0
1182,19.5557047,51.7405256,190.78,0,0,0,0
1183,19.5556496,51.7360288,90.88,0,0,0,0
1184,19.5555944,51.7315319,16.89,0,0,0,0
1185,19.5555393,51.7270351,16.89,0,0,0,0
1186,19.5554842,51.7225383,17.45,0,0,0,0
1187,19.5554291,51.7180415,83.22,0,0,0,0
1188,19.5553740,51.7135446,87.13,0,0,0,0
1189,19.5553189,51.7090478,43.73,0,0,0,0
1190,19.5552639,51.7045509,29.27,0,0,0,0
1191,19.5552088,51.7000541,29.27,0,0,0,0
1192,19.5551538,51.6955572,7.36,0,0,0,0
1193,19.5632926,51.8461699,4.54,0,0,0,0
1194,19.5632365,51.8416731,16.84,0,0,0,0
1195,19.5631804,51.8371764,14.08,0,0,0,0
1196,19.5628440,51.8101959,12.05,0,0,0,0
1197,19.5627880,51.8056992,32.83,0,0,0,0
1198,19.5627320,51.8012024,32.94,0,0,0,0
1199,19.5626761,51.7967056,40.19,0,0,0,0
1200,19.5626201,51.7922089,65.09,0,0,0,0
1201,19.5625642,51.7877121,85.16,0,0,0,0
1202,19.5625082,51.7832153,57.35,0,0,0,0
1203,19.5624523,51.7787185,57.82,0,0,0,0
1204,19.5623964,51.7742217,57.82,0,0,0,0
1205,19.5623405,51.7697250,44.67,0,0,0,0
1206,19.5622846,51.7652282,39.33,0,0,0,0
1207,19.5622288,51.7607314,40.58,0,0,0,0
1208,19.5621729,51.7562346,44.98,0,0,0,0
1209,19.5621171,51.7517378,133.3,0,0,0,0
1210,19.5620613,51.7472410,685.59,0,0,0,0
1211,19.5620055,51.7427442,1956.66,0,0,0,0
1212,19.5619497,51.7382473,1642.95,0,0,0,0
1213,19.5618939,51.7337505,282.9,0,0,0,0
1214,19.5618382,51.7292537,52.43,0,0,0,0
1215,19.5617824,51.7247569,23.77,0,0,0,0
1216,19.5617267,51.7202601,62.77,0,0,0,0
1217,19.5616710,51.7157632,81.27,0,0,0,0
1218,19.5616153,51.7112664,70.41,0,0,0,0
1219,19.5615596,51.7067696,29.27,0,0,0,0
1220,19.5615039,51.7022727,14.98,0,0,0,0
1221,19.5614483,51.6977759,10.03,0,0,0,0
1222,19.5694950,51.8393945,2.43,0,0,0,0
1223,19.5691549,51.8124141,17.48,0,0,0,0
1224,19.5690983,51.8079173,34.56,0,0,0,0
1225,19.5690416,51.8034205,32.94,0,0,0,0
1226,19.5689850,51.7989238,32.94,0,0,0,0
1227,19.5689284,51.7944270,77.92,0,0,0,0
1228,19.5688719,51.7899303,127.71,0,0,0,0
1229,19.5688153,51.7854335,100.84,0,0,0,0
1230,19.5687587,51.7809367,65.16,0,0,0,0
1231,19.5687022,51.7764399,57.57,0,0,0,0
1232,19.5686457,51.7719432,57.07,0,0,0,0
1233,19.5685892,51.7674464,46.45,0,0,0,0
1234,19.5685327,51.7629496,53.37,0,0,0,0
1235,19.5684762,51.7584528,47.61,0,0,0,0
1236,19.5684198,51.7539560,1725.35,0,0,0,0
1237,19.5683633,51.7494592,3077.31,0,0,0,0
1238,19.5683069,51.7449624,2652.17,0,0,0,0
1239,19.5682505,51.7404656,3505.05,0,0,0,0
1240,19.5681941,51.7359688,372.11,0,0,0,0
1241,19.5681377,51.7314720,244.57,0,0,0,0
1242,19.5680813,51.7269752,108.78,0,0,0,0
1243,19.5680249,51.7224783,43.86,0,0,0,0
1244,19.5679686,51.7179815,45.26,0,0,0,0
1245,19.5679123,51.7134847,72.82,0,0,0,0
1246,19.5678560,51.7089879,44.44,0,0,0,0
1247,19.5677997,51.7044910,15.9,0,0,0,0
1248,19.5754664,51.8146319,20.47,0,0,0,0
1249,19.5754091,51.8101351,40.83,0,0,0,0
1250,19.5753519,51.8056384,37.87,0,0,0,0
1251,19.5752946,51.8011416,32.94,0,0,0,0
1252,19.5752374,51.7966448,35.37,0,0,0,0
1253,19.5751802,51.7921481,313.11,0,0,0,0
1254,19.5751230,51.7876513,111.22,0,0,0,0
1255,19.5750658,51.7831546,150.43,0,0,0,0
1256,19.5750086,51.7786578,53.7,0,0,0,0
1257,19.5749515,51.7741610,50.17,0,0,0,0
1258,19.5748943,51.7696642,47.9,0,0,0,0
1259,19.5748372,51.7651675,46.59,0,0,0,0
1260,19.5747801,51.7606707,64.57,0,0,0,0
1261,19.5747230,51.7561739,152.24,0,0,0,0
1262,19.5746660,51.7516771,355.98,0,0,0,0
1263,19.5746089,51.7471803,707.0,0,0,0,0
1264,19.5745518,51.7426835,1941.17,0,0,0,0
1265,19.5744948,51.7381867,1575.66,0,0,0,0
1266,19.5744378,51.7336899,390.69,0,0,0,0
1267,19.5743808,51.7291931,79.26,0,0,0,0
1268,19.5743238,51.7246963,45.36,0,0,0,0
1269,19.5742668,51.7201995,43.86,0,0,0,0
1270,19.5742099,51.7157026,49.74,0,0,0,0
1271,19.5741529,51.7112058,60.38,0,0,0,0
1272,19.5740960,51.7067090,21.51,0,0,0,0
1273,19.5817785,51.8168493,10.23,0,0,0,0
1274,19.5817206,51.8123526,40.83,0,0,0,0
1275,19.5816627,51.8078558,40.83,0,0,0,0
1276,19.5816048,51.8033591,40.6,0,0,0,0
1277,19.5815470,51.7988623,35.19,0,0,0,0
1278,19.5814891,51.7943656,108.28,0,0,0,0
1279,19.5814313,51.7898688,124.96,0,0,0,0
1280,19.5813735,51.7853721,161.46,0,0,0,0
1281,19.5813157,51.7808753,152.81,0,0,0,0
1282,19.5812579,51.7763785,48.9,0,0,0,0
1283,19.5812001,51.7718818,48.49,0,0,0,0
1284,19.5811424,51.7673850,46.45,0,0,0,0
1285,19.5810846,51.7628882,50.37,0,0,0,0
1286,19.5810269,51.7583914,70.94,0,0,0,0
1287,19.5809692,51.7538946,161.96,0,0,0,0
1288,19.5809115,51.7493979,128.09,0,0,0,0
1289,19.5808538,51.7449011,162.22,0,0,0,0
1290,19.5807962,51.7404043,257.34,0,0,0,0
1291,19.5807385,51.7359075,30.93,0,0,0,0
1292,19.5806809,51.7314107,30.93,0,0,0,0
1293,19.5806233,51.7269139,39.48,0,0,0,0
1294,19.5805657,51.7224170,43.89,0,0,0,0
1295,19.5805081,51.7179202,43.86,0,0,0,0
1296,19.5804505,51.7134234,55.31,0,0,0,0
1297,19.5803930,51.7089266,45.11,0,0,0,0
1298,19.5803354,51.7044298,18.28,0,0,0,0
1299,19.5880327,51.8145697,34.62,0,0,0,0
1300,19.5879741,51.8100730,40.78,0,0,0,0
1301,19.5879156,51.8055762,40.69,0,0,0,0
1302,19.5878571,51.8010795,40.58,0,0,0,0
1303,19.5877987,51.7965827,38.54,0,0,0,0
1304,19.5877402,51.7920860,103.64,0,0,0,0
1305,19.5876818,51.7875892,125.63,0,0,0,0
1306,19.5876233,51.7830925,122.3,0,0,0,0
1307,19.5875649,51.7785957,91.65,0,0,0,0
1308,19.5875065,51.7740989,48.47,0,0,0,0
1309,19.5874481,51.7696022,47.06,0,0,0,0
1310,19.5873898,51.7651054,46.45,0,0,0,0
1311,19.5873314,51.7606086,59.15,0,0,0,0
1312,19.5872731,51.7561119,61.88,0,0,0,0
1313,19.5872147,51.7516151,61.62,0,0,0,0
1314,19.5871564,51.7471183,30.46,0,0,0,0
1315,19.5870981,51.7426215,30.86,0,0,0,0
1316,19.5870399,51.7381247,30.93,0,0,0,0
1317,19.5869816,51.7336279,31.0,0,0,0,0
1318,19.5869234,51.7291311,35.99,0,0,0,0
1319,19.5868651,51.7246343,43.92,0,0,0,0
1320,19.5868069,51.7201375,43.9,0,0,0,0
1321,19.5867487,51.7156407,43.86,0,0,0,0
1322,19.5866905,51.7111439,57.3,0,0,0,0
1323,19.5866323,51.7066471,31.07,0,0,0,0
1324,19.5865742,51.7021502,5.12,0,0,0,0
1325,19.5943454,51.8167865,6.03,0,0,0,0
1326,19.5942862,51.8122897,38.26,0,0,0,0
1327,19.5942271,51.8077930,38.13,0,0,0,0
1328,19.5941679,51.8032963,38.05,0,0,0,0
1329,19.5941088,51.7987995,453.24,0,0,0,0
1330,19.5940497,51.7943028,149.85,0,0,0,0
1331,19.5939907,51.7898060,34.91,0,0,0,0
1332,19.5939316,51.7853093,32.07,0,0,0,0
1333,19.5938726,51.7808125,32.07,0,0,0,0
1334,19.5938135,51.7763158,33.33,0,0,0,0
1335,19.5937545,51.7718190,44.65,0,0,0,0
1336,19.5936955,51.7673223,44.78,0,0,0,0
1337,19.5936365,51.7628255,40.07,0,0,0,0
1338,19.5935776,51.7583287,32.02,0,0,0,0
1339,19.5935186,51.7538319,30.46,0,0,0,0
1340,19.5934597,51.7493352,40.34,0,0,0,0
1341,19.5934007,51.7448384,30.81,0,0,0,0
1342,19.5933418,51.7403416,36.31,0,0,0,0
1343,19.5932829,51.7358448,38.83,0,0,0,0
1344,19.5932241,51.7313480,41.82,0,0,0,0
1345,19.5931652,51.7268512,43.92,0,0,0,0
1346,19.5931063,51.7223544,43.92,0,0,0,0
1347,19.5930475,51.7178576,43.44,0,0,0,0
1348,19.5929887,51.7133608,41.23,0,0,0,0
1349,19.5929299,51.7088640,41.31,0,0,0,0
1350,19.5928711,51.7043672,39.57,0,0,0,0
1351,19.5928123,51.6998704,18.99,0,0,0,0
1352,19.6005989,51.8145062,25.13,0,0,0,0
1353,19.6005391,51.8100095,37.98,0,0,0,0
1354,19.6004794,51.8055127,37.98,0,0,0,0
1355,19.6004196,51.8010160,47.7,0,0,0,0
1356,19.6003599,51.7965193,103.58,0,0,0,0
1357,19.6003002,51.7920225,43.95,0,0,0,0
1358,19.6002405,51.7875258,37.98,0,0,0,0
1359,19.6001808,51.7830290,32.69,0,0,0,0
1360,19.6001211,51.7785323,32.07,0,0,0,0
1361,19.6000615,51.7740355,30.12,0,0,0,0
1362,19.6000019,51.7695388,28.62,0,0,0,0
1363,19.5999423,51.7650420,28.3,0,0,0,0
1364,19.5998827,51.7605452,28.3,0,0,0,0
1365,19.5998231,51.7560485,34.29,0,0,0,0
1366,19.5997635,51.7515517,52.3,0,0,0,0
1367,19.5997039,51.7470549,52.47,0,0,0,0
1368,19.5996444,51.7425582,47.04,0,0,0,0
1369,19.5995849,51.7380614,42.14,0,0,0,0
1370,19.5995254,51.7335646,42.14,0,0,0,0
1371,19.5994659,51.7290678,40.93,0,0,0,0
1372,19.5994064,51.7245710,43.59,0,0,0,0
1373,19.5993469,51.7200742,43.92,0,0,0,0
1374,19.5992875,51.7155774,40.87,0,0,0,0
1375,19.5992281,51.7110806,41.12,0,0,0,0
1376,19.5991687,51.7065838,41.12,0,0,0,0
1377,19.5991093,51.7020870,41.09,0,0,0,0
1378,19.5990499,51.6975902,12.87,0,0,0,0
1379,19.6069122,51.8167223,3.27,0,0,0,0
1380,19.6068518,51.8122256,37.98,0,0,0,0
1381,19.6067914,51.8077289,37.98,0,0,0,0
1382,19.6067310,51.8032321,60.57,0,0,0,0
1383,19.6066707,51.7987354,102.79,0,0,0,0
1384,19.6066103,51.7942387,60.51,0,0,0,0
1385,19.6065500,51.7897419,39.5,0,0,0,0
1386,19.6064897,51.7852452,39.5,0,0,0,0
1387,19.6064294,51.7807484,35.43,0,0,0,0
1388,19.6063691,51.7762517,29.34,0,0,0,0
1389,19.6063088,51.7717549,28.3,0,0,0,0
1390,19.6062486,51.7672582,28.3,0,0,0,0
1391,19.6061884,51.7627614,28.3,0,0,0,0
1392,19.6061281,51.7582647,44.5,0,0,0,0
1393,19.6060679,51.7537679,51.98,0,0,0,0
1394,19.6060078,51.7492711,52.03,0,0,0,0
1395,19.6059476,51.7447744,103.22,0,0,0,0
1396,19.6058874,51.7402776,404.95,0,0,0,0
1397,19.6058273,51.7357808,100.68,0,0,0,0
1398,19.6057672,51.7312840,38.49,0,0,0,0
1399,19.6057071,51.7267872,34.74,0,0,0,0
1400,19.6056470,51.7222905,38.85,0,0,0,0
1401,19.6055869,51.7177937,35.1,0,0,0,0
1402,19.6055269,51.7132969,36.79,0,0,0,0
1403,19.6054668,51.7088001,41.12,0,0,0,0
1404,19.6054068,51.7043033,40.48,0,0,0,0
1405,19.6053468,51.6998065,17.38,0,0,0,0
1406,19.6131651,51.8144413,14.14,0,0,0,0
1407,19.6131040,51.8099446,25.92,0,0,0,0
1408,19.6130430,51.8054479,59.76,0,0,0,0
1409,19.6129820,51.8009512,106.91,0,0,0,0
1410,19.6129211,51.7964545,74.45,0,0,0,0
1411,19.6128601,51.7919577,48.32,0,0,0,0
1412,19.6127992,51.7874610,39.5,0,0,0,0
1413,19.6127382,51.7829643,36.64,0,0,0,0
1414,19.6126773,51.7784675,7.6,0,0,0,0
1415,19.6126164,51.7739708,24.42,0,0,0,0
1416,19.6125556,51.7694740,28.3,0,0,0,0
1417,19.6124947,51.7649773,28.3,0,0,0,0
1418,19.6124338,51.7604805,60.12,0,0,0,0
1419,19.6123730,51.7559838,74.84,0,0,0,0
1420,19.6123122,51.7514870,58.2,0,0,0,0
1421,19.6122514,51.7469902,80.19,0,0,0,0
1422,19.6121906,51.7424935,291.73,0,0,0,0
1423,19.6121298,51.7379967,399.61,0,0,0,0
1424,19.6120691,51.7334999,158.08,0,0,0,0
1425,19.6120084,51.7290031,36.45,0,0,0,0
1426,19.6119476,51.7245064,34.35,0,0,0,0
1427,19.6118869,51.7200096,34.35,0,0,0,0
1428,19.6118262,51.7155128,34.35,0,0,0,0
1429,19.6117656,51.7110160,36.61,0,0,0,0
1430,19.6117049,51.7065192,38.33,0,0,0,0
1431,19.6116443,51.7020224,17.82,0,0,0,0
1432,19.6115836,51.6975256,0.0,0,0,0,0
1433,19.6192940,51.8031666,12.76,0,0,0,0
1434,19.6192324,51.7986699,26.24,0,0,0,0
1435,19.6191708,51.7941732,29.41,0,0,0,0
1436,19.6191093,51.7896765,8.99,0,0,0,0
1437,19.6190477,51.7851797,7.61,0,0,0,0
1438,19.6189862,51.7806830,0.02,0,0,0,0
1439,19.6188631,51.7716895,13.19,0,0,0,0
1440,19.6188016,51.7671928,27.56,0,0,0,0
1441,19.6187402,51.7626960,31.83,0,0,0,0
1442,19.6186787,51.7581993,77.01,0,0,0,0
1443,19.6186173,51.7537025,77.15,0,0,0,0
1444,19.6185558,51.7492058,125.97,0,0,0,0
1445,19.6184944,51.7447090,607.98,0,0,0,0
1446,19.6184330,51.7402122,303.74,0,0,0,0
1447,19.6183716,51.7357155,194.78,0,0,0,0
1448,19.6183103,51.7312187,139.26,0,0,0,0
1449,19.6182489,51.7267219,60.01,0,0,0,0
1450,19.6181876,51.7222252,34.35,0,0,0,0
1451,19.6181263,51.7177284,34.35,0,0,0,0
1452,19.6180650,51.7132316,29.77,0,0,0,0
1453,19.6180037,51.7087348,12.1,0,0,0,0
1454,19.6251092,51.7694079,2.49,0,0,0,0
1455,19.6250471,51.7649112,0.5,0,0,0,0
1456,19.6249850,51.7604145,4.07,0,0,0,0
1457,19.6249229,51.7559177,45.22,0,0,0,0
1458,19.6248609,51.7514210,111.34,0,0,0,0
1459,19.6247988,51.7469242,241.97,0,0,0,0
1460,19.6247368,51.7424275,365.1,0,0,0,0
1461,19.6246748,51.7379307,306.04,0,0,0,0
1462,19.6246128,51.7334339,173.02,0,0,0,0
1463,19.6245508,51.7289372,113.4,0,0,0,0
1464,19.6244888,51.7244404,62.49,0,0,0,0
1465,19.6244269,51.7199436,27.09,0,0,0,0
1466,19.6243649,51.7154468,8.4,0,0,0,0
1467,19.6311665,51.7536358,92.93,0,0,0,0
1468,19.6311038,51.7491391,43.78,0,0,0,0
1469,19.6310412,51.7446423,12.39,0,0,0,0
1470,19.6309785,51.7401456,25.48,0,0,0,0
1471,19.6309159,51.7356488,33.22,0,0,0,0
1472,19.6308533,51.7311520,21.63,0,0,0,0
1473,19.6307907,51.7266553,28.9,0,0,0,0
1474,19.6307281,51.7221585,7.41,0,0,0,0
1475,19.6374728,51.7558503,19.59,0,0,0,0
1476,19.6374095,51.7513536,13.47,0,0,0,0
mp/11591119,19.4690166,51.7568509,0,1,0,0,0
mp/w88825592,19.4767229,51.7509886,0,1,0,0,0
mp/w101350371,19.5338952,51.7807166,0,1,0,0,0
mp/w101370836,19.4042791,51.7930724,0,1,0,0,0
mp/w102980572,19.4230176,51.8203276,0,1,0,0,0
mp/w103000058,19.4258228,51.8179113,0,1,0,0,0
mp/w103004822,19.4714959,51.7794312,0,1,0,0,0
mp/w103526304,19.4905946,51.7747733,0,1,0,0,0
mp/w105116071,19.4677165,51.7262183,0,1,0,0,0
mp/w106780763,19.4659973,51.7918671,0,1,0,0,0
mp/w112391229,19.3442850,51.6559605,0,1,0,0,0
mp/w112398657,19.3299815,51.6566390,0,1,0,0,0
mp/w119370159,19.3867154,51.6856522,0,1,0,0,0
mp/w124532736,19.4535135,51.7939992,0,1,0,0,0
mp/w124532756,19.4538189,51.7938000,0,1,0,0,0
mp/w128875646,19.3538330,51.6688040,0,1,0,0,0
mp/w129042860,19.6354136,51.8499596,0,1,0,0,0
mp/w132539793,19.4185750,51.6626866,0,1,0,0,0
mp/w132904774,19.2870417,51.6441711,0,1,0,0,0
mp/w132954939,19.4318694,51.7158836,0,1,0,0,0
mp/w135762660,19.4851996,51.7662469,0,1,0,0,0
mp/w149827958,19.3761409,51.6628113,0,1,0,0,0
mp/w165776817,19.3304210,51.6595474,0,1,0,0,0
mp/w165786001,19.3478392,51.6664247,0,1,0,0,0
mp/w165840089,19.3559868,51.6705237,0,1,0,0,0
mp/w165840191,19.3563275,51.6698213,0,1,0,0,0
mp/w171449120,19.3884483,51.7472024,0,1,0,0,0
mp/w171561195,19.4408055,51.7004698,0,1,0,0,0
mp/w172170169,19.4440514,51.7306103,0,1,0,0,0
mp/w173690470,19.3874452,51.7946688,0,1,0,0,0
mp/w174542160,19.4547579,51.8038977,0,1,0,0,0
mp/w174638544,19.4401549,51.7801847,0,1,0,0,0
mp/w175758281,19.5602689,51.7415775,0,1,0,0,0
mp/w176868455,19.2937731,51.6787337,0,1,0,0,0
mp/w176877430,19.4029337,51.7641343,0,1,0,0,0
mp/w177295103,19.4255486,51.7047217,0,1,0,0,0
mp/w178200747,19.5453023,51.7109217,0,1,0,0,0
mp/w178283860,19.4635248,51.7637288,0,1,0,0,0
mp/w178288921,19.4662842,51.7281810,0,1,0,0,0
mp/w178479599,19.4238498,51.7520027,0,1,0,0,0
mp/w179581625,19.3225649,51.7908931,0,1,0,0,0
mp/w188086606,19.4463871,51.7554174,0,1,0,0,0
mp/w201543322,19.2176062,51.7702450,0,1,0,0,0
mp/w209291088,19.3788203,51.6550708,0,1,0,0,0
mp/w222695306,19.3848227,51.7795459,0,1,0,0,0
mp/w238370464,19.3881864,51.7474756,0,1,0,0,0
mp/w243109153,19.4514720,51.7735747,0,1,0,0,0
mp/w255614305,19.4423843,51.7633895,0,1,0,0,0
mp/w255854318,19.3900407,51.7956911,0,1,0,0,0
mp/w256775162,19.5099525,51.7625123,0,1,0,0,0
mp/w260254419,19.3897943,51.8006637,0,1,0,0,0
mp/w271252108,19.4460517,51.7114008,0,1,0,0,0
mp/w277525353,19.4919237,51.7423403,0,1,0,0,0
mp/w298557776,19.4486335,51.7947347,0,1,0,0,0
mp/w305970214,19.4436639,51.8241076,0,1,0,0,0
mp/w309048674,19.4868871,51.7947279,0,1,0,0,0
mp/w313238879,19.4540967,51.7938799,0,1,0,0,0
mp/w313238880,19.4536562,51.7938642,0,1,0,0,0
mp/w313238881,19.4539838,51.7938593,0,1,0,0,0
mp/w314487712,19.5027031,51.7409901,0,1,0,0,0
mp/w317163737,19.5448677,51.7609149,0,1,0,0,0
mp/w318807496,19.4778594,51.7616312,0,1,0,0,0
mp/w318976354,19.4843080,51.7551315,0,1,0,0,0
mp/w319393888,19.4583561,51.7967581,0,1,0,0,0
mp/w319493079,19.6818244,51.8842173,0,1,0,0,0
mp/w321034219,19.4308600,51.8263218,0,1,0,0,0
mp/w327877752,19.4587687,51.6417222,0,1,0,0,0
mp/w331588689,19.6344897,51.7208273,0,1,0,0,0
mp/w340202443,19.5007506,51.7442889,0,1,0,0,0
mp/w340488269,19.4971390,51.7430634,0,1,0,0,0
mp/w359309704,19.3871126,51.6854748,0,1,0,0,0
mp/w362098186,19.4039159,51.7930189,0,1,0,0,0
mp/w364456780,19.3983933,51.7902501,0,1,0,0,0
mp/w364457393,19.3865402,51.7922921,0,1,0,0,0
mp/w364560848,19.4057500,51.7913220,0,1,0,0,0
mp/w366435765,19.3744136,51.7923824,0,1,0,0,0
mp/w366502335,19.3783381,51.7945275,0,1,0,0,0
mp/w366520193,19.3806050,51.7987211,0,1,0,0,0
mp/w366938062,19.3730453,51.7970560,0,1,0,0,0
mp/w367297160,19.3988003,51.7928380,0,1,0,0,0
mp/w368905313,19.3894098,51.7842738,0,1,0,0,0
mp/w377972887,19.4265633,51.7501087,0,1,0,0,0
mp/w378173035,19.4156006,51.7900721,0,1,0,0,0
mp/w378173560,19.4278228,51.7817645,0,1,0,0,0
mp/w379371923,19.4320451,51.7832354,0,1,0,0,0
mp/w379756725,19.4237260,51.7874938,0,1,0,0,0
mp/w380570076,19.3958730,51.7991426,0,1,0,0,0
mp/w388082553,19.3413162,51.6655229,0,1,0,0,0
mp/w388083321,19.3527616,51.6671375,0,1,0,0,0
mp/w395856967,19.4771518,51.7778993,0,1,0,0,0
mp/w401292034,19.4127012,51.7754955,0,1,0,0,0
mp/w405201471,19.4947272,51.7498252,0,1,0,0,0
mp/w405380330,19.4580123,51.7454481,0,1,0,0,0
mp/w406067483,19.5102448,51.7629045,0,1,0,0,0
mp/w406286705,19.4842217,51.7458983,0,1,0,0,0
mp/w410517040,19.4619004,51.7566121,0,1,0,0,0
mp/w410517042,19.4626412,51.7572619,0,1,0,0,0
mp/w410545640,19.4619187,51.7546027,0,1,0,0,0
mp/w412748306,19.5060951,51.7723018,0,1,0,0,0
mp/w412758558,19.4427330,51.7514930,0,1,0,0,0
mp/w415804411,19.4947992,51.7722585,0,1,0,0,0
mp/w417598262,19.3184255,51.6908668,0,1,0,0,0
mp/w429856101,19.4721165,51.7563251,0,1,0,0,0
mp/w429911162,19.4645708,51.7556471,0,1,0,0,0
mp/w436868272,19.4627182,51.7637126,0,1,0,0,0
mp/w439364487,19.3740071,51.8107251,0,1,0,0,0
mp/w439378761,19.4302932,51.7924586,0,1,0,0,0
mp/w441764337,19.4374372,51.7588291,0,1,0,0,0
mp/w443201679,19.4657070,51.7740195,0,1,0,0,0
mp/w443203723,19.4596476,51.7756886,0,1,0,0,0
mp/w443203724,19.4610404,51.7767740,0,1,0,0,0
mp/w443203735,19.4582650,51.7776610,0,1,0,0,0
mp/w443794150,19.4699680,51.7756553,0,1,0,0,0
mp/w444603014,19.4464226,51.7711169,0,1,0,0,0
mp/w444603038,19.4417709,51.7702642,0,1,0,0,0
mp/w444607118,19.4331254,51.7700190,0,1,0,0,0
mp/w444610885,19.4471831,51.7724568,0,1,0,0,0
mp/w444610886,19.4458849,51.7720757,0,1,0,0,0
mp/w444627076,19.4500262,51.7752543,0,1,0,0,0
mp/w445153364,19.4572234,51.7828719,0,1,0,0,0
mp/w446330272,19.4767631,51.7777748,0,1,0,0,0
mp/w447705472,19.4773837,51.7628813,0,1,0,0,0
mp/w447831220,19.4813523,51.7659876,0,1,0,0,0
mp/w448926544,19.4534499,51.7410422,0,1,0,0,0
mp/w449894862,19.4807470,51.7769686,0,1,0,0,0
mp/w450002145,19.4986114,51.7342450,0,1,0,0,0
mp/w450107872,19.4956407,51.7300492,0,1,0,0,0
mp/w450110018,19.4926798,51.7309758,0,1,0,0,0
mp/w450131804,19.4903220,51.7359315,0,1,0,0,0
mp/w450808536,19.4231258,51.7748412,0,1,0,0,0
mp/w450808542,19.4280782,51.7783851,0,1,0,0,0
mp/w451515337,19.4910271,51.7773947,0,1,0,0,0
mp/w453591141,19.4922779,51.7729881,0,1,0,0,0
mp/w454588141,19.4357690,51.7956985,0,1,0,0,0
mp/w456154202,19.4662587,51.7462413,0,1,0,0,0
mp/w456202123,19.4659254,51.7428475,0,1,0,0,0
mp/w462362916,19.4710211,51.7466040,0,1,0,0,0
mp/w462400851,19.4566251,51.7389291,0,1,0,0,0
mp/w463896450,19.4817977,51.8057001,0,1,0,0,0
mp/w466418130,19.4753738,51.7442735,0,1,0,0,0
mp/w467727234,19.2918348,51.8106108,0,1,0,0,0
mp/w469364841,19.3107146,51.8158863,0,1,0,0,0
mp/w470592985,19.3044681,51.8172115,0,1,0,0,0
mp/w470952267,19.3094776,51.8204036,0,1,0,0,0
mp/w471117359,19.3021198,51.8219140,0,1,0,0,0
mp/w471126975,19.3039919,51.8224832,0,1,0,0,0
mp/w471711862,19.2813113,51.8347055,0,1,0,0,0
mp/w472125169,19.4476205,51.7370484,0,1,0,0,0
mp/w473984231,19.4530320,51.7557865,0,1,0,0,0
mp/w474131928,19.4528128,51.7561291,0,1,0,0,0
mp/w474685696,19.4463680,51.7114336,0,1,0,0,0
mp/w475509064,19.4609570,51.7606066,0,1,0,0,0
mp/w481851283,19.4458026,51.7322498,0,1,0,0,0
mp/w481851309,19.4457028,51.7298937,0,1,0,0,0
mp/w482812380,19.5532387,51.7086908,0,1,0,0,0
mp/w483293616,19.4956348,51.6598291,0,1,0,0,0
mp/w483534796,19.5036020,51.7650606,0,1,0,0,0
mp/w493445030,19.4344036,51.7961759,0,1,0,0,0
mp/w494829593,19.2431702,51.6347716,0,1,0,0,0
mp/w499094684,19.3225040,51.7513342,0,1,0,0,0
mp/w499128954,19.4735562,51.8100336,0,1,0,0,0
mp/w499242220,19.3253344,51.7495808,0,1,0,0,0
mp/w500081399,19.3537974,51.7477099,0,1,0,0,0
mp/w500436118,19.3281318,51.7462137,0,1,0,0,0
mp/w500642500,19.4397506,51.7969740,0,1,0,0,0
mp/w501000223,19.3147339,51.7481022,0,1,0,0,0
mp/w501661341,19.3069213,51.7507379,0,1,0,0,0
mp/w527841543,19.4927593,51.7141346,0,1,0,0,0
mp/w527841552,19.4925061,51.7157959,0,1,0,0,0
mp/w528117155,19.4912261,51.7198730,0,1,0,0,0
mp/w528993358,19.2410837,51.6998027,0,1,0,0,0
mp/w530244378,19.4812483,51.7880380,0,1,0,0,0
mp/w531091358,19.4232977,51.7516715,0,1,0,0,0
mp/w534581561,19.5452129,51.7566134,0,1,0,0,0
mp/w542597546,19.4741404,51.7760066,0,1,0,0,0
mp/w543085767,19.4780038,51.7784079,0,1,0,0,0
mp/w555535042,19.3954965,51.6822707,0,1,0,0,0
mp/w556280041,19.4295015,51.7277913,0,1,0,0,0
mp/w556351741,19.4613842,51.7259373,0,1,0,0,0
mp/w630309305,19.4666747,51.7918573,0,1,0,0,0
mp/w630330508,19.4616341,51.7961759,0,1,0,0,0
mp/w631290504,19.4528028,51.7243702,0,1,0,0,0
mp/w637243748,19.4678380,51.8080814,0,1,0,0,0
mp/w637606657,19.4581148,51.7903475,0,1,0,0,0
mp/w637606658,19.4621349,51.7897793,0,1,0,0,0
mp/w637606660,19.4666062,51.7897975,0,1,0,0,0
mp/w637606663,19.4760057,51.7933075,0,1,0,0,0
mp/w637606665,19.4728729,51.7929711,0,1,0,0,0
mp/w643377826,19.4843199,51.7317667,0,1,0,0,0
mp/w648175906,19.3503238,51.6631945,0,1,0,0,0
mp/w651195717,19.3529005,51.6683717,0,1,0,0,0
mp/w651989765,19.3544144,51.6686082,0,1,0,0,0
mp/w653238864,19.3564115,51.6679301,0,1,0,0,0
mp/w654280768,19.3621494,51.6654369,0,1,0,0,0
mp/w659688970,19.4515332,51.7642811,0,1,0,0,0
mp/w659688975,19.4525483,51.7630635,0,1,0,0,0
mp/w669568716,19.4340952,51.7848258,0,1,0,0,0
mp/w670262514,19.4417019,51.7854739,0,1,0,0,0
mp/w671248966,19.4364056,51.7871223,0,1,0,0,0
mp/w671586481,19.4317926,51.7890777,0,1,0,0,0
mp/w671586494,19.4314026,51.7883253,0,1,0,0,0
mp/w671601357,19.4103642,51.7902395,0,1,0,0,0
mp/w671671779,19.4047786,51.8546290,0,1,0,0,0
mp/w671860332,19.4904107,51.7785093,0,1,0,0,0
mp/w673873351,19.4465171,51.7890597,0,1,0,0,0
mp/w695729146,19.4758100,51.7358432,0,1,0,0,0
mp/w700313314,19.2171536,51.7705765,0,1,0,0,0
mp/w750458697,19.3527453,51.6584398,0,1,0,0,0
mp/w796910762,19.6766462,51.6916802,0,1,0,0,0
mp/w815798783,19.4200754,51.8051941,0,1,0,0,0
mp/w825399170,19.4737120,51.8472317,0,1,0,0,0
mp/w825402488,19.4726845,51.7892191,0,1,0,0,0
mp/w835860401,19.6244687,51.7682531,0,1,0,0,0
mp/w850118987,19.3884159,51.7412480,0,1,0,0,0
mp/w850802824,19.3886499,51.7472590,0,1,0,0,0
mp/w851427520,19.3918810,51.7481736,0,1,0,0,0
mp/w851795943,19.3946837,51.7420342,0,1,0,0,0
mp/w851803550,19.3973520,51.7448719,0,1,0,0,0
mp/w853995160,19.4116120,51.7446806,0,1,0,0,0
mp/w853995177,19.4097311,51.7441495,0,1,0,0,0
mp/w854463204,19.4006615,51.7517501,0,1,0,0,0
mp/w854470023,19.4046671,51.7500698,0,1,0,0,0
mp/w859177699,19.4143708,51.7501042,0,1,0,0,0
mp/w859649222,19.4121119,51.7507138,0,1,0,0,0
mp/w861000982,19.4158679,51.7559491,0,1,0,0,0
mp/w866905312,19.3849611,51.7796805,0,1,0,0,0
mp/w879318755,19.3444150,51.6557013,0,1,0,0,0
mp/w879417960,19.6903656,51.6648186,0,1,0,0,0
mp/w900420634,19.6487158,51.7424295,0,1,0,0,0
mp/w913233875,19.6824612,51.7252369,0,1,0,0,0
mp/w935143979,19.5232397,51.7916340,0,1,0,0,0
mp/w938812621,19.4673099,51.7262469,0,1,0,0,0
mp/w939344200,19.4670434,51.7333568,0,1,0,0,0
mp/w940979582,19.4324149,51.7162782,0,1,0,0,0
mp/w941279438,19.4840790,51.7342107,0,1,0,0,0
mp/w941279439,19.4849905,51.7352725,0,1,0,0,0
mp/w941279441,19.4853676,51.7342405,0,1,0,0,0
mp/w947726000,19.4540976,51.7940779,0,1,0,0,0
mp/w969788155,19.4498808,51.8126292,0,1,0,0,0
mp/w980829559,19.4611293,51.7735350,0,1,0,0,0
mp/w993872695,19.4855540,51.7396822,0,1,0,0,0
mp/w995287753,19.4631484,51.7280752,0,1,0,0,0
mp/w996583066,19.3908023,51.7479530,0,1,0,0,0
mp/w996829049,19.5042698,51.7402679,0,1,0,0,0
mp/w996831967,19.4982796,51.7387538,0,1,0,0,0
mp/w998788504,19.6111707,51.6742039,0,1,0,0,0
mp/w1001503799,19.6102801,51.7388924,0,1,0,0,0
mp/w1005811766,19.5197472,51.7563020,0,1,0,0,0
mp/w1005811778,19.5308870,51.7566159,0,1,0,0,0
mp/w1015951902,19.5686788,51.7698051,0,1,0,0,0
mp/w1017114613,19.3691420,51.7977118,0,1,0,0,0
mp/w1019949953,19.5274900,51.7572326,0,1,0,0,0
mp/w1021500123,19.2183548,51.7498628,0,1,0,0,0
mp/w1022656878,19.4689589,51.7210527,0,1,0,0,0
mp/w1023226100,19.4818681,51.7150194,0,1,0,0,0
mp/w1028703688,19.3301997,51.6563313,0,1,0,0,0
mp/w1028705062,19.3299583,51.6593857,0,1,0,0,0
mp/w1028706243,19.3345593,51.6601430,0,1,0,0,0
mp/w1028865901,19.3703747,51.6603699,0,1,0,0,0
mp/w1028867587,19.3758243,51.6628873,0,1,0,0,0
mp/w1032982175,19.3645523,51.6617428,0,1,0,0,0
mp/w1032982176,19.3653729,51.6626407,0,1,0,0,0
mp/w1039297588,19.5117727,51.7679593,0,1,0,0,0
mp/w1040140838,19.4849556,51.7286712,0,1,0,0,0
mp/w1065091902,19.4901635,51.7611766,0,1,0,0,0
mp/w1067867891,19.4742901,51.7892073,0,1,0,0,0
mp/w1069910735,19.5036815,51.7656796,0,1,0,0,0
mp/w1076805023,19.5615752,51.7439769,0,1,0,0,0
mp/w1130932099,19.5872074,51.7934155,0,1,0,0,0
mp/w1146962394,19.5375684,51.7560171,0,1,0,0,0
mp/w1150896309,19.4980556,51.8154095,0,1,0,0,0
mp/w1151275638,19.4212606,51.8521971,0,1,0,0,0
mp/w1152372547,19.4172816,51.8529608,0,1,0,0,0
mp/w1152372557,19.4179066,51.8538992,0,1,0,0,0
mp/w1163898672,19.5032159,51.7356492,0,1,0,0,0
mp/w1165443700,19.4912458,51.7340333,0,1,0,0,0
mp/w1234038705,19.4686899,51.7461637,0,1,0,0,0
mp/w1240986983,19.4251218,51.8567612,0,1,0,0,0
mp/w1264493690,19.4223829,51.8509906,0,1,0,0,0
mp/w1266184382,19.4101910,51.8619261,0,1,0,0,0
pt/506145809,19.5410487,51.7555866,0,1,0,0,0
pt/729938954,19.4503023,51.7608897,0,1,0,0,0
pt/738461059,19.4770755,51.7023678,0,1,0,0,0
pt/766790950,19.4558735,51.7743369,0,1,0,0,0
pt/766798731,19.3927724,51.8766943,0,1,0,0,0
pt/803014185,19.3896924,51.8601182,0,1,0,0,0
pt/882547849,19.3798977,51.8640172,0,1,0,0,0
pt/1098231740,19.4011520,51.8633673,0,1,0,0,0
pt/1098250760,19.3828253,51.8600108,0,1,0,0,0
pt/1355537809,19.5568309,51.6762042,0,1,0,0,0
pt/1561703145,19.4254541,51.8638779,0,1,0,0,0
pt/1561704070,19.4164848,51.8469667,0,1,0,0,0
pt/1813613826,19.4822752,51.8350509,0,1,0,0,0
pt/1858904122,19.5761490,51.7395170,0,1,0,0,0
pt/1885231479,19.4582627,51.7617375,0,1,0,0,0
pt/1948683686,19.4256932,51.8536990,0,1,0,0,0
pt/2185272967,19.4015320,51.8633709,0,1,0,0,0
pt/2277986593,19.5006063,51.7305873,0,1,0,0,0
pt/2845740218,19.6719215,51.8068054,0,1,0,0,0
pt/4156199389,19.4101150,51.7215060,0,1,0,0,0
pt/4393654389,19.4490660,51.7914256,0,1,0,0,0
pt/4393654391,19.4363417,51.7874703,0,1,0,0,0
pt/4420373006,19.3902082,51.7415290,0,1,0,0,0
pt/4450182656,19.4730796,51.7781213,0,1,0,0,0
pt/5380749909,19.4682240,51.7300318,0,1,0,0,0
pt/5612604980,19.4514995,51.7372745,0,1,0,0,0
pt/6614988269,19.4482065,51.7327701,0,1,0,0,0
pt/9278688658,19.3895622,51.8601143,0,1,0,0,0
pt/9278784635,19.5411144,51.7557510,0,1,0,0,0
pt/9278784636,19.5409588,51.7554156,0,1,0,0,0
pt/10748874005,19.3771287,51.6624582,0,1,0,0,0
mp/w103533259,19.3911832,51.7930786,0,0,1,0,0
mp/w180379625,19.4427289,51.7792715,0,0,1,0,0
mp/w196292599,19.4171527,51.7044238,0,0,1,0,0
mp/w257335120,19.4414840,51.8225088,0,0,1,0,0
mp/w622059232,19.5101509,51.7926459,0,0,1,0,0
mp/w690686288,19.5348534,51.7571468,0,0,1,0,0
pt/1045963165,19.3986424,51.7479890,0,0,1,0,0
pt/935801508,19.4421559,51.8199906,0,0,1,0,0
pt/767570730,19.4720211,51.7171927,0,0,1,0,0
pt/767570721,19.4860482,51.7174255,0,0,1,0,0
pt/766807496,19.3911643,51.8627546,0,0,1,0,0
pt/766780590,19.4541918,51.7762721,0,0,1,0,0
pt/766771803,19.4275491,51.7109911,0,0,1,0,0
pt/766763731,19.4561793,51.7769923,0,0,1,0,0
pt/766742864,19.4481809,51.7763418,0,0,1,0,0
pt/766715151,19.4802190,51.7051803,0,0,1,0,0
pt/765067275,19.4392073,51.7999702,0,0,1,0,0
pt/765043991,19.4461738,51.8186976,0,0,1,0,0
pt/765036780,19.5686586,51.7410426,0,0,1,0,0
pt/748038827,19.4886626,51.7439247,0,0,1,0,0
pt/602752035,19.4749461,51.7316782,0,0,1,0,0
pt/602752034,19.4731830,51.7332174,0,0,1,0,0
pt/506151007,19.5712232,51.7491557,0,0,1,0,0
pt/506145810,19.5368181,51.7572646,0,0,1,0,0
pt/483557677,19.4831034,51.7732206,0,0,1,0,0
pt/483556065,19.4818436,51.7730819,0,0,1,0,0
pt/470856784,19.4403573,51.8239247,0,0,1,0,0
pt/464756601,19.3841441,51.7472988,0,0,1,0,0
pt/439206500,19.4475980,51.7696778,0,0,1,0,0
pt/432504794,19.4270931,51.7746287,0,0,1,0,0
pt/432504792,19.4256377,51.7764834,0,0,1,0,0
pt/432504791,19.4258121,51.7764476,0,0,1,0,0
pt/432504790,19.4234450,51.7741721,0,0,1,0,0
pt/4340719333,19.4870636,51.7328357,0,0,1,0,0
pt/4338977716,19.5695110,51.7392707,0,0,1,0,0
pt/4329060300,19.4920625,51.7109866,0,0,1,0,0
pt/4312033453,19.4540469,51.7655846,0,0,1,0,0
pt/4311864868,19.3924051,51.7846651,0,0,1,0,0
pt/4289336285,19.4574251,51.7653532,0,0,1,0,0
pt/4270779019,19.3302118,51.7469053,0,0,1,0,0
pt/4262812545,19.4475957,51.7599610,0,0,1,0,0
pt/4262793550,19.4458818,51.7691182,0,0,1,0,0
pt/4262611854,19.4457866,51.7695602,0,0,1,0,0
pt/4262432276,19.4528982,51.7744353,0,0,1,0,0
pt/4262382577,19.4406687,51.7717062,0,0,1,0,0
pt/4231033689,19.4846784,51.7812020,0,0,1,0,0
pt/4155599777,19.3763191,51.7962300,0,0,1,0,0
pt/4155592736,19.3762306,51.7960309,0,0,1,0,0
pt/4145058489,19.4657101,51.7859394,0,0,1,0,0
pt/4143243151,19.4301354,51.7227703,0,0,1,0,0
pt/4111137952,19.4799107,51.7361424,0,0,1,0,0
pt/4109453029,19.4384184,51.7985219,0,0,1,0,0
pt/4066688285,19.4796796,51.7348615,0,0,1,0,0
pt/3872842632,19.4287667,51.7874556,0,0,1,0,0
pt/3833923269,19.3939137,51.7385904,0,0,1,0,0
pt/3815522192,19.3994354,51.7522393,0,0,1,0,0
pt/3812339063,19.4960748,51.7195915,0,0,1,0,0
pt/3799118150,19.4011490,51.7481222,0,0,1,0,0
pt/3794283939,19.4001179,51.7448095,0,0,1,0,0
pt/3794267761,19.3977288,51.7440601,0,0,1,0,0
pt/3794111704,19.4745951,51.7785955,0,0,1,0,0
pt/3782110663,19.4563421,51.7684079,0,0,1,0,0
pt/3770752658,19.4722781,51.7346059,0,0,1,0,0
pt/3770233472,19.3998608,51.7443860,0,0,1,0,0
pt/3761709361,19.3845521,51.7372647,0,0,1,0,0
pt/3716102821,19.4394440,51.7507732,0,0,1,0,0
pt/3711632166,19.4743717,51.7427459,0,0,1,0,0
pt/3667344550,19.3991639,51.7454648,0,0,1,0,0
pt/3659124257,19.3945813,51.7952962,0,0,1,0,0
pt/3627187849,19.4500628,51.7831257,0,0,1,0,0
pt/3587446632,19.4490841,51.7335511,0,0,1,0,0
pt/3491596633,19.4128269,51.7471061,0,0,1,0,0
pt/3491596632,19.4118395,51.7461466,0,0,1,0,0
pt/3471408293,19.4744385,51.7322454,0,0,1,0,0
pt/3464306878,19.4134583,51.7493514,0,0,1,0,0
pt/3450958408,19.5678617,51.7409585,0,0,1,0,0
pt/3401484017,19.5266777,51.7817595,0,0,1,0,0
pt/3302501871,19.4581615,51.7825011,0,0,1,0,0
pt/3234531791,19.4954321,51.7374389,0,0,1,0,0
pt/3234531787,19.4957108,51.7383566,0,0,1,0,0
pt/3201527147,19.5009520,51.7453770,0,0,1,0,0
pt/3201527139,19.4940908,51.7475348,0,0,1,0,0
pt/3099369136,19.4628242,51.7430478,0,0,1,0,0
pt/3098275393,19.4572081,51.7708031,0,0,1,0,0
pt/3040093566,19.3558518,51.6618741,0,0,1,0,0
pt/2655474696,19.5734719,51.7532389,0,0,1,0,0
pt/2622505065,19.4998488,51.7352449,0,0,1,0,0
pt/2619798243,19.4430013,51.8199929,0,0,1,0,0
pt/2619378989,19.4310355,51.8222120,0,0,1,0,0
pt/2611773605,19.4546920,51.7881521,0,0,1,0,0
pt/2607459806,19.4743234,51.7313762,0,0,1,0,0
pt/2607459275,19.4724916,51.7772843,0,0,1,0,0
pt/2607413830,19.4188249,51.8186146,0,0,1,0,0
pt/2601385900,19.4576973,51.7748787,0,0,1,0,0
pt/2558647137,19.3909021,51.7446240,0,0,1,0,0
pt/2558588316,19.3921356,51.7405029,0,0,1,0,0
pt/2534909296,19.2453768,51.6348750,0,0,1,0,0
pt/9590934533,19.4166505,51.8554629,0,0,1,0,0
pt/9590934532,19.4698897,51.8733604,0,0,1,0,0
pt/9590934531,19.3160637,51.8161805,0,0,1,0,0
pt/9590934529,19.4156675,51.8549287,0,0,1,0,0
pt/9590934528,19.3102433,51.8182000,0,0,1,0,0
pt/9590934523,19.3071641,51.8155388,0,0,1,0,0
pt/9590934522,19.4250251,51.8532069,0,0,1,0,0
pt/9590934521,19.3033513,51.8234640,0,0,1,0,0
pt/9590924409,19.3163882,51.8127406,0,0,1,0,0
pt/9590914531,19.3048125,51.8216963,0,0,1,0,0
pt/9590894108,19.3807720,51.8619872,0,0,1,0,0
pt/9590894106,19.4155133,51.8444531,0,0,1,0,0
pt/9590894104,19.3935902,51.8611482,0,0,1,0,0
pt/9590894103,19.4048924,51.8558349,0,0,1,0,0
pt/9590894102,19.3094094,51.8183466,0,0,1,0,0
pt/9590894100,19.4128069,51.8574600,0,0,1,0,0
pt/9590836796,19.3787429,51.8608341,0,0,1,0,0
pt/9590836794,19.4221759,51.8540034,0,0,1,0,0
pt/9590836793,19.3058954,51.8188326,0,0,1,0,0
pt/9590836790,19.4163944,51.8616207,0,0,1,0,0
pt/9590836788,19.3938424,51.8605867,0,0,1,0,0
pt/9590791523,19.3026010,51.8218202,0,0,1,0,0
pt/9590791522,19.4073637,51.8552807,0,0,1,0,0
pt/9590791521,19.3173719,51.7897425,0,0,1,0,0
pt/9590791520,19.4157218,51.8618804,0,0,1,0,0
pt/9590791519,19.3968652,51.8625487,0,0,1,0,0
pt/9590791518,19.4242761,51.8643037,0,0,1,0,0
pt/9590791517,19.3055373,51.8220747,0,0,1,0,0
pt/9590781116,19.3200561,51.7898048,0,0,1,0,0
pt/9581795857,19.3549557,51.6600889,0,0,1,0,0
pt/9581789501,19.3269816,51.6596421,0,0,1,0,0
pt/9581774874,19.3245990,51.7509108,0,0,1,0,0
pt/9581774704,19.4039201,51.6826682,0,0,1,0,0
pt/9581774687,19.3741053,51.6599716,0,0,1,0,0
pt/9581774598,19.3291175,51.6571436,0,0,1,0,0
pt/9581773676,19.3654545,51.6640532,0,0,1,0,0
pt/9581773071,19.3215200,51.7506008,0,0,1,0,0
pt/9581773070,19.3829140,51.6553960,0,0,1,0,0
pt/9581771527,19.3439117,51.6640357,0,0,1,0,0
pt/9581763534,19.3761978,51.6598975,0,0,1,0,0
pt/9581762691,19.3515982,51.6699868,0,0,1,0,0
pt/9581755504,19.3367938,51.6602161,0,0,1,0,0
pt/9581746759,19.3812293,51.6531551,0,0,1,0,0
pt/9581745368,19.3216011,51.7514532,0,0,1,0,0
pt/9581744570,19.3316513,51.6559648,0,0,1,0,0
pt/9581727858,19.4034447,51.6823448,0,0,1,0,0
pt/9581725244,19.3301138,51.6613467,0,0,1,0,0
pt/9581713117,19.3416333,51.6587609,0,0,1,0,0
pt/9581708549,19.3520777,51.6641780,0,0,1,0,0
pt/9581704378,19.3645848,51.6637558,0,0,1,0,0
pt/9581698452,19.3230641,51.7494380,0,0,1,0,0
pt/9581671411,19.3213275,51.6621046,0,0,1,0,0
pt/9581665961,19.3561614,51.6624373,0,0,1,0,0
pt/9581655492,19.3738250,51.6545575,0,0,1,0,0
pt/9581650708,19.3725121,51.6498975,0,0,1,0,0
pt/9581645283,19.3607318,51.6472438,0,0,1,0,0
pt/9579357640,19.4642184,51.7714417,0,0,1,0,0
pt/9579354844,19.4795272,51.7185622,0,0,1,0,0
pt/9579348405,19.4696782,51.7282443,0,0,1,0,0
pt/9579346407,19.3793649,51.7387169,0,0,1,0,0
pt/9579346406,19.4163298,51.7867853,0,0,1,0,0
pt/9579346405,19.4818493,51.7177888,0,0,1,0,0
pt/9579339579,19.4754915,51.7988894,0,0,1,0,0
pt/9579335956,19.3944285,51.7470831,0,0,1,0,0
pt/12100102476,19.4620847,51.7602156,0,0,1,0,0
pt/11349495271,19.4911680,51.7791807,0,0,1,0,0
pt/11081882122,19.4682644,51.7305898,0,0,1,0,0
pt/11074278591,19.4041119,51.7941828,0,0,1,0,0
pt/10591290253,19.4140298,51.7925296,0,0,1,0,0
pt/10589914147,19.3026550,51.8227445,0,0,1,0,0
pt/10282659607,19.4765603,51.6910326,0,0,1,0,0
pt/10282659602,19.4453970,51.7873793,0,0,1,0,0
pt/10282659601,19.4864074,51.7198324,0,0,1,0,0
pt/10282659600,19.4690167,51.7987096,0,0,1,0,0
pt/10282659599,19.4556836,51.7915046,0,0,1,0,0
pt/10282659598,19.5050491,51.7748872,0,0,1,0,0
pt/10282659597,19.3833650,51.7978439,0,0,1,0,0
pt/10282659596,19.4745717,51.7804589,0,0,1,0,0
pt/10282659595,19.3477787,51.6644404,0,0,1,0,0
pt/10282080260,19.5881427,51.7932280,0,0,1,0,0
pt/10281889131,19.4519460,51.7868078,0,0,1,0,0
pt/10281889124,19.4320063,51.8208402,0,0,1,0,0
pt/10281889121,19.4795745,51.7868822,0,0,1,0,0
pt/10281889109,19.4832014,51.7493385,0,0,1,0,0
pt/10281831007,19.3863625,51.7788707,0,0,1,0,0
pt/9879640821,19.4618751,51.7767309,0,0,1,0,0
pt/9590934542,19.3863443,51.8589310,0,0,1,0,0
pt/9590934538,19.3863228,51.8581847,0,0,1,0,0
pt/9590934534,19.4074425,51.8559425,0,0,1,0,0
pt/9579123564,19.4947512,51.7360254,0,0,1,0,0
pt/9579122203,19.4979328,51.7321309,0,0,1,0,0
pt/9579092164,19.4406081,51.7231435,0,0,1,0,0
pt/9579085988,19.5245770,51.7605331,0,0,1,0,0
pt/9579083031,19.4743620,51.7808619,0,0,1,0,0
pt/9579079157,19.4640807,51.7892957,0,0,1,0,0
pt/9579077437,19.4826096,51.7903882,0,0,1,0,0
pt/9579075833,19.3986061,51.7446370,0,0,1,0,0
pt/9579067429,19.4945478,51.7302296,0,0,1,0,0
pt/9579067313,19.4898332,51.7791140,0,0,1,0,0
pt/9579067219,19.3724215,51.7987149,0,0,1,0,0
pt/9579037576,19.4191251,51.7541219,0,0,1,0,0
pt/9558988894,19.4942691,51.6607289,0,0,1,0,0
pt/9558988893,19.4871912,51.6510185,0,0,1,0,0
pt/9558988892,19.4921321,51.6625441,0,0,1,0,0
pt/9558988890,19.6388025,51.7251390,0,0,1,0,0
pt/9558988888,19.6376009,51.7284595,0,0,1,0,0
pt/9558988881,19.6867931,51.6649423,0,0,1,0,0
pt/9558988876,19.6334565,51.7280726,0,0,1,0,0
pt/9558988875,19.6382115,51.7259987,0,0,1,0,0
pt/9485651813,19.4412830,51.6979963,0,0,1,0,0
pt/9472315341,19.4342192,51.8174279,0,0,1,0,0
pt/9167049150,19.4478119,51.7620029,0,0,1,0,0
pt/9035612141,19.3879422,51.7779821,0,0,1,0,0
pt/8755456898,19.4766984,51.7212071,0,0,1,0,0
pt/8635439161,19.3855020,51.7938646,0,0,1,0,0
pt/8575833534,19.6710855,51.7297333,0,0,1,0,0
pt/8565654162,19.4589850,51.7561933,0,0,1,0,0
pt/8170132830,19.6480056,51.6637916,0,0,1,0,0
pt/8041893870,19.3474320,51.6604025,0,0,1,0,0
pt/7798203314,19.3445226,51.6630165,0,0,1,0,0
pt/7700332797,19.4552331,51.7650271,0,0,1,0,0
pt/7695620050,19.4518803,51.7684328,0,0,1,0,0
pt/7271536585,19.3798727,51.6526820,0,0,1,0,0
pt/7241727742,19.4218873,51.8159354,0,0,1,0,0
pt/7129647861,19.4822018,51.7504995,0,0,1,0,0
pt/7098457409,19.5903151,51.7932278,0,0,1,0,0
pt/7072302285,19.4313292,51.8188212,0,0,1,0,0
pt/6569410207,19.4413927,51.7638546,0,0,1,0,0
pt/6385804934,19.4553179,51.7724119,0,0,1,0,0
pt/6219254388,19.4642779,51.7542812,0,0,1,0,0
pt/6184099971,19.3906460,51.7445511,0,0,1,0,0
pt/5752716241,19.4570388,51.7587016,0,0,1,0,0
pt/5743600939,19.4554433,51.7725836,0,0,1,0,0
pt/5743599018,19.4544677,51.7785603,0,0,1,0,0
pt/5687433023,19.4438250,51.7879289,0,0,1,0,0
pt/5573912627,19.4700352,51.7361699,0,0,1,0,0
pt/5556572717,19.4626420,51.7415842,0,0,1,0,0
pt/5348491921,19.3394177,51.6563253,0,0,1,0,0
pt/5287594364,19.4600742,51.7599718,0,0,1,0,0
pt/5220528731,19.4695894,51.7527082,0,0,1,0,0
pt/4978902839,19.6124754,51.7404683,0,0,1,0,0
pt/4592979591,19.3467521,51.6585801,0,0,1,0,0
pt/4554393493,19.5244848,51.7914391,0,0,1,0,0
pt/4514125459,19.4125939,51.7479600,0,0,1,0,0
pt/4505594996,19.4392296,51.7884213,0,0,1,0,0
pt/4503100515,19.4305617,51.7903570,0,0,1,0,0
pt/4458998741,19.4847488,51.7558779,0,0,1,0,0
pt/4447998966,19.4707261,51.7717845,0,0,1,0,0
pt/4432902076,19.4602473,51.7868692,0,0,1,0,0
pt/4393599289,19.4551784,51.7988324,0,0,1,0,0
pt/4363479317,19.4182899,51.7520328,0,0,1,0,0
pt/4360195806,19.4775084,51.7768944,0,0,1,0,0
pt/4349462943,19.4927687,51.7329065,0,0,1,0,0
pt/9579331430,19.5522568,51.7592747,0,0,1,0,0
pt/9579331418,19.4526252,51.7849961,0,0,1,0,0
pt/9579328723,19.4955287,51.7475381,0,0,1,0,0
pt/9579314505,19.4717487,51.7444679,0,0,1,0,0
pt/9579313307,19.4646051,51.7595146,0,0,1,0,0
pt/9579287547,19.4176477,51.7873561,0,0,1,0,0
pt/9579276519,19.4758345,51.7152507,0,0,1,0,0
pt/9579276517,19.4840982,51.7920567,0,0,1,0,0
pt/9579270286,19.3921160,51.7975580,0,0,1,0,0
pt/9579264701,19.4248836,51.7375112,0,0,1,0,0
pt/9579263400,19.4721862,51.7426707,0,0,1,0,0
pt/9579262874,19.4035358,51.7936869,0,0,1,0,0
pt/9579259716,19.4940819,51.7645906,0,0,1,0,0
pt/9579258782,19.4910019,51.7389449,0,0,1,0,0
pt/9579257980,19.4293792,51.7114888,0,0,1,0,0
pt/9579256185,19.4960261,51.7463967,0,0,1,0,0
pt/9579251441,19.5361401,51.7563574,0,0,1,0,0
pt/9579248396,19.5336278,51.7570816,0,0,1,0,0
pt/9579248356,19.4883212,51.7373656,0,0,1,0,0
pt/9579244993,19.5010021,51.7379859,0,0,1,0,0
pt/9579244073,19.4857865,51.7201264,0,0,1,0,0
pt/9579240576,19.5536999,51.7130373,0,0,1,0,0
pt/9579240237,19.5229039,51.7968653,0,0,1,0,0
pt/9579236890,19.4941541,51.7366264,0,0,1,0,0
pt/9579232175,19.3854911,51.7431221,0,0,1,0,0
pt/9579231589,19.4239759,51.7500757,0,0,1,0,0
pt/9579229185,19.4716336,51.7335988,0,0,1,0,0
pt/9579224339,19.3863756,51.7433357,0,0,1,0,0
pt/9579223468,19.4311436,51.7863897,0,0,1,0,0
pt/9579211329,19.3816992,51.7941920,0,0,1,0,0
pt/9579201680,19.5321778,51.7558145,0,0,1,0,0
pt/9579201519,19.4353575,51.8243171,0,0,1,0,0
pt/9579199658,19.5217084,51.7564474,0,0,1,0,0
pt/9579194077,19.4563631,51.7289125,0,0,1,0,0
pt/9579194070,19.5352929,51.7583757,0,0,1,0,0
pt/9579193713,19.4701744,51.7783652,0,0,1,0,0
pt/9579191528,19.4234513,51.7486093,0,0,1,0,0
pt/9579191396,19.5487039,51.7562254,0,0,1,0,0
pt/9579191395,19.4617264,51.7314931,0,0,1,0,0
pt/9579191158,19.4855704,51.7473345,0,0,1,0,0
pt/9579186046,19.3798090,51.8042204,0,0,1,0,0
pt/9579182907,19.4997602,51.7334662,0,0,1,0,0
pt/9579180080,19.4405690,51.7701211,0,0,1,0,0
pt/9579177903,19.4135447,51.7924700,0,0,1,0,0
pt/9579177891,19.3957880,51.7483434,0,0,1,0,0
pt/9579174539,19.4093362,51.7510482,0,0,1,0,0
pt/9579173184,19.4043354,51.7942681,0,0,1,0,0
pt/9579173100,19.3761185,51.7972242,0,0,1,0,0
pt/9579172457,19.3946534,51.7968493,0,0,1,0,0
pt/9579171602,19.4440586,51.7604900,0,0,1,0,0
pt/9579171531,19.4530324,51.7649349,0,0,1,0,0
pt/9579170632,19.4283966,51.7805809,0,0,1,0,0
pt/9579164297,19.4826545,51.7074495,0,0,1,0,0
pt/9579161939,19.4790063,51.7905659,0,0,1,0,0
pt/9579159713,19.5006080,51.7321532,0,0,1,0,0
pt/9579155991,19.4973222,51.7315894,0,0,1,0,0
pt/9579155952,19.3780774,51.8042950,0,0,1,0,0
pt/9579152367,19.4523645,51.7856896,0,0,1,0,0
pt/9579145746,19.3862729,51.7455694,0,0,1,0,0
pt/9579142116,19.4416223,51.7969119,0,0,1,0,0
pt/9579137895,19.4557715,51.7824317,0,0,1,0,0
pt/9579137879,19.4454794,51.7963352,0,0,1,0,0
pt/9579127858,19.5386546,51.7582726,0,0,1,0,0
pt/9579126103,19.4588354,51.7560228,0,0,1,0,0
pt/2518789433,19.3905870,51.8592804,0,0,1,0,0
pt/2510166239,19.5438418,51.7569907,0,0,1,0,0
pt/2388578593,19.4542824,51.7906046,0,0,1,0,0
pt/2387571380,19.4276937,51.7765868,0,0,1,0,0
pt/2283163978,19.4763294,51.7381314,0,0,1,0,0
pt/2277980946,19.4730629,51.7303721,0,0,1,0,0
pt/2249913128,19.3300099,51.6522511,0,0,1,0,0
pt/2210241437,19.5365390,51.7574338,0,0,1,0,0
pt/2013554403,19.5267669,51.7601339,0,0,1,0,0
pt/1892235441,19.4481772,51.7844729,0,0,1,0,0
pt/1891350422,19.3746055,51.7948972,0,0,1,0,0
pt/1866785966,19.4092564,51.7754987,0,0,1,0,0
pt/1854479072,19.5303090,51.7765330,0,0,1,0,0
pt/1836706946,19.5076969,51.7637814,0,0,1,0,0
pt/1833297251,19.4801829,51.7643144,0,0,1,0,0
pt/1812888325,19.4252589,51.7516047,0,0,1,0,0
pt/1812858587,19.4224390,51.7495705,0,0,1,0,0
pt/1810234697,19.4473872,51.7328617,0,0,1,0,0
pt/1810217718,19.4489205,51.7324923,0,0,1,0,0
pt/1805179671,19.4444539,51.7367249,0,0,1,0,0
pt/1805124819,19.4580795,51.7396494,0,0,1,0,0
pt/1794967892,19.4492766,51.7278189,0,0,1,0,0
pt/1770626812,19.3184223,51.8113866,0,0,1,0,0
pt/1745628446,19.4644689,51.7883912,0,0,1,0,0
pt/1717926829,19.4216816,51.8009838,0,0,1,0,0
pt/1667203221,19.4350060,51.7882923,0,0,1,0,0
pt/1643154715,19.4581862,51.7292000,0,0,1,0,0
pt/1642868037,19.4548708,51.7277237,0,0,1,0,0
pt/1524711757,19.4042858,51.7405148,0,0,1,0,0
pt/1305720703,19.4305602,51.7874562,0,0,1,0,0
pt/1234960182,19.4518208,51.7937542,0,0,1,0,0
pt/1205571106,19.4560543,51.7713999,0,0,1,0,0
pt/1187744356,19.4597122,51.7528388,0,0,1,0,0
pt/1187744320,19.4556810,51.7524990,0,0,1,0,0
pt/1179398558,19.4772472,51.7906000,0,0,1,0,0
pt/1152777921,19.4395257,51.7962128,0,0,1,0,0
mp/1490649,19.3989735,51.7443017,0,0,0,0,1
mp/2638288,19.4139189,51.7036032,0,0,0,0,1
mp/w34203229,19.5095196,51.7937042,0,0,0,0,1
mp/w39339883,19.4045887,51.7404410,0,0,0,0,1
mp/w39348339,19.4197376,51.7527444,0,0,0,0,1
mp/w39524935,19.4648688,51.7590243,0,0,0,0,1
mp/w61409127,19.4918476,51.7105450,0,0,0,0,1
mp/w100320779,19.4053887,51.7406726,0,0,0,0,1
mp/w100328259,19.3979263,51.7442077,0,0,0,0,1
mp/w100328265,19.3981627,51.7438831,0,0,0,0,1
mp/w103258620,19.4649641,51.7394407,0,0,0,0,1
mp/w103285740,19.4605091,51.7589633,0,0,0,0,1
mp/w103663504,19.4842471,51.7815221,0,0,0,0,1
mp/w104708074,19.4161515,51.7904141,0,0,0,0,1
mp/w104767209,19.4565999,51.7656479,0,0,0,0,1
mp/w106191082,19.3988087,51.7447136,0,0,0,0,1
mp/w106338758,19.3994451,51.7439799,0,0,0,0,1
mp/w106954769,19.3501769,51.6652056,0,0,0,0,1
mp/w108564347,19.4960603,51.6489128,0,0,0,0,1
mp/w108565281,19.4916494,51.6475790,0,0,0,0,1
mp/w108565286,19.4899885,51.6498094,0,0,0,0,1
mp/w121670191,19.4162733,51.8437836,0,0,0,0,1
mp/w129149297,19.3228612,51.7496192,0,0,0,0,1
mp/w140605022,19.4925252,51.6460205,0,0,0,0,1
mp/w142011332,19.3184630,51.8111194,0,0,0,0,1
mp/w152072204,19.5367013,51.7568237,0,0,0,0,1
mp/w152072207,19.5376097,51.7567300,0,0,0,0,1
mp/w152447536,19.4492550,51.7344453,0,0,0,0,1
mp/w154938493,19.3971194,51.7465709,0,0,0,0,1
mp/w173348997,19.4406547,51.7498916,0,0,0,0,1
mp/w173485216,19.4953681,51.7652756,0,0,0,0,1
mp/w174638513,19.4437714,51.7790891,0,0,0,0,1
mp/w192198094,19.3844684,51.7371809,0,0,0,0,1
mp/w229768685,19.3988775,51.8550410,0,0,0,0,1
mp/w236667724,19.4879692,51.6464564,0,0,0,0,1
mp/w243634385,19.5485656,51.7558499,0,0,0,0,1
mp/w285894949,19.3592186,51.7956060,0,0,0,0,1
mp/w319475663,19.4346586,51.8178538,0,0,0,0,1
mp/w344745890,19.4894771,51.6459341,0,0,0,0,1
mp/w376430558,19.3978751,51.8624996,0,0,0,0,1
mp/w438634255,19.4183031,51.7521674,0,0,0,0,1
mp/w439650453,19.4484878,51.7497834,0,0,0,0,1
mp/w624275676,19.3332873,51.6636402,0,0,0,0,1
mp/w650283336,19.3485394,51.6649793,0,0,0,0,1
mp/w739683299,19.3572159,51.6616487,0,0,0,0,1
mp/w739683300,19.3569768,51.6607018,0,0,0,0,1
mp/w859262021,19.4128294,51.7480937,0,0,0,0,1
mp/w881292599,19.6867928,51.6650017,0,0,0,0,1
mp/w938012849,19.4155378,51.8445054,0,0,0,0,1
mp/w964943161,19.6368119,51.7258829,0,0,0,0,1
mp/w1022661915,19.4814344,51.7248882,0,0,0,0,1
mp/w1022661918,19.4819913,51.7245923,0,0,0,0,1
mp/w1040340316,19.3985867,51.7446519,0,0,0,0,1
mp/w1246922050,19.4926302,51.6497359,0,0,0,0,1
mp/w1246922051,19.4919279,51.6470937,0,0,0,0,1
mp/w1246922052,19.4911449,51.6479722,0,0,0,0,1
mp/w1246922053,19.4911156,51.6483644,0,0,0,0,1
pt/582905945,19.4595000,51.7590880,0,0,0,0,1
node/766782678,19.4542642,51.7758704,0,0,0,1,0
node/766790951,19.4570966,51.7744631,0,0,0,1,0
node/1865626236,19.4495583,51.7491574,0,0,0,1,0
way/100815172,19.4553984,51.7473138,0,0,0,1,0
way/103526314,19.4871735,51.7757450,0,0,0,1,0
way/103526315,19.4873568,51.7741967,0,0,0,1,0
way/103646901,19.4737208,51.7707205,0,0,0,1,0
way/103647577,19.4743164,51.7729675,0,0,0,1,0
way/103647580,19.4746460,51.7725429,0,0,0,1,0
way/103651286,19.4832885,51.7778716,0,0,0,1,0
way/104290998,19.4540269,51.7698593,0,0,0,1,0
way/143694392,19.4814169,51.7735107,0,0,0,1,0
way/159859528,19.4559914,51.7473564,0,0,0,1,0
way/174858702,19.4533660,51.7464090,0,0,0,1,0
way/174858708,19.4530820,51.7485781,0,0,0,1,0
way/175909119,19.4522337,51.7536888,0,0,0,1,0
way/176000192,19.4492933,51.7455552,0,0,0,1,0
way/176000205,19.4495432,51.7468216,0,0,0,1,0
way/237600484,19.4519237,51.7454094,0,0,0,1,0
way/284457369,19.4945336,51.7760445,0,0,0,1,0
way/299732166,19.4889858,51.7802767,0,0,0,1,0
way/305309140,19.4615761,51.7494370,0,0,0,1,0
way/329869166,19.4433114,51.7932985,0,0,0,1,0
way/370532020,19.4530357,51.7477018,0,0,0,1,0
way/437251360,19.4721576,51.7716248,0,0,0,1,0
way/437251361,19.4738554,51.7713328,0,0,0,1,0
way/443199477,19.4686717,51.7723190,0,0,0,1,0
way/443201680,19.4644861,51.7749853,0,0,0,1,0
way/443794142,19.4744745,51.7755289,0,0,0,1,0
way/444607148,19.4366839,51.7713574,0,0,0,1,0
way/451472785,19.4944324,51.7765099,0,0,0,1,0
way/451472787,19.4919685,51.7754728,0,0,0,1,0
way/451515326,19.4900796,51.7747233,0,0,0,1,0
way/451515327,19.4873756,51.7741668,0,0,0,1,0
way/451515329,19.4874613,51.7757855,0,0,0,1,0
way/451515332,19.4868567,51.7767766,0,0,0,1,0
way/451515336,19.4891246,51.7768114,0,0,0,1,0
way/451515339,19.4830850,51.7781126,0,0,0,1,0
way/451515340,19.4850399,51.7779132,0,0,0,1,0
way/451515347,19.4828812,51.7754408,0,0,0,1,0
way/451515348,19.4837489,51.7753737,0,0,0,1,0
way/542224473,19.4741784,51.7715542,0,0,0,1,0
way/658408658,19.4543851,51.7698870,0,0,0,1,0
way/875551700,19.4496305,51.7545274,0,0,0,1,0
way/963935965,19.4585665,51.7467550,0,0,0,1,0
way/996256659,19.4537310,51.7468697,0,0,0,1,0
way/1131157968,19.4731270,51.7738589,0,0,0,1,0
