id,pop
0,21.99
1,100.96
2,709.29
3,0.33
4,434.69
5,173.15
6,19.73
7,1.53
8,1.41
9,24.43
10,23.39
11,16.47
12,3.01
13,5.92
14,1.6
15,15.72
16,24.34
17,22.47
18,22.05
19,22.47
20,17.06
21,0.53
22,0.59
23,7.09
24,24.43
25,23.21
26,22.47
27,22.47
28,22.47
29,2.44
30,1.47
31,0.24
32,0.23
33,0.41
34,0.84
35,14.11
36,8.26
37,11.54
38,23.18
39,24.43
40,24.24
41,22.47
42,22.47
43,21.2
44,11.6
45,1.17
46,13.07
47,12.06
48,1.43
49,6.85
50,0.0
51,0.54
52,0.03
53,2.17
54,0.76
55,1.4
56,0.02
57,9.46
58,14.66
59,8.45
60,10.91
61,24.79
62,32.42
63,34.22
64,33.62
65,30.5
66,4.65
67,0.23
68,13.06
69,15.15
70,7.48
71,4.78
72,9.08
73,13.13
74,21.71
75,21.85
76,6.28
77,7.92
78,5.07
79,0.1
80,2.38
81,2.77
82,2.45
83,0.07
84,0.11
85,2.72
86,4.38
87,4.25
88,4.13
89,5.24
90,14.66
91,14.66
92,14.66
93,18.65
94,39.36
95,40.58
96,41.77
97,40.79
98,40.58
99,21.33
100,4.58
101,15.15
102,15.15
103,15.15
104,15.15
105,15.17
106,17.66
107,21.85
108,21.85
109,1.96
110,6.49
111,10.48
112,9.64
113,3.29
114,2.77
115,1.03
116,1.89
117,3.22
118,3.35
119,0.1
120,0.05
121,0.07
122,5.38
123,5.38
124,5.38
125,5.38
126,10.14
127,14.66
128,14.66
129,16.53
130,33.67
131,39.7
132,44.78
133,45.19
134,40.58
135,40.58
136,35.2
137,0.97
138,12.36
139,15.15
140,15.15
141,15.15
142,19.42
143,21.05
144,21.85
145,21.85
146,20.18
147,0.0
148,1.43
149,10.48
150,10.48
151,6.62
152,2.77
153,2.62
154,2.45
155,10.85
156,12.04
157,4.15
158,4.15
159,4.15
160,2.59
161,0.23
162,0.26
163,4.16
164,1.31
165,1.39
166,3.26
167,5.38
168,5.38
169,5.38
170,6.14
171,14.66
172,14.66
173,14.79
174,32.67
175,33.57
176,38.8
177,46.37
178,39.6
179,36.21
180,36.11
181,36.93
182,1.79
183,8.61
184,26.39
185,15.15
186,15.15
187,15.15
188,16.96
189,21.85
190,21.85
191,21.85
192,21.07
193,12.66
194,8.69
195,10.48
196,7.98
197,2.77
198,2.77
199,3.81
200,14.66
201,14.69
202,6.8
203,4.15
204,4.15
205,4.15
206,4.15
207,2.5
208,0.59
209,0.04
210,3.78
211,5.1
212,5.05
213,4.99
214,4.98
215,5.38
216,5.12
217,9.71
218,14.66
219,14.66
220,29.81
221,28.52
222,5.69
223,12.75
224,46.08
225,37.25
226,34.96
227,34.96
228,33.87
229,1.52
230,6.79
231,31.93
232,41.42
233,18.77
234,15.15
235,15.15
236,15.15
237,20.64
238,19.4
239,13.79
240,9.4
241,7.23
242,5.17
243,4.87
244,2.0
245,5.02
246,10.48
247,5.82
248,2.77
249,2.77
250,3.0
251,14.16
252,14.69
253,12.39
254,4.15
255,4.15
256,4.15
257,4.15
258,4.15
259,4.15
260,3.59
261,2.08
262,0.8
263,4.25
264,4.52
265,4.52
266,4.52
267,4.88
268,4.54
269,4.86
270,11.23
271,14.66
272,25.73
273,33.67
274,23.72
275,0.76
276,51.91
277,46.43
278,44.34
279,44.74
280,40.01
281,42.77
282,31.8
283,41.42
284,41.42
285,27.18
286,21.65
287,18.94
288,21.42
289,21.55
290,14.98
291,14.38
292,7.22
293,7.22
294,7.22
295,7.22
296,7.22
297,0.45
298,1.37
299,10.48
300,4.49
301,2.77
302,2.77
303,3.09
304,14.33
305,14.69
306,14.69
307,11.82
308,5.25
309,4.15
310,4.15
311,4.15
312,4.15
313,4.15
314,4.15
315,4.15
316,1.07
317,1.8
318,4.52
319,4.52
320,4.52
321,4.52
322,4.52
323,4.52
324,5.27
325,14.73
326,28.39
327,35.77
328,86.2
329,105.29
330,133.59
331,90.41
332,46.88
333,46.88
334,50.31
335,98.5
336,124.15
337,36.53
338,83.43
339,64.7
340,67.28
341,35.9
342,24.21
343,24.21
344,15.79
345,14.61
346,7.69
347,7.22
348,7.22
349,7.22
350,7.22
351,6.18
352,8.86
353,8.23
354,5.57
355,3.45
356,2.77
357,13.35
358,14.69
359,14.69
360,14.68
361,11.88
362,4.47
363,4.15
364,4.15
365,4.15
366,4.15
367,4.15
368,4.15
369,3.69
370,2.06
371,0.45
372,0.61
373,4.52
374,4.52
375,4.52
376,4.52
377,4.52
378,4.52
379,4.54
380,9.13
381,16.22
382,56.67
383,133.93
384,139.44
385,127.63
386,69.77
387,40.84
388,46.88
389,93.55
390,186.5
391,153.94
392,105.69
393,57.07
394,84.94
395,69.73
396,64.69
397,24.21
398,24.21
399,21.27
400,14.98
401,8.18
402,7.22
403,7.22
404,7.22
405,7.22
406,7.22
407,4.21
408,0.02
409,4.61
410,7.75
411,6.27
412,2.77
413,12.03
414,14.69
415,14.69
416,14.1
417,8.36
418,4.03
419,4.03
420,4.12
421,4.15
422,4.15
423,4.15
424,4.15
425,4.15
426,4.15
427,3.86
428,4.52
429,4.52
430,4.52
431,4.52
432,4.52
433,4.52
434,4.52
435,4.82
436,11.7
437,12.87
438,59.16
439,128.47
440,67.58
441,21.15
442,20.81
443,106.36
444,321.68
445,170.24
446,230.16
447,291.33
448,94.9
449,84.28
450,72.81
451,74.47
452,49.27
453,24.21
454,24.21
455,17.88
456,13.69
457,10.24
458,10.91
459,10.42
460,8.91
461,7.62
462,7.24
463,2.15
464,2.89
465,7.75
466,7.21
467,2.77
468,11.83
469,14.69
470,14.48
471,13.36
472,12.81
473,4.06
474,4.03
475,4.03
476,4.06
477,4.11
478,4.15
479,4.15
480,4.15
481,4.15
482,4.15
483,2.58
484,2.59
485,4.52
486,4.52
487,4.52
488,4.52
489,4.52
490,4.52
491,4.52
492,5.37
493,12.79
494,12.87
495,22.61
496,21.15
497,21.15
498,14.46
499,20.0
500,739.61
501,252.0
502,347.81
503,285.25
504,229.48
505,46.9
506,90.19
507,83.46
508,81.99
509,32.82
510,24.21
511,24.21
512,22.31
513,13.11
514,11.81
515,11.81
516,11.81
517,11.81
518,11.4
519,11.29
520,0.65
521,0.31
522,1.84
523,2.49
524,0.49
525,1.16
526,7.75
527,7.77
528,51.93
529,25.26
530,13.69
531,11.98
532,5.91
533,12.41
534,10.2
535,4.03
536,4.03
537,4.03
538,4.03
539,4.05
540,4.15
541,4.15
542,4.15
543,4.15
544,4.15
545,1.06
546,0.04
547,4.48
548,4.52
549,4.52
550,4.52
551,4.52
552,4.52
553,4.52
554,4.55
555,12.41
556,12.87
557,12.87
558,18.95
559,16.35
560,4.72
561,2.26
562,62.43
563,951.84
564,840.6
565,1204.95
566,744.62
567,70.56
568,59.4
569,90.0
570,82.03
571,77.6
572,24.21
573,24.21
574,24.21
575,22.37
576,15.1
577,11.81
578,11.81
579,11.81
580,11.81
581,11.81
582,9.96
583,0.61
584,4.14
585,10.31
586,10.37
587,10.27
588,102.21
589,147.34
590,10.69
591,44.67
592,43.76
593,13.05
594,13.03
595,4.64
596,6.14
597,13.05
598,6.88
599,4.03
600,4.03
601,4.03
602,4.03
603,4.03
604,4.05
605,4.05
606,4.05
607,4.05
608,3.93
609,0.01
610,2.55
611,4.52
612,4.52
613,4.52
614,4.52
615,4.52
616,4.52
617,4.52
618,7.94
619,12.54
620,12.87
621,12.99
622,6.22
623,2.26
624,2.26
625,2.26
626,104.23
627,1170.75
628,590.14
629,816.3
630,591.46
631,34.7
632,66.29
633,97.07
634,130.45
635,100.16
636,60.49
637,33.12
638,30.26
639,17.55
640,11.95
641,11.81
642,11.56
643,10.65
644,9.93
645,7.59
646,9.81
647,10.7
648,10.83
649,10.37
650,17.08
651,53.58
652,257.17
653,298.33
654,217.73
655,62.73
656,44.45
657,27.33
658,6.14
659,4.2
660,9.8
661,13.03
662,4.28
663,4.03
664,4.03
665,4.03
666,4.03
667,4.03
668,4.03
669,4.03
670,4.03
671,4.03
672,2.74
673,0.38
674,4.52
675,4.52
676,4.52
677,4.52
678,4.52
679,4.52
680,4.45
681,7.23
682,7.83
683,12.12
684,7.29
685,4.31
686,3.04
687,2.26
688,2.26
689,2.26
690,515.86
691,882.15
692,862.73
693,517.93
694,136.43
695,34.7
696,72.14
697,109.22
698,114.17
699,127.63
700,91.22
701,55.91
702,36.2
703,14.38
704,8.94
705,6.13
706,4.22
707,6.15
708,4.17
709,9.31
710,10.7
711,10.44
712,10.37
713,14.3
714,181.57
715,234.63
716,188.95
717,344.31
718,130.93
719,83.18
720,56.95
721,4.2
722,4.2
723,4.2
724,6.37
725,5.56
726,4.03
727,4.03
728,4.03
729,4.03
730,4.03
731,4.03
732,4.03
733,4.03
734,4.03
735,4.03
736,1.29
737,2.15
738,4.25
739,3.7
740,3.41
741,2.73
742,1.84
743,1.46
744,5.77
745,7.72
746,7.72
747,4.82
748,4.31
749,4.31
750,3.91
751,2.37
752,2.26
753,8.05
754,726.25
755,928.69
756,584.22
757,67.09
758,34.74
759,34.7
760,81.29
761,138.93
762,155.5
763,130.48
764,56.13
765,56.13
766,17.01
767,4.21
768,4.17
769,4.17
770,4.17
771,4.17
772,8.91
773,10.7
774,10.53
775,10.37
776,10.37
777,258.84
778,335.1
779,122.06
780,89.1
781,99.83
782,77.51
783,62.17
784,3.41
785,4.19
786,4.2
787,4.2
788,4.2
789,4.12
790,3.43
791,2.46
792,4.4
793,4.41
794,4.38
795,4.37
796,4.37
797,4.38
798,4.38
799,4.38
800,0.19
801,0.41
802,0.01
803,0.02
804,1.85
805,3.22
806,8.35
807,7.72
808,7.72
809,5.06
810,4.31
811,4.31
812,4.73
813,2.27
814,2.26
815,52.06
816,326.19
817,779.01
818,756.09
819,468.85
820,34.7
821,34.7
822,112.39
823,171.7
824,168.91
825,124.28
826,110.77
827,57.36
828,4.18
829,4.17
830,4.17
831,4.17
832,4.17
833,8.53
834,10.7
835,10.55
836,10.37
837,10.37
838,465.91
839,1340.69
840,974.07
841,669.46
842,351.71
843,92.99
844,56.6
845,0.06
846,0.14
847,2.84
848,4.2
849,4.2
850,2.12
851,0.52
852,0.17
853,0.99
854,4.43
855,4.72
856,4.72
857,4.72
858,4.72
859,4.72
860,4.72
861,3.65
862,2.25
863,3.22
864,4.29
865,7.72
866,7.72
867,7.53
868,4.33
869,4.51
870,7.31
871,7.25
872,4.39
873,5.69
874,126.97
875,844.88
876,606.2
877,766.32
878,246.93
879,83.06
880,155.85
881,193.25
882,151.92
883,135.95
884,104.97
885,30.61
886,4.17
887,4.17
888,4.17
889,4.17
890,4.17
891,6.96
892,10.7
893,10.56
894,10.37
895,10.37
896,235.01
897,787.36
898,621.92
899,743.24
900,780.48
901,517.01
902,59.9
903,0.5
904,0.0
905,0.0
906,2.06
907,3.41
908,0.49
909,0.17
910,0.17
911,0.17
912,1.75
913,4.75
914,4.78
915,4.83
916,4.84
917,4.85
918,4.86
919,4.87
920,2.01
921,0.6
922,3.22
923,3.22
924,5.32
925,7.72
926,7.66
927,4.85
928,4.31
929,7.4
930,8.68
931,8.68
932,8.68
933,8.68
934,760.61
935,930.76
936,1224.02
937,1052.9
938,187.66
939,338.83
940,446.61
941,123.18
942,142.36
943,140.43
944,43.48
945,23.74
946,4.45
947,4.17
948,4.17
949,4.17
950,5.43
951,10.7
952,10.56
953,10.37
954,10.37
955,471.11
956,604.04
957,1197.67
958,763.37
959,552.31
960,987.73
961,228.59
962,3.21
963,0.0
964,0.0
965,0.0
966,0.53
967,0.17
968,0.17
969,0.17
970,0.17
971,0.52
972,6.08
973,6.21
974,6.29
975,6.29
976,6.3
977,6.3
978,6.3
979,6.3
980,0.54
981,2.62
982,3.22
983,3.22
984,9.92
985,13.97
986,4.73
987,4.31
988,4.33
989,8.28
990,8.87
991,9.09
992,9.33
993,9.53
994,904.4
995,1220.67
996,1266.5
997,546.53
998,122.2
999,124.07
1000,130.37
1001,140.78
1002,141.12
1003,87.6
1004,81.75
1005,151.92
1006,110.6
1007,58.36
1008,5.69
1009,5.68
1010,10.59
1011,10.56
1012,10.37
1013,10.37
1014,134.31
1015,1309.49
1016,935.5
1017,1215.54
1018,433.63
1019,577.28
1020,386.66
1021,27.09
1022,0.04
1023,0.16
1024,0.0
1025,0.0
1026,0.08
1027,0.17
1028,0.17
1029,0.17
1030,0.17
1031,2.26
1032,6.32
1033,6.32
1034,6.32
1035,6.32
1036,6.32
1037,6.32
1038,6.32
1039,5.27
1040,1.09
1041,2.74
1042,3.22
1043,3.22
1044,20.11
1045,31.12
1046,30.12
1047,14.86
1048,9.23
1049,9.85
1050,10.36
1051,10.4
1052,10.4
1053,10.4
1054,126.82
1055,1096.17
1056,839.74
1057,458.58
1058,89.44
1059,156.64
1060,161.42
1061,146.85
1062,156.86
1063,63.94
1064,64.17
1065,139.4
1066,149.73
1067,144.15
1068,61.05
1069,42.95
1070,46.7
1071,21.78
1072,10.96
1073,10.98
1074,113.43
1075,676.99
1076,623.74
1077,770.33
1078,876.9
1079,1040.31
1080,441.49
1081,93.22
1082,45.06
1083,45.46
1084,10.6
1085,0.0
1086,0.0
1087,0.17
1088,0.17
1089,0.17
1090,0.17
1091,0.17
1092,4.35
1093,6.65
1094,6.66
1095,6.66
1096,6.66
1097,6.66
1098,6.67
1099,6.67
1100,3.27
1101,0.31
1102,3.22
1103,4.01
1104,11.43
1105,16.64
1106,25.53
1107,31.12
1108,30.49
1109,10.4
1110,10.4
1111,10.4
1112,10.4
1113,10.4
1114,10.4
1115,10.4
1116,497.68
1117,770.15
1118,864.46
1119,40.44
1120,73.1
1121,163.65
1122,114.39
1123,42.63
1124,14.74
1125,10.1
1126,63.31
1127,111.51
1128,137.97
1129,57.46
1130,54.76
1131,90.69
1132,105.3
1133,32.59
1134,11.81
1135,23.46
1136,997.17
1137,1454.62
1138,490.54
1139,581.4
1140,1183.8
1141,496.15
1142,112.6
1143,53.13
1144,45.5
1145,1.59
1146,0.0
1147,0.0
1148,0.13
1149,0.17
1150,0.17
1151,0.17
1152,0.17
1153,3.12
1154,6.77
1155,6.77
1156,6.77
1157,6.77
1158,6.77
1159,6.77
1160,6.77
1161,5.69
1162,0.55
1163,1.5
1164,3.24
1165,15.89
1166,18.97
1167,18.97
1168,26.06
1169,31.12
1170,22.92
1171,10.4
1172,10.4
1173,9.76
1174,7.91
1175,7.28
1176,7.9
1177,9.31
1178,109.19
1179,540.31
1180,345.17
1181,40.44
1182,63.46
1183,19.03
1184,9.91
1185,9.91
1186,9.91
1187,62.22
1188,6.61
1189,6.67
1190,15.46
1191,34.67
1192,83.29
1193,105.58
1194,73.63
1195,11.81
1196,11.81
1197,693.22
1198,1083.04
1199,885.08
1200,889.03
1201,873.51
1202,522.25
1203,382.52
1204,309.57
1205,62.49
1206,0.0
1207,0.0
1208,0.0
1209,0.1
1210,0.17
1211,0.17
1212,0.17
1213,0.17
1214,0.48
1215,6.75
1216,6.77
1217,6.77
1218,6.77
1219,6.77
1220,6.77
1221,6.77
1222,2.03
1223,3.22
1224,13.25
1225,18.57
1226,18.97
1227,18.97
1228,25.08
1229,31.12
1230,22.7
1231,8.18
1232,6.14
1233,5.29
1234,5.29
1235,5.29
1236,5.29
1237,13.51
1238,145.87
1239,205.12
1240,51.09
1241,34.08
1242,9.91
1243,9.91
1244,10.59
1245,10.43
1246,133.68
1247,81.59
1248,6.61
1249,6.61
1250,6.61
1251,17.35
1252,59.3
1253,51.48
1254,11.81
1255,11.81
1256,38.92
1257,1140.09
1258,641.64
1259,939.09
1260,591.37
1261,601.44
1262,207.5
1263,710.12
1264,410.81
1265,0.37
1266,0.39
1267,0.51
1268,0.75
1269,0.37
1270,0.17
1271,0.17
1272,0.17
1273,0.17
1274,4.56
1275,6.58
1276,6.57
1277,8.58
1278,8.6
1279,8.61
1280,8.63
1281,8.64
1282,0.53
1283,2.28
1284,15.84
1285,18.45
1286,18.97
1287,18.97
1288,19.55
1289,56.15
1290,28.83
1291,5.29
1292,5.24
1293,5.06
1294,4.92
1295,4.55
1296,5.29
1297,5.29
1298,88.27
1299,1117.15
1300,786.68
1301,133.97
1302,47.31
1303,11.32
1304,85.62
1305,96.23
1306,157.83
1307,199.35
1308,6.61
1309,6.61
1310,6.61
1311,6.61
1312,6.61
1313,7.65
1314,10.96
1315,11.81
1316,11.81
1317,129.0
1318,382.36
1319,952.07
1320,931.07
1321,1112.81
1322,419.49
1323,461.99
1324,232.47
1325,8.46
1326,8.42
1327,8.51
1328,8.62
1329,8.7
1330,61.08
1331,7.19
1332,1.6
1333,0.17
1334,1.77
1335,6.1
1336,6.1
1337,8.62
1338,11.31
1339,11.31
1340,11.31
1341,11.31
1342,11.21
1343,14.21
1344,17.97
1345,19.24
1346,38.13
1347,47.94
1348,63.56
1349,103.28
1350,51.99
1351,4.23
1352,0.64
1353,0.48
1354,0.46
1355,2.13
1356,5.29
1357,5.29
1358,528.06
1359,747.55
1360,760.41
1361,348.87
1362,366.32
1363,78.35
1364,140.6
1365,81.22
1366,438.23
1367,665.04
1368,6.61
1369,6.61
1370,6.61
1371,6.61
1372,6.61
1373,6.61
1374,43.15
1375,437.59
1376,51.98
1377,852.45
1378,1108.89
1379,1072.59
1380,1245.85
1381,390.37
1382,280.44
1383,46.17
1384,8.8
1385,8.8
1386,8.8
1387,8.8
1388,8.8
1389,30.03
1390,79.9
1391,20.05
1392,37.61
1393,12.19
1394,6.1
1395,6.1
1396,6.1
1397,10.95
1398,11.31
1399,11.31
1400,11.8
1401,14.93
1402,11.0
1403,13.08
1404,24.21
1405,31.58
1406,181.6
1407,267.8
1408,65.03
1409,100.32
1410,105.51
1411,80.95
1412,59.95
1413,0.69
1414,0.37
1415,0.37
1416,4.23
1417,5.29
1418,138.73
1419,878.72
1420,700.52
1421,725.79
1422,847.07
1423,91.98
1424,27.28
1425,39.75
1426,72.7
1427,384.39
1428,88.34
1429,6.61
1430,6.61
1431,6.61
1432,6.61
1433,6.61
1434,6.61
1435,924.66
1436,654.0
1437,326.45
1438,713.63
1439,935.14
1440,702.84
1441,221.39
1442,234.86
1443,9.59
1444,7.04
1445,8.8
1446,8.8
1447,8.8
1448,8.8
1449,8.8
1450,102.92
1451,99.74
1452,43.35
1453,43.26
1454,8.35
1455,6.1
1456,6.1
1457,7.6
1458,11.31
1459,11.31
1460,13.84
1461,15.96
1462,15.96
1463,7.66
1464,11.66
1465,25.69
1466,35.02
1467,133.82
1468,1017.04
1469,904.85
1470,242.08
1471,112.35
1472,88.28
1473,87.93
1474,119.02
1475,13.17
1476,0.37
1477,1.24
1478,5.29
1479,5.29
1480,94.35
1481,303.6
1482,432.03
1483,315.88
1484,84.3
1485,27.28
1486,35.97
1487,51.37
1488,30.24
1489,54.15
1490,11.37
1491,8.23
1492,6.61
1493,6.61
1494,6.61
1495,6.61
1496,6.61
1497,954.11
1498,754.64
1499,208.42
1500,516.4
1501,323.27
1502,125.17
1503,45.86
1504,4.58
1505,4.58
1506,4.92
1507,32.0
1508,40.08
1509,41.36
1510,62.16
1511,33.33
1512,106.1
1513,68.28
1514,43.35
1515,45.03
1516,48.67
1517,6.1
1518,6.1
1519,10.17
1520,47.4
1521,66.35
1522,48.93
1523,15.96
1524,15.96
1525,12.1
1526,13.35
1527,4.95
1528,9.12
1529,23.63
1530,35.02
1531,96.84
1532,223.35
1533,533.49
1534,785.48
1535,368.82
1536,88.37
1537,64.99
1538,165.19
1539,145.86
1540,0.37
1541,1.96
1542,12.54
1543,27.32
1544,37.67
1545,95.62
1546,602.91
1547,530.36
1548,847.51
1549,193.35
1550,75.49
1551,572.32
1552,630.45
1553,645.87
1554,368.0
1555,13.1
1556,9.8
1557,6.7
1558,6.61
1559,6.61
1560,6.61
1561,20.61
1562,218.36
1563,56.85
1564,901.22
1565,997.88
1566,297.61
1567,4.63
1568,4.58
1569,4.58
1570,4.58
1571,44.64
1572,72.28
1573,73.73
1574,150.08
1575,115.01
1576,79.48
1577,74.64
1578,95.59
1579,101.45
1580,236.36
1581,131.6
1582,6.1
1583,15.24
1584,91.13
1585,136.27
1586,96.64
1587,33.72
1588,15.96
1589,17.26
1590,22.52
1591,22.52
1592,9.77
1593,1.87
1594,53.82
1595,49.16
1596,73.39
1597,518.03
1598,471.84
1599,666.33
1600,367.37
1601,91.0
1602,55.91
1603,86.67
1604,287.59
1605,63.26
1606,32.59
1607,36.65
1608,81.8
1609,86.68
1610,32.03
1611,239.63
1612,718.35
1613,731.62
1614,808.2
1615,106.12
1616,736.77
1617,774.47
1618,949.26
1619,638.84
1620,13.1
1621,34.56
1622,8.42
1623,6.99
1624,6.8
1625,6.62
1626,6.61
1627,19.55
1628,150.24
1629,523.96
1630,696.77
1631,592.66
1632,10.54
1633,4.58
1634,4.58
1635,4.58
1636,32.24
1637,82.88
1638,81.52
1639,79.73
1640,195.55
1641,100.54
1642,78.47
1643,102.54
1644,138.04
1645,153.74
1646,163.38
1647,106.42
1648,51.82
1649,99.32
1650,110.37
1651,97.66
1652,74.42
1653,15.96
1654,15.96
1655,22.19
1656,22.52
1657,21.69
1658,2.85
1659,40.25
1660,70.08
1661,130.97
1662,513.72
1663,564.54
1664,558.9
1665,1048.14
1666,87.74
1667,64.23
1668,42.31
1669,325.99
1670,268.25
1671,46.14
1672,36.96
1673,52.07
1674,118.57
1675,57.08
1676,97.83
1677,479.57
1678,714.34
1679,1041.64
1680,930.8
1681,503.15
1682,1043.99
1683,1124.44
1684,1235.65
1685,13.1
1686,253.09
1687,42.8
1688,7.04
1689,7.04
1690,7.04
1691,6.9
1692,6.7
1693,323.83
1694,900.79
1695,643.81
1696,167.22
1697,7.56
1698,4.58
1699,4.58
1700,4.58
1701,446.08
1702,137.63
1703,36.22
1704,36.22
1705,69.45
1706,147.73
1707,247.09
1708,122.31
1709,107.6
1710,174.86
1711,154.11
1712,131.89
1713,117.71
1714,87.18
1715,76.0
1716,95.42
1717,83.72
1718,35.72
1719,21.57
1720,25.49
1721,26.65
1722,22.52
1723,19.63
1724,23.03
1725,80.33
1726,430.61
1727,904.3
1728,505.59
1729,456.47
1730,298.79
1731,337.79
1732,69.23
1733,70.88
1734,79.81
1735,442.28
1736,206.51
1737,96.4
1738,226.31
1739,176.63
1740,782.39
1741,506.27
1742,111.16
1743,799.95
1744,701.16
1745,639.33
1746,261.24
1747,489.63
1748,254.02
1749,316.23
1750,20.91
1751,113.7
1752,329.84
1753,7.04
1754,20.39
1755,12.55
1756,443.18
1757,7.0
1758,3.82
1759,95.99
1760,84.82
1761,3.36
1762,9.29
1763,4.82
1764,5.52
1765,4.83
1766,121.23
1767,629.83
1768,116.51
1769,120.61
1770,124.04
1771,130.79
1772,137.51
1773,233.47
1774,138.72
1775,65.24
1776,206.53
1777,153.04
1778,256.52
1779,138.06
1780,33.32
1781,25.52
1782,67.67
1783,72.04
1784,39.77
1785,39.77
1786,39.77
1787,23.98
1788,22.52
1789,3.56
1790,3.71
1791,41.41
1792,83.27
1793,340.3
1794,199.14
1795,457.39
1796,915.38
1797,233.59
1798,68.53
1799,97.99
1800,117.34
1801,42.35
1802,564.12
1803,319.77
1804,356.94
1805,311.96
1806,839.1
1807,880.19
1808,538.69
1809,266.93
1810,946.12
1811,854.21
1812,601.07
1813,54.91
1814,18.76
1815,18.76
1816,13.92
1817,97.45
1818,472.0
1819,57.29
1820,224.37
1821,120.49
1822,368.33
1823,639.86
1824,147.88
1825,3.36
1826,3.36
1827,5.19
1828,3.94
1829,13.67
1830,14.25
1831,15.24
1832,15.63
1833,102.89
1834,100.56
1835,68.3
1836,68.41
1837,82.45
1838,133.57
1839,143.37
1840,119.8
1841,68.85
1842,54.45
1843,57.71
1844,142.29
1845,196.87
1846,145.02
1847,81.24
1848,34.76
1849,77.42
1850,40.41
1851,36.92
1852,39.93
1853,30.22
1854,22.52
1855,10.21
1856,6.18
1857,13.07
1858,33.77
1859,68.2
1860,103.07
1861,426.83
1862,660.96
1863,849.66
1864,301.88
1865,65.77
1866,59.73
1867,40.45
1868,61.48
1869,470.36
1870,146.24
1871,72.49
1872,1056.78
1873,960.14
1874,1228.64
1875,177.74
1876,494.1
1877,962.76
1878,562.99
1879,67.46
1880,32.72
1881,15.64
1882,170.0
1883,464.55
1884,571.46
1885,727.75
1886,384.22
1887,622.19
1888,158.51
1889,707.95
1890,512.48
1891,56.91
1892,3.36
1893,34.51
1894,48.05
1895,40.92
1896,24.11
1897,19.69
1898,10.7
1899,14.42
1900,91.99
1901,61.0
1902,77.86
1903,92.22
1904,127.88
1905,127.72
1906,96.77
1907,84.27
1908,33.94
1909,29.71
1910,107.04
1911,198.15
1912,171.81
1913,130.15
1914,141.37
1915,74.64
1916,74.26
1917,14.51
1918,14.15
1919,17.02
1920,16.05
1921,18.65
1922,1.42
1923,13.07
1924,13.07
1925,17.44
1926,65.29
1927,315.63
1928,1114.19
1929,885.71
1930,505.44
1931,135.01
1932,86.66
1933,64.97
1934,38.27
1935,5.42
1936,33.99
1937,17.26
1938,640.76
1939,486.73
1940,478.12
1941,239.84
1942,942.47
1943,822.28
1944,703.99
1945,79.15
1946,19.54
1947,12.68
1948,238.93
1949,655.15
1950,1250.78
1951,1291.07
1952,586.77
1953,586.46
1954,227.84
1955,171.5
1956,356.33
1957,155.98
1958,3.36
1959,24.39
1960,53.57
1961,81.88
1962,69.72
1963,172.74
1964,48.42
1965,36.36
1966,29.07
1967,62.59
1968,150.28
1969,55.79
1970,92.75
1971,421.58
1972,205.17
1973,107.02
1974,84.61
1975,33.32
1976,52.2
1977,221.57
1978,108.57
1979,93.59
1980,95.73
1981,79.15
1982,66.87
1983,113.85
1984,33.31
1985,25.22
1986,12.96
1987,12.96
1988,5.05
1989,3.48
1990,0.4
1991,10.92
1992,13.07
1993,13.07
1994,13.14
1995,44.52
1996,569.34
1997,1123.95
1998,515.57
1999,202.6
2000,157.11
2001,104.04
2002,87.38
2003,5.42
2004,5.42
2005,20.46
2006,122.56
2007,197.41
2008,1136.9
2009,854.2
2010,366.83
2011,940.65
2012,897.1
2013,822.62
2014,301.83
2015,13.7
2016,230.51
2017,1396.49
2018,1313.86
2019,1274.99
2020,1258.92
2021,868.71
2022,1164.88
2023,389.95
2024,191.85
2025,79.4
2026,3.36
2027,3.36
2028,596.62
2029,93.98
2030,83.42
2031,233.52
2032,228.07
2033,491.81
2034,995.41
2035,132.01
2036,714.38
2037,626.43
2038,122.01
2039,66.25
2040,159.59
2041,191.09
2042,134.65
2043,66.68
2044,33.97
2045,197.64
2046,98.9
2047,94.56
2048,90.79
2049,85.21
2050,56.56
2051,31.52
2052,32.69
2053,23.7
2054,36.18
2055,13.87
2056,12.19
2057,0.08
2058,9.77
2059,0.35
2060,6.24
2061,13.07
2062,13.07
2063,13.07
2064,13.07
2065,105.54
2066,411.72
2067,776.3
2068,215.53
2069,171.03
2070,159.63
2071,105.99
2072,16.97
2073,5.52
2074,57.32
2075,162.64
2076,168.72
2077,1058.73
2078,1100.35
2079,464.73
2080,314.73
2081,685.84
2082,1351.3
2083,655.49
2084,75.28
2085,17.51
2086,1118.38
2087,1586.3
2088,1175.83
2089,500.6
2090,1096.37
2091,859.18
2092,518.57
2093,422.21
2094,73.16
2095,22.14
2096,3.94
2097,336.79
2098,84.21
2099,77.57
2100,186.18
2101,154.27
2102,143.08
2103,498.05
2104,386.2
2105,578.14
2106,713.66
2107,639.28
2108,115.75
2109,76.83
2110,192.0
2111,262.23
2112,149.47
2113,64.46
2114,123.51
2115,128.45
2116,44.69
2117,95.91
2118,106.72
2119,57.38
2120,38.11
2121,18.7
2122,16.5
2123,16.5
2124,28.48
2125,13.13
2126,5.17
2127,2.53
2128,9.98
2129,0.28
2130,3.09
2131,13.07
2132,13.07
2133,13.07
2134,13.07
2135,13.07
2136,21.66
2137,65.37
2138,73.14
2139,97.11
2140,117.69
2141,138.33
2142,53.14
2143,18.37
2144,126.56
2145,154.07
2146,166.57
2147,1164.51
2148,1070.93
2149,675.78
2150,166.79
2151,371.04
2152,390.17
2153,951.92
2154,787.69
2155,195.05
2156,287.19
2157,801.93
2158,1124.18
2159,822.19
2160,465.46
2161,353.77
2162,415.63
2163,745.38
2164,212.09
2165,392.67
2166,169.75
2167,20.24
2168,85.31
2169,39.27
2170,173.48
2171,101.05
2172,59.63
2173,340.6
2174,1036.13
2175,138.27
2176,273.31
2177,532.32
2178,745.66
2179,1004.23
2180,99.02
2181,95.48
2182,142.55
2183,46.66
2184,49.57
2185,137.75
2186,57.76
2187,65.85
2188,161.46
2189,118.64
2190,38.11
2191,32.95
2192,16.5
2193,16.5
2194,16.5
2195,25.07
2196,20.41
2197,6.08
2198,10.09
2199,5.61
2200,8.5
2201,0.28
2202,1.36
2203,14.5
2204,15.6
2205,15.39
2206,15.07
2207,13.9
2208,13.07
2209,13.25
2210,98.58
2211,89.9
2212,90.67
2213,111.66
2214,143.95
2215,101.22
2216,161.39
2217,141.6
2218,130.59
2219,819.71
2220,1096.76
2221,928.72
2222,267.37
2223,544.35
2224,814.02
2225,981.27
2226,855.07
2227,519.19
2228,415.76
2229,733.22
2230,1006.91
2231,929.57
2232,344.65
2233,309.87
2234,532.91
2235,579.71
2236,388.46
2237,226.32
2238,789.61
2239,298.88
2240,54.23
2241,48.58
2242,59.97
2243,67.73
2244,123.52
2245,270.15
2246,467.41
2247,216.21
2248,105.45
2249,75.95
2250,1018.11
2251,1038.43
2252,299.38
2253,32.37
2254,74.86
2255,97.79
2256,29.65
2257,69.0
2258,97.8
2259,49.72
2260,165.73
2261,145.48
2262,39.17
2263,38.11
2264,29.05
2265,16.5
2266,16.23
2267,13.56
2268,15.66
2269,0.53
2270,10.36
2271,10.53
2272,10.87
2273,45.12
2274,38.45
2275,36.86
2276,18.45
2277,18.45
2278,18.45
2279,18.45
2280,17.09
2281,11.88
2282,10.77
2283,17.16
2284,10.89
2285,38.53
2286,143.75
2287,162.42
2288,167.53
2289,165.87
2290,149.63
2291,395.8
2292,642.45
2293,541.51
2294,10.88
2295,327.99
2296,727.76
2297,1119.26
2298,1312.9
2299,849.08
2300,289.58
2301,1367.54
2302,1265.36
2303,1395.98
2304,982.33
2305,473.36
2306,717.41
2307,445.57
2308,656.08
2309,262.73
2310,481.85
2311,922.62
2312,310.53
2313,258.54
2314,165.95
2315,276.2
2316,97.24
2317,117.94
2318,209.56
2319,261.63
2320,955.53
2321,209.26
2322,0.15
2323,428.79
2324,163.51
2325,100.14
2326,28.82
2327,40.88
2328,11.26
2329,11.26
2330,19.3
2331,36.74
2332,96.1
2333,175.09
2334,46.79
2335,40.83
2336,40.2
2337,30.44
2338,15.63
2339,13.01
2340,13.01
2341,9.95
2342,0.2
2343,10.06
2344,10.53
2345,10.53
2346,26.59
2347,43.34
2348,41.33
2349,35.05
2350,18.46
2351,18.45
2352,18.45
2353,11.52
2354,5.0
2355,7.12
2356,7.12
2357,7.12
2358,7.12
2359,37.84
2360,121.16
2361,146.52
2362,165.7
2363,160.13
2364,79.12
2365,906.9
2366,822.87
2367,636.21
2368,693.62
2369,756.14
2370,1012.84
2371,1124.63
2372,639.57
2373,656.86
2374,464.92
2375,886.1
2376,642.41
2377,1279.62
2378,491.58
2379,719.38
2380,461.31
2381,634.42
2382,413.41
2383,751.62
2384,1157.69
2385,921.62
2386,474.45
2387,471.96
2388,553.43
2389,110.52
2390,42.9
2391,109.71
2392,86.44
2393,360.6
2394,461.52
2395,902.38
2396,948.49
2397,746.63
2398,153.54
2399,32.38
2400,35.13
2401,23.21
2402,11.26
2403,11.2
2404,8.57
2405,8.52
2406,19.1
2407,37.43
2408,83.74
2409,125.49
2410,40.98
2411,23.1
2412,14.14
2413,14.57
2414,26.28
2415,0.04
2416,9.52
2417,10.53
2418,10.53
2419,10.53
2420,47.35
2421,41.95
2422,41.33
2423,32.43
2424,12.6
2425,7.27
2426,1.29
2427,0.54
2428,4.5
2429,7.12
2430,7.12
2431,7.12
2432,7.12
2433,75.95
2434,109.58
2435,155.22
2436,176.95
2437,110.25
2438,804.29
2439,630.12
2440,1109.34
2441,1021.49
2442,1262.96
2443,656.3
2444,1245.1
2445,330.46
2446,76.95
2447,68.41
2448,281.0
2449,655.87
2450,985.83
2451,822.4
2452,281.42
2453,343.65
2454,202.95
2455,675.51
2456,116.59
2457,500.03
2458,553.1
2459,513.6
2460,78.24
2461,50.74
2462,40.44
2463,35.95
2464,719.82
2465,58.53
2466,71.95
2467,167.3
2468,588.03
2469,1072.13
2470,597.9
2471,274.72
2472,43.58
2473,52.32
2474,41.68
2475,11.26
2476,11.26
2477,34.37
2478,8.52
2479,8.52
2480,8.52
2481,10.94
2482,215.05
2483,40.79
2484,29.55
2485,16.5
2486,13.23
2487,18.59
2488,11.61
2489,0.0
2490,8.99
2491,10.53
2492,10.53
2493,10.53
2494,16.46
2495,28.98
2496,15.74
2497,3.13
2498,0.54
2499,0.54
2500,0.54
2501,0.54
2502,0.54
2503,2.88
2504,5.36
2505,5.05
2506,4.84
2507,6.81
2508,67.42
2509,146.84
2510,178.98
2511,154.81
2512,142.31
2513,287.32
2514,132.62
2515,160.51
2516,501.07
2517,467.32
2518,874.19
2519,556.07
2520,39.21
2521,32.11
2522,195.89
2523,212.78
2524,241.54
2525,714.26
2526,177.47
2527,56.63
2528,643.95
2529,670.02
2530,453.04
2531,259.44
2532,220.9
2533,848.03
2534,492.98
2535,133.56
2536,87.64
2537,583.01
2538,689.79
2539,549.35
2540,97.04
2541,268.4
2542,730.39
2543,880.22
2544,995.48
2545,564.25
2546,388.42
2547,66.67
2548,52.79
2549,11.99
2550,108.41
2551,143.15
2552,80.52
2553,32.97
2554,8.52
2555,11.29
2556,13.59
2557,13.59
2558,17.37
2559,16.32
2560,13.98
2561,13.01
2562,21.42
2563,8.57
2564,10.53
2565,10.53
2566,10.23
2567,9.05
2568,6.69
2569,3.64
2570,0.54
2571,0.54
2572,0.54
2573,0.54
2574,0.54
2575,0.54
2576,0.54
2577,3.85
2578,4.01
2579,4.01
2580,4.9
2581,7.12
2582,39.04
2583,124.23
2584,136.75
2585,159.03
2586,113.46
2587,59.43
2588,62.17
2589,57.56
2590,76.18
2591,353.47
2592,715.9
2593,45.26
2594,31.81
2595,254.95
2596,370.18
2597,392.87
2598,286.18
2599,580.16
2600,14.35
2601,230.27
2602,425.08
2603,517.65
2604,354.65
2605,318.22
2606,542.67
2607,936.56
2608,254.64
2609,61.53
2610,410.32
2611,805.56
2612,496.47
2613,188.89
2614,225.4
2615,830.58
2616,592.56
2617,928.32
2618,839.83
2619,633.82
2620,101.36
2621,352.34
2622,28.43
2623,161.75
2624,207.39
2625,105.18
2626,125.09
2627,91.46
2628,24.64
2629,13.59
2630,13.59
2631,13.59
2632,14.02
2633,1.51
2634,1.61
2635,4.05
2636,4.73
2637,7.91
2638,10.53
2639,9.61
2640,7.44
2641,0.9
2642,0.54
2643,0.54
2644,0.54
2645,0.54
2646,0.54
2647,0.54
2648,0.54
2649,0.54
2650,0.54
2651,1.88
2652,4.01
2653,4.01
2654,4.01
2655,58.51
2656,90.91
2657,95.8
2658,72.56
2659,92.94
2660,124.15
2661,427.54
2662,692.27
2663,876.73
2664,522.31
2665,837.3
2666,308.07
2667,71.24
2668,13.47
2669,96.54
2670,556.99
2671,625.36
2672,267.46
2673,280.07
2674,25.26
2675,65.84
2676,415.85
2677,514.76
2678,457.75
2679,284.29
2680,454.72
2681,504.74
2682,296.19
2683,22.16
2684,1166.8
2685,1004.7
2686,850.07
2687,575.93
2688,61.29
2689,864.9
2690,1089.32
2691,866.68
2692,579.86
2693,219.84
2694,165.47
2695,620.29
2696,822.42
2697,247.02
2698,147.46
2699,99.99
2700,112.76
2701,106.23
2702,163.04
2703,242.0
2704,65.81
2705,13.59
2706,13.59
2707,7.69
2708,7.38
2709,10.53
2710,5.24
2711,0.09
2712,0.54
2713,0.54
2714,0.54
2715,0.54
2716,0.54
2717,0.54
2718,0.54
2719,0.54
2720,0.54
2721,0.54
2722,0.54
2723,3.69
2724,4.01
2725,4.01
2726,34.83
2727,138.08
2728,179.91
2729,122.35
2730,66.85
2731,67.89
2732,155.08
2733,558.43
2734,478.06
2735,951.91
2736,1103.33
2737,758.91
2738,102.51
2739,45.77
2740,33.91
2741,775.3
2742,1036.09
2743,621.84
2744,252.07
2745,343.99
2746,352.2
2747,435.87
2748,772.43
2749,654.39
2750,84.43
2751,47.74
2752,8.88
2753,9.06
2754,7.35
2755,247.09
2756,262.72
2757,682.26
2758,1105.29
2759,206.93
2760,64.74
2761,734.96
2762,1421.42
2763,370.17
2764,240.21
2765,173.3
2766,370.8
2767,625.24
2768,755.8
2769,700.73
2770,273.73
2771,48.15
2772,67.34
2773,149.72
2774,354.26
2775,670.99
2776,224.77
2777,13.59
2778,12.29
2779,0.0
2780,2.47
2781,4.42
2782,1.08
2783,0.0
2784,0.26
2785,0.52
2786,0.53
2787,0.54
2788,0.54
2789,0.54
2790,0.54
2791,0.54
2792,0.54
2793,0.54
2794,0.54
2795,1.0
2796,4.01
2797,4.01
2798,30.24
2799,126.1
2800,143.25
2801,134.64
2802,89.95
2803,62.21
2804,4.14
2805,17.68
2806,13.63
2807,47.32
2808,346.84
2809,691.75
2810,63.6
2811,5.24
2812,48.53
2813,114.11
2814,669.35
2815,576.0
2816,386.43
2817,349.82
2818,97.02
2819,298.78
2820,810.45
2821,691.36
2822,522.78
2823,48.52
2824,89.32
2825,95.67
2826,31.09
2827,116.98
2828,104.32
2829,64.9
2830,423.65
2831,384.12
2832,294.45
2833,66.15
2834,559.16
2835,393.89
2836,335.78
2837,161.0
2838,305.9
2839,287.5
2840,578.04
2841,923.1
2842,809.28
2843,147.35
2844,45.64
2845,50.94
2846,16.22
2847,123.82
2848,383.18
2849,155.04
2850,12.93
2851,0.81
2852,0.31
2853,0.52
2854,0.52
2855,0.28
2856,0.0
2857,0.48
2858,0.52
2859,0.52
2860,0.52
2861,0.53
2862,0.54
2863,0.54
2864,0.54
2865,0.54
2866,0.54
2867,0.54
2868,1.61
2869,4.01
2870,35.2
2871,110.0
2872,131.59
2873,131.26
2874,55.09
2875,48.83
2876,39.04
2877,0.79
2878,0.77
2879,0.77
2880,156.8
2881,960.21
2882,49.4
2883,6.73
2884,15.15
2885,81.56
2886,133.8
2887,61.36
2888,120.52
2889,245.14
2890,397.95
2891,119.14
2892,580.43
2893,536.49
2894,611.6
2895,831.43
2896,377.65
2897,247.93
2898,296.67
2899,101.33
2900,108.84
2901,75.34
2902,148.32
2903,375.56
2904,1027.77
2905,603.47
2906,835.51
2907,758.6
2908,1091.31
2909,912.78
2910,66.19
2911,213.0
2912,355.6
2913,1003.54
2914,676.54
2915,362.75
2916,98.88
2917,59.66
2918,16.49
2919,16.22
2920,49.95
2921,60.48
2922,8.5
2923,2.04
2924,0.28
2925,0.52
2926,0.52
2927,0.52
2928,0.15
2929,0.18
2930,0.52
2931,0.52
2932,0.52
2933,0.52
2934,0.52
2935,0.52
2936,0.53
2937,0.54
2938,0.54
2939,0.59
2940,0.92
2941,1.61
2942,30.05
2943,90.57
2944,104.19
2945,96.36
2946,57.61
2947,48.64
2948,45.24
2949,37.32
2950,0.77
2951,0.77
2952,64.18
2953,711.85
2954,77.31
2955,13.81
2956,20.92
2957,48.58
2958,618.34
2959,243.72
2960,37.82
2961,36.17
2962,446.28
2963,169.58
2964,25.85
2965,54.27
2966,107.69
2967,293.8
2968,362.48
2969,1065.11
2970,184.41
2971,180.11
2972,694.8
2973,693.61
2974,770.77
2975,666.71
2976,42.25
2977,655.89
2978,1087.28
2979,858.13
2980,647.85
2981,930.95
2982,41.01
2983,75.24
2984,152.85
2985,387.88
2986,355.06
2987,761.95
2988,312.03
2989,40.11
2990,54.03
2991,15.52
2992,10.9
2993,8.31
2994,8.31
2995,4.47
2996,0.24
2997,0.52
2998,0.52
2999,0.52
3000,0.52
3001,0.46
3002,0.52
3003,0.52
3004,0.52
3005,0.52
3006,0.52
3007,0.52
3008,0.52
3009,0.52
3010,0.52
3011,4.57
3012,6.9
3013,7.28
3014,12.05
3015,18.13
3016,56.92
3017,80.47
3018,47.87
3019,53.16
3020,76.89
3021,77.35
3022,73.69
3023,35.88
3024,30.28
3025,124.18
3026,18.77
3027,12.92
3028,20.88
3029,20.92
3030,172.73
3031,342.03
3032,372.05
3033,54.6
3034,289.22
3035,298.4
3036,30.01
3037,0.0
3038,0.0
3039,177.8
3040,660.01
3041,557.31
3042,439.04
3043,73.59
3044,235.71
3045,437.42
3046,630.65
3047,1047.4
3048,651.36
3049,306.22
3050,563.38
3051,1057.4
3052,535.74
3053,604.29
3054,293.18
3055,41.97
3056,163.52
3057,244.84
3058,902.18
3059,1162.94
3060,320.35
3061,117.18
3062,51.53
3063,20.01
3064,8.31
3065,8.31
3066,8.31
3067,8.06
3068,0.23
3069,0.52
3070,0.52
3071,0.52
3072,0.52
3073,0.52
3074,0.52
3075,0.52
3076,0.52
3077,0.52
3078,0.52
3079,0.52
3080,0.52
3081,0.52
3082,1.08
3083,7.35
3084,7.35
3085,10.73
3086,18.13
3087,25.79
3088,66.01
3089,65.92
3090,65.82
3091,126.4
3092,134.11
3093,156.35
3094,141.49
3095,75.78
3096,68.86
3097,25.74
3098,12.77
3099,19.84
3100,22.86
3101,26.08
3102,45.72
3103,381.25
3104,15.43
3105,91.15
3106,180.36
3107,92.67
3108,9.77
3109,0.0
3110,0.0
3111,586.03
3112,353.73
3113,27.37
3114,27.37
3115,125.37
3116,224.94
3117,632.79
3118,1484.6
3119,783.78
3120,750.73
3121,951.29
3122,981.0
3123,1489.02
3124,1449.41
3125,1012.7
3126,70.53
3127,114.79
3128,444.83
3129,797.0
3130,824.17
3131,914.29
3132,503.28
3133,37.68
3134,8.31
3135,8.31
3136,8.31
3137,8.31
3138,8.31
3139,2.94
3140,0.39
3141,0.52
3142,0.52
3143,0.52
3144,0.52
3145,0.52
3146,0.52
3147,0.52
3148,0.52
3149,0.52
3150,0.52
3151,0.52
3152,0.52
3153,0.52
3154,4.48
3155,7.35
3156,7.68
3157,18.13
3158,18.13
3159,37.11
3160,23.06
3161,36.78
3162,39.96
3163,66.13
3164,19.63
3165,35.52
3166,70.73
3167,81.47
3168,46.85
3169,34.83
3170,47.56
3171,25.99
3172,25.99
3173,26.96
3174,157.55
3175,93.41
3176,65.68
3177,451.32
3178,156.72
3179,26.54
3180,0.0
3181,0.0
3182,416.0
3183,513.36
3184,27.37
3185,27.37
3186,43.91
3187,121.51
3188,349.6
3189,1170.14
3190,883.1
3191,842.5
3192,867.81
3193,462.3
3194,542.2
3195,686.64
3196,970.7
3197,670.86
3198,73.28
3199,166.38
3200,621.39
3201,526.35
3202,886.88
3203,849.82
3204,109.65
3205,11.64
3206,11.41
3207,7.79
3208,7.08
3209,7.15
3210,6.62
3211,0.33
3212,0.52
3213,0.52
3214,0.52
3215,0.52
3216,0.52
3217,0.52
3218,0.52
3219,0.52
3220,0.52
3221,0.52
3222,0.52
3223,0.52
3224,0.52
3225,0.54
3226,6.88
3227,7.35
3228,20.32
3229,18.13
3230,103.12
3231,101.32
3232,38.92
3233,39.76
3234,25.31
3235,9.41
3236,9.41
3237,9.41
3238,9.41
3239,35.18
3240,28.19
3241,66.94
3242,25.99
3243,25.99
3244,26.23
3245,34.28
3246,129.6
3247,162.97
3248,412.28
3249,373.53
3250,81.64
3251,15.47
3252,3.98
3253,4.35
3254,113.74
3255,15.05
3256,22.31
3257,26.69
3258,236.52
3259,263.26
3260,1175.62
3261,992.44
3262,641.31
3263,978.92
3264,969.51
3265,1551.85
3266,1123.67
3267,1350.12
3268,1437.14
3269,133.91
3270,112.36
3271,824.16
3272,678.97
3273,141.75
3274,291.78
3275,160.47
3276,12.95
3277,12.95
3278,11.08
3279,6.23
3280,6.23
3281,6.23
3282,3.6
3283,0.28
3284,0.52
3285,0.52
3286,0.52
3287,1.02
3288,2.98
3289,5.5
3290,7.71
3291,10.15
3292,11.11
3293,0.54
3294,0.52
3295,0.52
3296,0.52
3297,0.52
3298,0.86
3299,7.33
3300,8.08
3301,18.13
3302,18.13
3303,132.98
3304,53.96
3305,31.08
3306,16.99
3307,9.41
3308,9.41
3309,9.41
3310,9.41
3311,15.27
3312,21.55
3313,37.69
3314,29.1
3315,24.07
3316,23.9
3317,46.56
3318,309.6
3319,19.55
3320,14.14
3321,14.14
3322,28.84
3323,27.08
3324,342.36
3325,729.54
3326,60.98
3327,0.55
3328,0.55
3329,1.02
3330,111.78
3331,87.65
3332,559.53
3333,973.65
3334,402.68
3335,852.23
3336,1194.67
3337,1312.14
3338,965.21
3339,1130.79
3340,906.97
3341,639.09
3342,24.58
3343,515.93
3344,622.71
3345,119.8
3346,58.98
3347,56.96
3348,13.22
3349,12.95
3350,12.95
3351,7.13
3352,6.23
3353,6.23
3354,6.23
3355,0.89
3356,0.15
3357,0.52
3358,0.52
3359,0.52
3360,0.85
3361,13.39
3362,13.72
3363,13.72
3364,13.72
3365,13.15
3366,3.68
3367,0.52
3368,0.52
3369,0.52
3370,0.52
3371,0.52
3372,1.84
3373,7.35
3374,11.81
3375,16.03
3376,17.3
3377,18.46
3378,12.83
3379,12.31
3380,9.41
3381,9.41
3382,9.41
3383,9.41
3384,11.7
3385,21.55
3386,21.55
3387,19.84
3388,18.02
3389,18.02
3390,22.44
3391,93.4
3392,24.01
3393,14.14
3394,14.14
3395,15.3
3396,27.08
3397,133.53
3398,573.1
3399,273.44
3400,0.55
3401,0.55
3402,0.55
3403,0.55
3404,0.55
3405,51.48
3406,305.76
3407,421.71
3408,396.26
3409,971.8
3410,1006.66
3411,597.49
3412,1310.23
3413,869.01
3414,220.95
3415,22.25
3416,27.57
3417,147.06
3418,127.93
3419,58.33
3420,58.98
3421,19.31
3422,12.95
3423,12.95
3424,11.65
3425,6.23
3426,6.23
3427,6.23
3428,4.7
3429,0.11
3430,0.34
3431,0.52
3432,0.52
3433,2.92
3434,13.72
3435,13.72
3436,13.72
3437,8.7
3438,0.52
3439,0.52
3440,0.52
3441,0.52
3442,0.52
3443,0.52
3444,0.52
3445,1.37
3446,7.93
3447,12.71
3448,12.83
3449,12.83
3450,12.83
3451,12.83
3452,10.73
3453,9.65
3454,9.49
3455,9.41
3456,9.41
3457,19.67
3458,21.55
3459,20.94
3460,18.02
3461,18.02
3462,18.02
3463,39.51
3464,56.04
3465,31.91
3466,14.14
3467,14.16
3468,25.91
3469,27.08
3470,451.17
3471,883.49
3472,27.64
3473,0.55
3474,0.55
3475,0.55
3476,0.55
3477,0.55
3478,415.62
3479,617.96
3480,37.76
3481,41.1
3482,64.04
3483,60.44
3484,22.46
3485,22.25
3486,22.25
3487,22.18
3488,20.5
3489,24.43
3490,31.77
3491,32.15
3492,36.88
3493,27.48
3494,12.95
3495,12.95
3496,12.95
3497,7.82
3498,6.23
3499,6.23
3500,6.23
3501,0.62
3502,0.01
3503,0.25
3504,0.51
3505,8.77
3506,13.29
3507,12.86
3508,11.23
3509,1.62
3510,0.52
3511,0.52
3512,0.52
3513,0.52
3514,0.54
3515,1.0
3516,0.74
3517,3.45
3518,12.83
3519,12.83
3520,12.83
3521,12.83
3522,12.83
3523,12.81
3524,9.92
3525,9.92
3526,8.21
3527,8.26
3528,13.44
3529,21.55
3530,21.55
3531,18.38
3532,18.02
3533,18.02
3534,18.02
3535,54.56
3536,55.02
3537,27.36
3538,14.71
3539,74.27
3540,89.43
3541,81.81
3542,441.58
3543,194.85
3544,45.21
3545,35.52
3546,24.78
3547,7.79
3548,0.55
3549,30.54
3550,232.94
3551,39.1
3552,37.76
3553,50.04
3554,53.62
3555,26.51
3556,16.09
3557,13.36
3558,15.06
3559,19.73
3560,19.7
3561,36.69
3562,31.77
3563,31.77
3564,30.94
3565,10.67
3566,10.69
3567,10.71
3568,10.43
3569,8.76
3570,8.69
3571,8.64
3572,5.61
3573,1.52
3574,11.89
3575,11.88
3576,11.88
3577,11.88
3578,4.53
3579,3.09
3580,4.16
3581,5.21
3582,6.29
3583,7.27
3584,7.22
3585,5.0
3586,12.83
3587,12.83
3588,12.83
3589,12.83
3590,12.83
3591,12.83
3592,10.83
3593,9.92
3594,9.92
3595,9.73
3596,9.92
3597,20.83
3598,21.55
3599,19.92
3600,18.02
3601,18.02
3602,18.02
3603,78.29
3604,99.82
3605,28.86
3606,32.33
3607,70.93
3608,179.47
3609,251.18
3610,73.7
3611,19.5
3612,49.75
3613,55.25
3614,67.09
3615,69.4
3616,31.16
3617,32.03
3618,26.73
3619,25.2
3620,23.65
3621,21.62
3622,13.44
3623,13.0
3624,9.14
3625,6.95
3626,6.95
3627,17.87
3628,19.7
3629,19.8
3630,31.41
3631,31.77
3632,25.68
3633,11.93
3634,9.88
3635,9.88
3636,9.88
3637,10.91
3638,11.45
3639,9.67
3640,9.73
3641,3.4
3642,1.73
3643,0.2
3644,8.77
3645,11.88
3646,11.88
3647,11.48
3648,9.5
3649,8.71
3650,7.79
3651,7.79
3652,7.79
3653,7.79
3654,7.79
3655,10.11
3656,12.83
3657,12.83
3658,12.83
3659,12.83
3660,12.83
3661,12.79
3662,9.83
3663,9.92
3664,9.92
3665,9.92
3666,9.92
3667,42.86
3668,60.62
3669,82.02
3670,18.02
3671,18.02
3672,18.06
3673,130.61
3674,182.24
3675,71.39
3676,28.65
3677,59.56
3678,96.94
3679,88.47
3680,113.17
3681,25.28
3682,50.77
3683,103.24
3684,134.87
3685,154.48
3686,84.12
3687,70.55
3688,19.78
3689,18.53
3690,18.53
3691,18.53
3692,14.15
3693,13.0
3694,12.69
3695,6.95
3696,6.95
3697,9.2
3698,19.7
3699,19.7
3700,21.79
3701,31.77
3702,30.15
3703,8.01
3704,6.76
3705,7.08
3706,13.09
3707,16.7
3708,17.37
3709,11.27
3710,8.69
3711,8.71
3712,8.69
3713,7.91
3714,0.02
3715,11.17
3716,11.88
3717,10.64
3718,9.29
3719,9.29
3720,9.14
3721,7.96
3722,7.79
3723,7.79
3724,7.79
3725,10.74
3726,12.83
3727,12.83
3728,12.83
3729,12.83
3730,12.83
3731,10.87
3732,7.3
3733,9.37
3734,9.92
3735,9.92
3736,9.92
3737,10.5
3738,110.5
3739,115.51
3740,58.81
3741,18.02
3742,18.02
3743,132.01
3744,121.42
3745,113.95
3746,38.05
3747,32.68
3748,27.35
3749,21.93
3750,58.64
3751,71.23
3752,33.18
3753,101.33
3754,126.46
3755,274.08
3756,409.38
3757,274.22
3758,62.41
3759,18.53
3760,18.53
3761,18.53
3762,18.34
3763,13.0
3764,13.0
3765,10.13
3766,6.95
3767,6.95
3768,15.24
3769,19.7
3770,19.7
3771,21.69
3772,15.98
3773,3.81
3774,3.8
3775,3.8
3776,11.03
3777,17.37
3778,17.37
3779,13.66
3780,8.69
3781,8.69
3782,8.69
3783,8.69
3784,7.96
3785,4.37
3786,1.48
3787,11.73
3788,9.78
3789,9.29
3790,9.29
3791,9.29
3792,9.29
3793,8.07
3794,7.79
3795,7.79
3796,11.33
3797,12.83
3798,12.83
3799,12.83
3800,12.83
3801,12.26
3802,8.41
3803,7.26
3804,7.8
3805,9.92
3806,9.92
3807,9.92
3808,9.92
3809,36.63
3810,76.85
3811,104.2
3812,60.4
3813,49.31
3814,74.46
3815,107.77
3816,126.16
3817,90.13
3818,47.69
3819,18.46
3820,9.07
3821,20.61
3822,54.14
3823,29.81
3824,177.03
3825,1202.67
3826,842.59
3827,630.67
3828,804.51
3829,142.66
3830,18.53
3831,18.53
3832,18.53
3833,18.53
3834,14.66
3835,11.98
3836,12.03
3837,7.51
3838,6.95
3839,7.39
3840,19.7
3841,19.7
3842,18.15
3843,3.8
3844,3.8
3845,3.8
3846,3.8
3847,9.0
3848,18.0
3849,17.82
3850,17.51
3851,10.49
3852,8.69
3853,8.69
3854,8.69
3855,8.69
3856,8.69
3857,0.59
3858,5.01
3859,9.29
3860,9.29
3861,9.29
3862,9.29
3863,9.29
3864,7.64
3865,7.01
3866,7.81
3867,11.92
3868,12.83
3869,12.83
3870,12.83
3871,12.56
3872,9.68
3873,7.26
3874,7.26
3875,7.26
3876,9.11
3877,9.92
3878,9.92
3879,9.92
3880,10.13
3881,65.14
3882,91.96
3883,111.18
3884,128.43
3885,43.37
3886,92.25
3887,258.38
3888,295.55
3889,69.42
3890,68.81
3891,7.69
3892,7.69
3893,17.65
3894,25.65
3895,3.22
3896,768.67
3897,1509.69
3898,340.68
3899,1302.85
3900,313.33
3901,18.53
3902,18.53
3903,18.53
3904,18.53
3905,18.53
3906,11.66
3907,7.16
3908,7.12
3909,6.95
3910,8.27
3911,17.13
3912,19.7
3913,19.7
3914,6.53
3915,3.8
3916,3.8
3917,3.8
3918,6.51
3919,18.65
3920,18.65
3921,18.38
3922,17.37
3923,15.18
3924,8.69
3925,8.69
3926,8.69
3927,8.69
3928,4.14
3929,9.29
3930,9.29
3931,9.29
3932,9.29
3933,8.96
3934,6.91
3935,6.66
3936,6.73
3937,10.56
3938,11.22
3939,10.73
3940,10.29
3941,9.15
3942,7.26
3943,7.26
3944,7.26
3945,7.26
3946,7.29
3947,10.06
3948,10.94
3949,13.43
3950,15.26
3951,27.36
3952,77.63
3953,100.12
3954,123.5
3955,84.26
3956,63.03
3957,123.15
3958,268.15
3959,361.97
3960,262.67
3961,72.15
3962,7.69
3963,7.69
3964,14.06
3965,14.4
3966,101.99
3967,1242.19
3968,604.67
3969,669.41
3970,895.96
3971,80.98
3972,17.78
3973,18.25
3974,18.53
3975,18.53
3976,19.09
3977,7.16
3978,7.16
3979,7.1
3980,11.6
3981,19.7
3982,19.7
3983,19.7
3984,9.38
3985,3.8
3986,3.8
3987,3.8
3988,4.43
3989,18.49
3990,18.65
3991,20.1
3992,17.38
3993,16.93
3994,8.81
3995,8.69
3996,8.69
3997,8.69
3998,7.84
3999,2.16
4000,9.29
4001,9.29
4002,9.29
4003,8.17
4004,6.66
4005,6.66
4006,6.66
4007,6.66
4008,6.66
4009,6.66
4010,6.66
4011,7.08
4012,7.26
4013,7.26
4014,7.26
4015,7.26
4016,7.26
4017,11.37
4018,16.25
4019,16.39
4020,16.39
4021,16.39
4022,72.89
4023,95.17
4024,90.66
4025,46.74
4026,41.62
4027,98.27
4028,118.36
4029,123.62
4030,214.86
4031,268.21
4032,26.22
4033,7.69
4034,7.69
4035,12.65
4036,21.84
4037,337.98
4038,1703.79
4039,659.58
4040,1158.46
4041,200.4
4042,0.54
4043,0.94
4044,2.41
4045,3.73
4046,4.73
4047,7.81
4048,7.89
4049,7.16
4050,9.42
4051,15.62
4052,19.7
4053,19.7
4054,12.29
4055,3.8
4056,3.8
4057,3.8
4058,3.8
4059,16.98
4060,18.65
4061,18.65
4062,19.01
4063,17.32
4064,9.31
4065,8.69
4066,8.69
4067,8.69
4068,7.88
4069,1.95
4070,6.02
4071,9.29
4072,9.28
4073,6.57
4074,6.24
4075,6.56
4076,6.37
4077,6.48
4078,6.66
4079,6.66
4080,6.66
4081,6.66
4082,7.02
4083,7.26
4084,7.26
4085,7.26
4086,7.26
4087,8.25
4088,16.39
4089,16.39
4090,16.39
4091,16.39
4092,15.82
4093,30.31
4094,49.77
4095,53.96
4096,41.62
4097,43.62
4098,120.13
4099,143.41
4100,116.03
4101,171.71
4102,173.62
4103,7.69
4104,7.69
4105,7.69
4106,13.88
4107,26.03
4108,388.15
4109,655.87
4110,508.52
4111,1083.29
4112,213.27
4113,0.0
4114,0.0
4115,0.0
4116,0.0
4117,7.29
4118,13.7
4119,9.44
4120,9.6
4121,12.35
4122,12.52
4123,16.93
4124,15.22
4125,3.8
4126,3.8
4127,3.8
4128,3.8
4129,33.64
4130,18.65
4131,18.65
4132,11.1
4133,12.37
4134,9.92
4135,8.69
4136,8.69
4137,8.69
4138,4.22
4139,0.09
4140,8.2
4141,8.28
4142,5.38
4143,4.98
4144,4.98
4145,5.14
4146,4.98
4147,5.17
4148,6.66
4149,6.66
4150,6.66
4151,6.66
4152,6.95
4153,7.26
4154,7.26
4155,7.26
4156,7.26
4157,18.06
4158,16.39
4159,16.39
4160,16.39
4161,16.39
4162,11.17
4163,8.85
4164,8.85
4165,18.16
4166,38.69
4167,68.27
4168,88.84
4169,62.49
4170,62.47
4171,166.39
4172,69.0
4173,7.69
4174,7.69
4175,7.69
4176,66.94
4177,233.64
4178,571.71
4179,1380.92
4180,215.97
4181,953.38
4182,20.78
4183,0.0
4184,0.0
4185,0.0
4186,0.48
4187,13.7
4188,13.7
4189,9.98
4190,12.35
4191,12.35
4192,12.35
4193,12.43
4194,5.15
4195,4.3
4196,3.8
4197,3.8
4198,54.7
4199,82.96
4200,14.66
4201,11.17
4202,7.32
4203,7.32
4204,7.59
4205,8.19
4206,8.69
4207,1.86
4208,0.57
4209,6.16
4210,4.98
4211,4.98
4212,4.98
4213,4.98
4214,4.98
4215,4.98
4216,5.83
4217,6.66
4218,6.66
4219,6.66
4220,6.66
4221,6.88
4222,7.26
4223,7.26
4224,7.26
4225,8.72
4226,16.35
4227,15.63
4228,14.43
4229,13.06
4230,11.39
4231,8.85
4232,8.85
4233,8.85
4234,8.85
4235,23.25
4236,54.79
4237,59.27
4238,60.5
4239,98.09
4240,238.53
4241,25.95
4242,8.25
4243,7.98
4244,42.13
4245,142.89
4246,754.74
4247,1255.1
4248,750.17
4249,458.6
4250,563.99
4251,0.0
4252,0.0
4253,0.0
4254,0.05
4255,8.57
4256,13.7
4257,8.53
4258,5.17
4259,10.57
4260,12.35
4261,12.05
4262,6.5
4263,6.39
4264,6.24
4265,5.48
4266,32.04
4267,99.08
4268,70.6
4269,7.32
4270,7.32
4271,7.32
4272,7.32
4273,7.45
4274,8.52
4275,5.58
4276,1.32
4277,4.98
4278,4.98
4279,4.98
4280,4.98
4281,4.98
4282,4.98
4283,4.98
4284,6.6
4285,6.66
4286,6.66
4287,6.66
4288,6.66
4289,6.81
4290,7.26
4291,7.26
4292,7.26
4293,9.49
4294,8.17
4295,7.72
4296,7.72
4297,7.72
4298,8.53
4299,8.85
4300,8.85
4301,8.85
4302,8.85
4303,8.85
4304,10.06
4305,9.32
4306,54.94
4307,90.74
4308,47.86
4309,8.57
4310,8.57
4311,8.57
4312,49.79
4313,233.28
4314,499.32
4315,970.28
4316,148.06
4317,32.52
4318,26.73
4319,1.08
4320,0.09
4321,9.82
4322,12.9
4323,13.1
4324,6.01
4325,4.22
4326,4.22
4327,6.43
4328,11.5
4329,6.74
4330,6.39
4331,6.39
4332,6.39
4333,9.99
4334,30.1
4335,49.38
4336,21.4
4337,10.19
4338,7.32
4339,7.32
4340,7.32
4341,7.34
4342,7.75
4343,0.04
4344,2.53
4345,4.98
4346,4.98
4347,4.98
4348,4.98
4349,4.98
4350,4.69
4351,1.12
4352,3.12
4353,3.94
4354,2.82
4355,1.69
4356,0.98
4357,5.93
4358,7.26
4359,7.26
4360,7.38
4361,7.72
4362,7.72
4363,7.72
4364,7.72
4365,7.88
4366,8.85
4367,8.85
4368,8.85
4369,8.85
4370,8.85
4371,8.85
4372,8.85
4373,8.85
4374,42.55
4375,50.67
4376,21.26
4377,8.57
4378,8.57
4379,8.96
4380,183.83
4381,420.24
4382,846.66
4383,1935.28
4384,434.78
4385,30.06
4386,16.75
4387,1.05
4388,7.82
4389,13.7
4390,11.39
4391,4.22
4392,4.22
4393,4.22
4394,4.22
4395,4.22
4396,5.51
4397,6.39
4398,6.39
4399,6.39
4400,7.01
4401,27.6
4402,27.99
4403,27.99
4404,22.19
4405,7.32
4406,7.32
4407,7.32
4408,7.32
4409,7.32
4410,2.5
4411,1.44
4412,4.78
4413,4.98
4414,4.98
4415,4.98
4416,4.98
4417,3.16
4418,4.27
4419,7.22
4420,7.26
4421,8.44
4422,7.72
4423,7.72
4424,7.72
4425,7.72
4426,8.54
4427,8.85
4428,8.85
4429,8.85
4430,8.85
4431,8.85
4432,8.85
4433,8.85
4434,8.85
4435,20.37
4436,42.49
4437,9.43
4438,8.57
4439,8.57
4440,41.13
4441,170.54
4442,857.39
4443,696.46
4444,834.49
4445,169.15
4446,18.53
4447,13.7
4448,14.4
4449,22.87
4450,19.1
4451,4.22
4452,4.22
4453,4.22
4454,4.22
4455,4.22
4456,4.22
4457,4.69
4458,6.07
4459,6.39
4460,6.39
4461,25.0
4462,27.99
4463,25.2
4464,23.59
4465,7.32
4466,7.32
4467,7.32
4468,7.32
4469,7.32
4470,5.8
4471,0.83
4472,4.25
4473,4.98
4474,4.98
4475,4.98
4476,4.98
4477,4.9
4478,1.34
4479,2.38
4480,7.17
4481,7.45
4482,7.72
4483,7.72
4484,7.72
4485,7.72
4486,7.9
4487,9.67
4488,9.92
4489,8.94
4490,8.85
4491,8.85
4492,8.85
4493,8.85
4494,8.85
4495,9.19
4496,14.03
4497,15.38
4498,8.57
4499,8.57
4500,8.57
4501,23.01
4502,502.1
4503,379.61
4504,40.96
4505,25.23
4506,11.24
4507,13.5
4508,29.63
4509,41.93
4510,41.92
4511,36.36
4512,19.24
4513,4.22
4514,4.22
4515,4.22
4516,4.22
4517,4.22
4518,4.22
4519,4.39
4520,5.11
4521,21.02
4522,27.99
4523,24.43
4524,18.25
4525,9.47
4526,7.32
4527,7.32
4528,7.32
4529,7.32
4530,7.32
4531,0.79
4532,1.58
4533,4.97
4534,4.98
4535,4.98
4536,4.98
4537,4.25
4538,0.05
4539,0.75
4540,6.57
4541,7.72
4542,7.78
4543,7.92
4544,8.07
4545,8.15
4546,13.51
4547,16.27
4548,16.0
4549,15.12
4550,9.06
4551,8.85
4552,8.85
4553,10.13
4554,12.87
4555,14.45
4556,14.45
4557,10.49
4558,8.57
4559,8.57
4560,8.57
4561,10.39
4562,11.24
4563,11.24
4564,11.24
4565,11.24
4566,20.9
4567,31.37
4568,37.37
4569,41.92
4570,46.08
4571,71.14
4572,56.25
4573,14.76
4574,4.22
4575,4.22
4576,4.22
4577,4.22
4578,4.22
4579,4.22
4580,16.32
4581,27.99
4582,20.78
4583,18.25
4584,15.53
4585,7.32
4586,7.32
4587,7.32
4588,7.32
4589,7.32
4590,3.85
4591,1.47
4592,4.98
4593,4.98
4594,4.98
4595,4.97
4596,0.07
4597,0.06
4598,8.01
4599,8.2
4600,8.23
4601,8.23
4602,8.23
4603,8.67
4604,16.27
4605,16.27
4606,16.27
4607,22.64
4608,13.43
4609,11.14
4610,13.82
4611,14.45
4612,14.45
4613,14.45
4614,14.39
4615,8.97
4616,8.58
4617,8.57
4618,8.57
4619,10.62
4620,11.24
4621,11.24
4622,11.24
4623,22.37
4624,31.95
4625,31.95
4626,40.91
4627,47.76
4628,234.01
4629,163.49
4630,144.42
4631,61.52
4632,5.16
4633,4.22
4634,4.22
4635,4.22
4636,9.87
4637,20.87
4638,27.99
4639,22.27
4640,18.25
4641,18.25
4642,9.4
4643,7.32
4644,7.32
4645,5.37
4646,6.95
4647,5.48
4648,0.65
4649,2.72
4650,4.6
4651,4.98
4652,1.18
4653,0.25
4654,7.58
4655,8.23
4656,8.23
4657,8.23
4658,8.23
4659,8.23
4660,12.16
4661,16.27
4662,16.27
4663,21.11
4664,23.86
4665,20.01
4666,14.45
4667,14.45
4668,14.45
4669,14.45
4670,14.45
4671,13.49
4672,11.48
4673,10.92
4674,11.53
4675,8.66
4676,11.24
4677,11.24
4678,17.37
4679,29.14
4680,98.16
4681,314.34
4682,299.69
4683,643.9
4684,1049.32
4685,884.98
4686,369.24
4687,91.47
4688,84.89
4689,38.16
4690,4.22
4691,4.22
4692,9.26
4693,10.97
4694,11.76
4695,17.07
4696,18.25
4697,18.25
4698,17.94
4699,7.32
4700,7.32
4701,3.14
4702,0.52
4703,0.02
4704,1.09
4705,1.05
4706,0.35
4707,8.49
4708,8.23
4709,8.23
4710,8.23
4711,8.23
4712,8.23
4713,8.23
4714,15.73
4715,16.27
4716,19.04
4717,23.86
4718,23.86
4719,21.12
4720,14.45
4721,14.45
4722,14.45
4723,14.45
4724,14.45
4725,12.26
4726,11.61
4727,11.66
4728,13.4
4729,11.25
4730,11.24
4731,78.44
4732,563.86
4733,200.52
4734,705.06
4735,904.46
4736,551.55
4737,1174.25
4738,1253.76
4739,355.64
4740,80.3
4741,79.64
4742,79.39
4743,49.49
4744,20.61
4745,13.17
4746,10.97
4747,10.97
4748,10.97
4749,20.64
4750,18.25
4751,18.25
4752,13.11
4753,7.32
4754,5.6
4755,2.71
4756,10.04
4757,9.56
4758,8.25
4759,8.23
4760,8.23
4761,8.23
4762,8.23
4763,10.56
4764,54.54
4765,72.11
4766,23.86
4767,23.86
4768,29.98
4769,22.99
4770,13.69
4771,14.28
4772,14.45
4773,14.45
4774,15.74
4775,11.61
4776,11.61
4777,12.55
4778,15.58
4779,12.73
4780,12.33
4781,244.97
4782,698.52
4783,654.19
4784,962.35
4785,720.19
4786,561.61
4787,905.31
4788,392.34
4789,184.89
4790,48.86
4791,44.13
4792,49.13
4793,38.57
4794,23.85
4795,10.97
4796,10.97
4797,10.97
4798,11.0
4799,17.86
4800,18.25
4801,14.63
4802,7.32
4803,6.89
4804,0.03
4805,3.09
4806,10.21
4807,10.21
4808,10.19
4809,8.88
4810,8.23
4811,8.23
4812,8.23
4813,8.23
4814,31.23
4815,112.29
4816,30.38
4817,23.86
4818,32.87
4819,39.35
4820,16.33
4821,12.22
4822,12.48
4823,12.83
4824,13.32
4825,11.92
4826,11.61
4827,11.61
4828,13.06
4829,15.29
4830,28.54
4831,37.06
4832,141.03
4833,60.96
4834,441.77
4835,251.65
4836,106.42
4837,742.28
4838,631.02
4839,437.68
4840,190.31
4841,98.09
4842,37.55
4843,32.21
4844,23.18
4845,10.97
4846,10.97
4847,10.97
4848,10.97
4849,11.69
4850,18.25
4851,17.72
4852,7.32
4853,7.26
4854,0.44
4855,1.68
4856,10.21
4857,10.21
4858,10.21
4859,10.21
4860,9.73
4861,8.34
4862,8.23
4863,8.23
4864,9.28
4865,80.48
4866,49.87
4867,23.9
4868,35.88
4869,39.35
4870,39.35
4871,18.88
4872,12.22
4873,12.22
4874,12.22
4875,12.0
4876,11.61
4877,11.61
4878,11.61
4879,12.95
4880,17.36
4881,34.04
4882,37.05
4883,50.86
4884,52.13
4885,59.9
4886,99.49
4887,240.16
4888,573.68
4889,535.45
4890,284.68
4891,151.78
4892,12.46
4893,8.06
4894,7.74
4895,10.83
4896,10.97
4897,10.97
4898,10.97
4899,10.97
4900,12.95
4901,18.25
4902,9.7
4903,7.32
4904,1.71
4905,0.28
4906,10.1
4907,10.21
4908,10.21
4909,10.21
4910,10.21
4911,10.21
4912,9.06
4913,8.23
4914,8.23
4915,17.21
4916,73.26
4917,25.32
4918,38.38
4919,39.35
4920,40.26
4921,41.46
4922,12.98
4923,12.22
4924,12.22
4925,12.22
4926,11.65
4927,11.61
4928,11.61
4929,11.78
4930,15.58
4931,15.62
4932,35.0
4933,38.84
4934,52.13
4935,36.6
4936,11.86
4937,84.32
4938,92.82
4939,127.39
4940,13.12
4941,7.73
4942,7.73
4943,7.73
4944,7.73
4945,9.97
4946,10.98
4947,10.97
4948,10.97
4949,10.97
4950,10.97
4951,14.35
4952,17.88
4953,7.7
4954,7.32
4955,4.0
4956,6.82
4957,10.21
4958,10.21
4959,10.21
4960,10.21
4961,10.21
4962,10.21
4963,9.87
4964,8.46
4965,8.27
4966,32.35
4967,27.77
4968,39.35
4969,40.39
4970,41.93
4971,42.16
4972,39.65
4973,12.56
4974,12.22
4975,12.22
4976,11.99
4977,11.61
4978,11.61
4979,11.61
4980,14.06
4981,15.58
4982,17.67
4983,37.05
4984,42.81
4985,49.89
4986,7.64
4987,7.62
4988,7.7
4989,7.73
4990,7.73
4991,7.73
4992,7.73
4993,7.73
4994,7.73
4995,8.87
4996,10.98
4997,10.98
4998,10.97
4999,10.97
5000,10.97
5001,10.97
5002,15.81
5003,17.56
5004,7.5
5005,7.32
5006,3.47
5007,1.36
5008,10.21
5009,10.21
5010,10.21
5011,10.21
5012,10.21
5013,10.21
5014,10.21
5015,10.21
5016,9.21
5017,11.49
5018,30.83
5019,39.35
5020,44.92
5021,42.16
5022,42.16
5023,42.16
5024,38.18
5025,12.22
5026,12.22
5027,12.22
5028,11.65
5029,11.61
5030,11.61
5031,11.77
5032,15.58
5033,15.58
5034,21.15
5035,29.14
5036,24.11
5037,11.89
5038,7.62
5039,7.62
5040,7.73
5041,7.73
5042,7.73
5043,7.73
5044,7.73
5045,7.73
5046,7.91
5047,10.98
5048,10.98
5049,10.98
5050,10.97
5051,10.97
5052,10.97
5053,10.97
5054,17.19
5055,17.23
5056,5.6
5057,1.79
5058,5.96
5059,10.21
5060,10.21
5061,10.2
5062,10.18
5063,10.16
5064,10.13
5065,10.08
5066,10.04
5067,9.76
5068,21.09
5069,25.73
5070,23.65
5071,27.61
5072,20.62
5073,18.17
5074,15.89
5075,10.52
5076,11.78
5077,12.22
5078,11.97
5079,11.61
5080,11.61
5081,11.61
5082,13.83
5083,15.24
5084,9.36
5085,7.82
5086,7.62
5087,7.62
5088,7.62
5089,7.62
5090,7.69
5091,7.73
5092,7.73
5093,7.73
5094,7.73
5095,7.77
5096,8.38
5097,12.65
5098,10.98
5099,10.98
5100,10.98
5101,10.97
5102,10.97
5103,10.96
5104,10.71
5105,14.39
5106,15.46
5107,0.14
5108,2.8
5109,1.0
5110,0.0
5111,9.5
5112,9.63
5113,9.58
5114,9.55
5115,9.52
5116,9.5
5117,9.5
5118,40.79
5119,147.96
5120,19.25
5121,9.18
5122,8.02
5123,8.02
5124,8.02
5125,8.02
5126,8.02
5127,8.02
5128,8.02
5129,11.7
5130,12.19
5131,11.61
5132,11.61
5133,11.61
5134,11.73
5135,12.62
5136,8.61
5137,7.2
5138,7.16
5139,8.03
5140,7.65
5141,7.62
5142,7.62
5143,7.73
5144,7.8
5145,7.86
5146,9.0
5147,9.86
5148,10.49
5149,10.73
5150,10.98
5151,10.98
5152,10.98
5153,10.98
5154,10.97
5155,10.63
5156,10.28
5157,10.28
5158,10.28
5159,10.16
5160,10.25
5161,10.25
5162,1.54
5163,2.61
5164,9.5
5165,9.5
5166,9.5
5167,9.5
5168,9.5
5169,9.5
5170,116.56
5171,200.23
5172,29.5
5173,11.63
5174,9.82
5175,8.54
5176,8.02
5177,8.02
5178,8.02
5179,8.02
5180,8.02
5181,8.02
5182,9.82
5183,11.05
5184,11.17
5185,10.61
5186,9.03
5187,7.15
5188,7.07
5189,7.07
5190,7.07
5191,9.31
5192,13.93
5193,10.1
5194,7.62
5195,7.96
5196,10.26
5197,10.39
5198,10.67
5199,10.54
5200,10.54
5201,10.55
5202,10.98
5203,10.98
5204,10.98
5205,10.98
5206,10.98
5207,10.59
5208,10.28
5209,10.28
5210,10.28
5211,10.28
5212,10.28
5213,10.28
5214,10.28
5215,2.03
5216,7.3
5217,9.5
5218,9.5
5219,9.5
5220,9.5
5221,9.5
5222,9.5
5223,57.44
5224,26.13
5225,15.7
5226,9.88
5227,9.88
5228,9.32
5229,8.19
5230,8.02
5231,8.02
5232,8.02
5233,8.02
5234,7.82
5235,7.08
5236,7.1
5237,7.1
5238,7.07
5239,7.07
5240,7.07
5241,7.07
5242,7.07
5243,10.45
5244,13.0
5245,13.99
5246,12.33
5247,9.92
5248,9.84
5249,10.54
5250,10.54
5251,10.54
5252,10.54
5253,10.54
5254,10.88
5255,10.92
5256,10.98
5257,10.98
5258,10.98
5259,10.98
5260,10.61
5261,10.28
5262,10.28
5263,10.28
5264,10.28
5265,10.28
5266,10.28
5267,10.28
5268,2.49
5269,2.36
5270,9.5
5271,9.5
5272,9.5
5273,9.5
5274,9.5
5275,9.5
5276,18.58
5277,26.73
5278,17.55
5279,12.79
5280,9.88
5281,9.88
5282,9.87
5283,8.66
5284,8.02
5285,8.02
5286,8.02
5287,7.64
5288,7.07
5289,7.07
5290,7.07
5291,7.07
5292,7.07
5293,7.07
5294,7.07
5295,7.09
5296,11.64
5297,12.99
5298,12.99
5299,13.85
5300,14.21
5301,14.21
5302,17.84
5303,11.33
5304,10.54
5305,10.54
5306,10.54
5307,10.36
5308,9.14
5309,10.46
5310,10.98
5311,10.98
5312,10.98
5313,10.24
5314,9.63
5315,10.28
5316,10.28
5317,10.28
5318,10.28
5319,10.28
5320,10.11
5321,6.23
5322,0.07
5323,7.88
5324,9.5
5325,9.5
5326,9.5
5327,9.5
5328,9.5
5329,22.03
5330,26.73
5331,20.19
5332,16.15
5333,10.11
5334,9.88
5335,9.88
5336,9.88
5337,9.43
5338,8.13
5339,8.02
5340,7.44
5341,7.07
5342,7.07
5343,7.07
5344,7.07
5345,7.07
5346,7.07
5347,7.07
5348,7.64
5349,12.64
5350,12.99
5351,12.99
5352,12.99
5353,13.69
5354,18.63
5355,45.73
5356,117.95
5357,44.9
5358,10.54
5359,10.54
5360,9.93
5361,8.59
5362,8.59
5363,10.38
5364,10.75
5365,9.98
5366,8.78
5367,8.59
5368,9.41
5369,10.28
5370,10.28
5371,10.28
5372,10.28
5373,6.63
5374,0.03
5375,1.14
5376,9.5
5377,9.5
5378,9.5
5379,9.5
5380,10.47
5381,25.04
5382,26.73
5383,23.02
5384,16.15
5385,14.06
5386,9.88
5387,9.88
5388,9.88
5389,9.88
5390,9.88
5391,8.76
5392,7.24
5393,7.07
5394,7.07
5395,7.07
5396,7.07
5397,7.07
5398,7.07
5399,7.07
5400,10.32
5401,16.21
5402,12.99
5403,12.99
5404,12.99
5405,12.99
5406,20.63
5407,45.92
5408,117.86
5409,94.63
5410,53.08
5411,14.05
5412,10.47
5413,8.59
5414,8.59
5415,8.59
5416,8.9
5417,8.62
5418,8.59
5419,8.59
5420,8.59
5421,9.37
5422,10.28
5423,10.28
5424,10.28
5425,10.28
5426,9.88
5427,4.48
5428,2.86
5429,9.5
5430,9.5
5431,9.5
5432,13.12
5433,26.65
5434,26.73
5435,25.53
5436,16.15
5437,16.15
5438,10.99
5439,9.88
5440,9.88
5441,9.88
5442,9.88
5443,8.4
5444,1.58
5445,6.3
5446,7.07
5447,7.07
5448,7.07
5449,7.07
5450,7.07
5451,7.07
5452,12.85
5453,19.25
5454,18.84
5455,14.72
5456,12.99
5457,12.99
5458,12.99
5459,19.07
5460,38.35
5461,80.23
5462,85.81
5463,85.81
5464,38.04
5465,9.12
5466,8.59
5467,8.59
5468,8.59
5469,8.59
5470,8.59
5471,8.59
5472,8.59
5473,8.59
5474,9.32
5475,10.28
5476,10.28
5477,10.28
5478,8.52
5479,3.08
5480,6.39
5481,4.35
5482,2.81
5483,7.84
5484,24.29
5485,26.73
5486,26.73
5487,16.96
5488,16.15
5489,15.14
5490,9.88
5491,9.88
5492,9.88
5493,9.88
5494,6.4
5495,3.56
5496,7.07
5497,7.07
5498,7.07
5499,7.07
5500,7.07
5501,15.28
5502,19.25
5503,19.25
5504,19.25
5505,17.72
5506,13.55
5507,12.99
5508,56.81
5509,148.71
5510,43.18
5511,94.98
5512,125.37
5513,44.93
5514,34.16
5515,13.16
5516,8.59
5517,8.59
5518,8.59
5519,8.59
5520,8.59
5521,8.59
5522,8.59
5523,8.59
5524,9.28
5525,10.28
5526,7.71
5527,2.15
5528,0.15
5529,5.28
5530,13.61
5531,13.08
5532,13.06
5533,15.01
5534,8.89
5535,4.79
5536,3.73
5537,3.07
5538,3.93
5539,0.82
5540,5.87
5541,7.07
5542,7.07
5543,6.82
5544,13.1
5545,19.25
5546,19.25
5547,19.25
5548,19.25
5549,19.25
5550,17.6
5551,118.54
5552,166.62
5553,138.86
5554,47.13
5555,80.1
5556,36.66
5557,37.92
5558,37.92
5559,22.23
5560,8.59
5561,8.59
5562,8.59
5563,8.59
5564,8.59
5565,8.59
5566,8.59
5567,8.59
5568,6.03
5569,1.31
5570,0.06
5571,0.97
5572,2.97
5573,7.07
5574,5.73
5575,0.09
5576,6.24
5577,19.03
5578,19.19
5579,19.25
5580,19.25
5581,23.36
5582,36.21
5583,127.39
5584,139.14
5585,117.57
5586,58.37
5587,54.98
5588,33.11
5589,36.7
5590,29.5
5591,27.27
5592,9.78
5593,8.59
5594,8.59
5595,8.59
5596,8.59
5597,8.58
5598,4.87
5599,0.53
5600,0.41
5601,3.27
5602,0.11
5603,11.31
5604,7.65
5605,24.13
5606,25.02
5607,29.84
5608,63.4
5609,85.75
5610,121.23
5611,97.57
5612,68.85
5613,60.55
5614,36.72
5615,28.35
5616,28.35
5617,27.67
5618,9.25
5619,8.59
5620,8.59
5621,8.16
5622,3.87
5623,0.08
5624,20.72
5625,27.06
5626,35.95
5627,67.1
5628,68.24
5629,70.08
5630,80.36
5631,92.44
5632,71.04
5633,61.25
5634,31.89
5635,28.35
5636,28.35
5637,26.93
5638,8.79
5639,7.58
5640,3.09
5641,3.6
5642,27.06
5643,27.06
5644,17.7
5645,1.66
5646,3.63
5647,5.99
5648,10.43
5649,18.6
5650,16.24
5651,16.94
5652,10.96
5653,12.9
5654,14.85
5655,14.08
5656,2.31
5657,17.38
5658,27.06
5659,7.51
5660,1.12
5661,24.88
5662,2.28
5663,6.99
5664,0.0
