id,lon,lat,pharmacy,school,clinic,supermarket
apteka/1000,19.4313292,51.8188212,1,0,0,0
apteka/1001,19.5903151,51.7932278,1,0,0,0
apteka/1002,19.4518803,51.7684328,1,0,0,0
apteka/1003,19.4552331,51.7650271,1,0,0,0
apteka/1004,19.4822018,51.7504995,1,0,0,0
apteka/1005,19.4218873,51.8159354,1,0,0,0
apteka/1006,19.4588354,51.7560228,1,0,0,0
apteka/1007,19.5386546,51.7582726,1,0,0,0
apteka/1008,19.4454794,51.7963352,1,0,0,0
apteka/1009,19.4557715,51.7824317,1,0,0,0
apteka/1010,19.5245770,51.7605331,1,0,0,0
apteka/1011,19.4406081,51.7231435,1,0,0,0
apteka/1012,19.4979328,51.7321309,1,0,0,0
apteka/1013,19.4947512,51.7360254,1,0,0,0
apteka/1014,19.4972678,51.7317115,1,0,0,0
apteka/1015,19.5006080,51.7321532,1,0,0,0
apteka/1016,19.4790063,51.7905659,1,0,0,0
apteka/1017,19.4826545,51.7074495,1,0,0,0
apteka/1018,19.4416223,51.7969119,1,0,0,0
apteka/1019,19.3862729,51.7455694,1,0,0,0
apteka/1020,19.4523645,51.7856896,1,0,0,0
apteka/1021,19.3780774,51.8042950,1,0,0,0
apteka/1022,19.3986061,51.7446370,1,0,0,0
apteka/1023,19.4826096,51.7903882,1,0,0,0
apteka/1024,19.4640807,51.7892957,1,0,0,0
apteka/1025,19.4743620,51.7808619,1,0,0,0
apteka/1026,19.4191251,51.7541219,1,0,0,0
apteka/1027,19.3724215,51.7987149,1,0,0,0
apteka/1028,19.4898332,51.7791140,1,0,0,0
apteka/1029,19.4945478,51.7302296,1,0,0,0
apteka/1030,19.3944285,51.7470831,1,0,0,0
apteka/1031,19.4754915,51.7988894,1,0,0,0
apteka/1032,19.4818493,51.7177888,1,0,0,0
apteka/1033,19.4163298,51.7867853,1,0,0,0
apteka/1034,19.4717487,51.7444679,1,0,0,0
apteka/1035,19.4955287,51.7475381,1,0,0,0
apteka/1036,19.4526252,51.7849961,1,0,0,0
apteka/1037,19.5522568,51.7592747,1,0,0,0
apteka/1038,19.3793649,51.7387169,1,0,0,0
apteka/1039,19.4696782,51.7282443,1,0,0,0
apteka/1040,19.4795272,51.7185622,1,0,0,0
apteka/1041,19.4642184,51.7714417,1,0,0,0
apteka/1042,19.4960261,51.7463967,1,0,0,0
apteka/1043,19.4293792,51.7114888,1,0,0,0
apteka/1044,19.4910019,51.7389449,1,0,0,0
apteka/1045,19.4940819,51.7645906,1,0,0,0
apteka/1046,19.5010021,51.7379859,1,0,0,0
apteka/1047,19.4883212,51.7373656,1,0,0,0
apteka/1048,19.5336278,51.7570816,1,0,0,0
apteka/1049,19.5361401,51.7563574,1,0,0,0
apteka/1050,19.4840982,51.7920567,1,0,0,0
apteka/1051,19.4758345,51.7152507,1,0,0,0
apteka/1052,19.4176477,51.7873561,1,0,0,0
apteka/1053,19.4646051,51.7595146,1,0,0,0
apteka/1054,19.4035358,51.7936869,1,0,0,0
apteka/1055,19.4721862,51.7426707,1,0,0,0
apteka/1056,19.4248836,51.7375112,1,0,0,0
apteka/1057,19.3921160,51.7975580,1,0,0,0
apteka/1058,19.4353575,51.8243171,1,0,0,0
apteka/1059,19.5321778,51.7558145,1,0,0,0
apteka/1060,19.3816992,51.7941920,1,0,0,0
apteka/1061,19.4310806,51.7864136,1,0,0,0
apteka/1062,19.4701744,51.7783652,1,0,0,0
apteka/1063,19.5352929,51.7583757,1,0,0,0
apteka/1064,19.4563631,51.7289125,1,0,0,0
apteka/1065,19.5217084,51.7564474,1,0,0,0
apteka/1066,19.4941541,51.7366264,1,0,0,0
apteka/1067,19.5229039,51.7968653,1,0,0,0
apteka/1068,19.5536999,51.7130373,1,0,0,0
apteka/1069,19.4857865,51.7201264,1,0,0,0
apteka/1070,19.3863756,51.7433357,1,0,0,0
apteka/1071,19.4716336,51.7335988,1,0,0,0
apteka/1072,19.4239759,51.7500757,1,0,0,0
apteka/1073,19.3854911,51.7431221,1,0,0,0
apteka/1074,19.3761185,51.7972242,1,0,0,0
apteka/1075,19.4043354,51.7942681,1,0,0,0
apteka/1076,19.4093362,51.7510482,1,0,0,0
apteka/1077,19.3957880,51.7483434,1,0,0,0
apteka/1078,19.4283966,51.7805809,1,0,0,0
apteka/1079,19.4530324,51.7649349,1,0,0,0
apteka/1080,19.4440586,51.7604900,1,0,0,0
apteka/1081,19.3946534,51.7968493,1,0,0,0
apteka/1082,19.4855704,51.7473345,1,0,0,0
apteka/1083,19.4617264,51.7314931,1,0,0,0
apteka/1084,19.5487039,51.7562254,1,0,0,0
apteka/1085,19.4234513,51.7486093,1,0,0,0
apteka/1086,19.4135447,51.7924700,1,0,0,0
apteka/1087,19.4405690,51.7701211,1,0,0,0
apteka/1088,19.4997602,51.7334662,1,0,0,0
apteka/1089,19.3798090,51.8042204,1,0,0,0
apteka/822,19.3911832,51.7930786,1,0,0,0
apteka/823,19.4427565,51.7793179,1,0,0,0
apteka/824,19.4171527,51.7044238,1,0,0,0
apteka/825,19.4414840,51.8225088,1,0,0,0
apteka/826,19.5102209,51.7926441,1,0,0,0
apteka/827,19.5348534,51.7571468,1,0,0,0
apteka/828,19.4618751,51.7767309,1,0,0,0
apteka/829,19.5881427,51.7932280,1,0,0,0
apteka/830,19.4320063,51.8208402,1,0,0,0
apteka/831,19.4519460,51.7868078,1,0,0,0
apteka/832,19.4795745,51.7868822,1,0,0,0
apteka/833,19.3863625,51.7788707,1,0,0,0
apteka/834,19.4832014,51.7493385,1,0,0,0
apteka/835,19.4864074,51.7198324,1,0,0,0
apteka/836,19.4453970,51.7873793,1,0,0,0
apteka/837,19.3833650,51.7978439,1,0,0,0
apteka/838,19.5050491,51.7748872,1,0,0,0
apteka/839,19.4556836,51.7915046,1,0,0,0
apteka/840,19.4690167,51.7987096,1,0,0,0
apteka/841,19.4745717,51.7804589,1,0,0,0
apteka/842,19.4194484,51.7528767,1,0,0,0
apteka/843,19.4844149,51.7514445,1,0,0,0
apteka/844,19.4140298,51.7925296,1,0,0,0
apteka/845,19.4041119,51.7941828,1,0,0,0
apteka/846,19.4682644,51.7305898,1,0,0,0
apteka/847,19.4620847,51.7602156,1,0,0,0
apteka/848,19.4911680,51.7791807,1,0,0,0
apteka/849,19.3986424,51.7479890,1,0,0,0
apteka/850,19.4395257,51.7962128,1,0,0,0
apteka/851,19.4421559,51.8199906,1,0,0,0
apteka/852,19.4518208,51.7937542,1,0,0,0
apteka/853,19.4772472,51.7906000,1,0,0,0
apteka/854,19.4556810,51.7524990,1,0,0,0
apteka/855,19.4597122,51.7528388,1,0,0,0
apteka/856,19.4560543,51.7713999,1,0,0,0
apteka/857,19.5686586,51.7410426,1,0,0,0
apteka/858,19.4461738,51.8186976,1,0,0,0
apteka/859,19.4392073,51.7999702,1,0,0,0
apteka/860,19.4802190,51.7051803,1,0,0,0
apteka/861,19.4886626,51.7439247,1,0,0,0
apteka/862,19.4541918,51.7762721,1,0,0,0
apteka/863,19.4860482,51.7174255,1,0,0,0
apteka/864,19.4720211,51.7171927,1,0,0,0
apteka/865,19.4481809,51.7763418,1,0,0,0
apteka/866,19.4561793,51.7769923,1,0,0,0
apteka/867,19.4275491,51.7109911,1,0,0,0
apteka/868,19.5712232,51.7491557,1,0,0,0
apteka/869,19.4731830,51.7332174,1,0,0,0
apteka/870,19.4403573,51.8239247,1,0,0,0
apteka/871,19.4818436,51.7730819,1,0,0,0
apteka/872,19.4831034,51.7732206,1,0,0,0
apteka/873,19.5368181,51.7572646,1,0,0,0
apteka/874,19.4749461,51.7316782,1,0,0,0
apteka/875,19.4270931,51.7746287,1,0,0,0
apteka/876,19.4475980,51.7696778,1,0,0,0
apteka/877,19.3841441,51.7472988,1,0,0,0
apteka/878,19.4234450,51.7741721,1,0,0,0
apteka/879,19.4258121,51.7764476,1,0,0,0
apteka/880,19.4256377,51.7764834,1,0,0,0
apteka/881,19.3746055,51.7948972,1,0,0,0
apteka/882,19.4481772,51.7844729,1,0,0,0
apteka/883,19.5267669,51.7601339,1,0,0,0
apteka/884,19.4473872,51.7328617,1,0,0,0
apteka/885,19.4224390,51.7495705,1,0,0,0
apteka/886,19.4252589,51.7516047,1,0,0,0
apteka/887,19.4492766,51.7278189,1,0,0,0
apteka/888,19.4580795,51.7396494,1,0,0,0
apteka/889,19.4444539,51.7367249,1,0,0,0
apteka/890,19.4489205,51.7324923,1,0,0,0
apteka/891,19.4092564,51.7754987,1,0,0,0
apteka/892,19.4801829,51.7643144,1,0,0,0
apteka/893,19.5076969,51.7637814,1,0,0,0
apteka/894,19.5303090,51.7765330,1,0,0,0
apteka/895,19.4350060,51.7882923,1,0,0,0
apteka/896,19.4548708,51.7277237,1,0,0,0
apteka/897,19.4581862,51.7292000,1,0,0,0
apteka/898,19.4216816,51.8009838,1,0,0,0
apteka/899,19.4644689,51.7883912,1,0,0,0
apteka/900,19.4305602,51.7874562,1,0,0,0
apteka/901,19.4042858,51.7405148,1,0,0,0
apteka/902,19.4581615,51.7825011,1,0,0,0
apteka/903,19.4134583,51.7493514,1,0,0,0
apteka/904,19.4744385,51.7322454,1,0,0,0
apteka/905,19.4118395,51.7461466,1,0,0,0
apteka/906,19.4128269,51.7471061,1,0,0,0
apteka/907,19.5266777,51.7817595,1,0,0,0
apteka/908,19.5678617,51.7409585,1,0,0,0
apteka/909,19.4572081,51.7708031,1,0,0,0
apteka/910,19.5009520,51.7453770,1,0,0,0
apteka/911,19.4957108,51.7383566,1,0,0,0
apteka/912,19.4954321,51.7374389,1,0,0,0
apteka/913,19.4628242,51.7430478,1,0,0,0
apteka/914,19.4940908,51.7475348,1,0,0,0
apteka/915,19.4188249,51.8186146,1,0,0,0
apteka/916,19.4724916,51.7772843,1,0,0,0
apteka/917,19.4743234,51.7313762,1,0,0,0
apteka/918,19.4546920,51.7881521,1,0,0,0
apteka/919,19.4576973,51.7748787,1,0,0,0
apteka/920,19.5734719,51.7532389,1,0,0,0
apteka/921,19.4310355,51.8222120,1,0,0,0
apteka/922,19.4430013,51.8199929,1,0,0,0
apteka/923,19.4998488,51.7352449,1,0,0,0
apteka/924,19.4730629,51.7303721,1,0,0,0
apteka/925,19.4763294,51.7381314,1,0,0,0
apteka/926,19.4276937,51.7765868,1,0,0,0
apteka/927,19.5365390,51.7574338,1,0,0,0
apteka/928,19.3921356,51.7405029,1,0,0,0
apteka/929,19.3909021,51.7446240,1,0,0,0
apteka/930,19.4542824,51.7906046,1,0,0,0
apteka/931,19.5438418,51.7569907,1,0,0,0
apteka/932,19.4846784,51.7812020,1,0,0,0
apteka/933,19.4657101,51.7859394,1,0,0,0
apteka/934,19.3762306,51.7960309,1,0,0,0
apteka/935,19.3763191,51.7962300,1,0,0,0
apteka/936,19.4475957,51.7599610,1,0,0,0
apteka/937,19.4574251,51.7653532,1,0,0,0
apteka/938,19.3924051,51.7846651,1,0,0,0
apteka/939,19.4406687,51.7717062,1,0,0,0
apteka/940,19.4528982,51.7744353,1,0,0,0
apteka/941,19.4457866,51.7695602,1,0,0,0
apteka/942,19.4458818,51.7691182,1,0,0,0
apteka/943,19.3939137,51.7385904,1,0,0,0
apteka/944,19.4796796,51.7348615,1,0,0,0
apteka/945,19.4384184,51.7985219,1,0,0,0
apteka/946,19.4799107,51.7361424,1,0,0,0
apteka/947,19.4301354,51.7227703,1,0,0,0
apteka/948,19.4287667,51.7874556,1,0,0,0
apteka/949,19.4011490,51.7481222,1,0,0,0
apteka/950,19.4960748,51.7195915,1,0,0,0
apteka/951,19.3994354,51.7522393,1,0,0,0
apteka/952,19.4500628,51.7831257,1,0,0,0
apteka/953,19.3945813,51.7952962,1,0,0,0
apteka/954,19.3991639,51.7454648,1,0,0,0
apteka/955,19.4743717,51.7427459,1,0,0,0
apteka/956,19.4490841,51.7335511,1,0,0,0
apteka/957,19.4563421,51.7684079,1,0,0,0
apteka/958,19.4745951,51.7785955,1,0,0,0
apteka/959,19.3977288,51.7440601,1,0,0,0
apteka/960,19.4001179,51.7448095,1,0,0,0
apteka/961,19.4394440,51.7507732,1,0,0,0
apteka/962,19.3845521,51.7372647,1,0,0,0
apteka/963,19.3998608,51.7443860,1,0,0,0
apteka/964,19.4722781,51.7346059,1,0,0,0
apteka/965,19.4413927,51.7638546,1,0,0,0
apteka/966,19.4553179,51.7724119,1,0,0,0
apteka/967,19.4626420,51.7415842,1,0,0,0
apteka/968,19.4700352,51.7361699,1,0,0,0
apteka/969,19.4438250,51.7879289,1,0,0,0
apteka/970,19.4544677,51.7785603,1,0,0,0
apteka/971,19.4600742,51.7599718,1,0,0,0
apteka/972,19.3906460,51.7445511,1,0,0,0
apteka/973,19.4642779,51.7542812,1,0,0,0
apteka/974,19.4554433,51.7725836,1,0,0,0
apteka/975,19.4570388,51.7587016,1,0,0,0
apteka/976,19.5244848,51.7914391,1,0,0,0
apteka/977,19.4695894,51.7527082,1,0,0,0
apteka/978,19.6124754,51.7404683,1,0,0,0
apteka/979,19.4927687,51.7329065,1,0,0,0
apteka/980,19.4775084,51.7768944,1,0,0,0
apteka/981,19.4182899,51.7520328,1,0,0,0
apteka/982,19.4551784,51.7988324,1,0,0,0
apteka/983,19.4540469,51.7655846,1,0,0,0
apteka/984,19.4920625,51.7109866,1,0,0,0
apteka/985,19.5695110,51.7392707,1,0,0,0
apteka/986,19.4870636,51.7328357,1,0,0,0
apteka/987,19.4305617,51.7903570,1,0,0,0
apteka/988,19.4392296,51.7884213,1,0,0,0
apteka/989,19.4125939,51.7479600,1,0,0,0
apteka/990,19.4602473,51.7868692,1,0,0,0
apteka/991,19.4707261,51.7717845,1,0,0,0
apteka/992,19.4847488,51.7558779,1,0,0,0
apteka/993,19.3855020,51.7938646,1,0,0,0
apteka/994,19.4589850,51.7561933,1,0,0,0
apteka/995,19.4342192,51.8174279,1,0,0,0
apteka/996,19.4412830,51.6979963,1,0,0,0
apteka/997,19.4766984,51.7212071,1,0,0,0
apteka/998,19.3879422,51.7779821,1,0,0,0
apteka/999,19.4478119,51.7620029,1,0,0,0
przychodnia/574,19.4119795,51.7459874,0,0,1,0
przychodnia/575,19.4407054,51.8239575,0,0,1,0
przychodnia/576,19.3763306,51.7958955,0,0,1,0
przychodnia/577,19.3946748,51.7951575,0,0,1,0
przychodnia/578,19.4126507,51.7923591,0,0,1,0
przychodnia/579,19.4464776,51.7967129,0,0,1,0
przychodnia/580,19.5088246,51.7628579,0,0,1,0
przychodnia/581,19.5754623,51.7938619,0,0,1,0
przychodnia/582,19.4685492,51.7296583,0,0,1,0
przychodnia/583,19.3877870,51.7974446,0,0,1,0
przychodnia/584,19.4491021,51.7337572,0,0,1,0
przychodnia/585,19.4254831,51.7872684,0,0,1,0
przychodnia/586,19.4983072,51.7618429,0,0,1,0
przychodnia/587,19.4635190,51.7560606,0,0,1,0
przychodnia/588,19.4643679,51.7469265,0,0,1,0
przychodnia/589,19.3863317,51.7455574,0,0,1,0
przychodnia/590,19.3864111,51.7433734,0,0,1,0
przychodnia/591,19.4701940,51.7361512,0,0,1,0
przychodnia/592,19.4704194,51.7789003,0,0,1,0
przychodnia/593,19.4590899,51.7410028,0,0,1,0
przychodnia/594,19.4529807,51.7747128,0,0,1,0
przychodnia/595,19.4717639,51.7172857,0,0,1,0
przychodnia/596,19.4730692,51.7173518,0,0,1,0
przychodnia/597,19.5052426,51.7648168,0,0,1,0
przychodnia/598,19.4799101,51.7904870,0,0,1,0
przychodnia/599,19.4858507,51.7201616,0,0,1,0
przychodnia/600,19.4471447,51.7703081,0,0,1,0
przychodnia/601,19.4561420,51.7829983,0,0,1,0
przychodnia/602,19.4647133,51.7894434,0,0,1,0
przychodnia/603,19.4339629,51.8234524,0,0,1,0
przychodnia/604,19.4791836,51.7825602,0,0,1,0
przychodnia/605,19.4470487,51.7701221,0,0,1,0
przychodnia/606,19.4445665,51.7603461,0,0,1,0
przychodnia/607,19.4342288,51.7617147,0,0,1,0
przychodnia/608,19.4263173,51.7775153,0,0,1,0
przychodnia/609,19.4437576,51.7880978,0,0,1,0
przychodnia/610,19.5318536,51.7766244,0,0,1,0
przychodnia/611,19.5843761,51.7914838,0,0,1,0
przychodnia/612,19.4552287,51.7471207,0,0,1,0
przychodnia/613,19.4758815,51.8496436,0,0,1,0
przychodnia/614,19.5736999,51.7531746,0,0,1,0
przychodnia/615,19.4740003,51.7485588,0,0,1,0
przychodnia/616,19.4798469,51.7324569,0,0,1,0
przychodnia/617,19.4762736,51.7971850,0,0,1,0
przychodnia/618,19.4241584,51.7068945,0,0,1,0
przychodnia/619,19.4287425,51.8259349,0,0,1,0
przychodnia/620,19.4942818,51.7437573,0,0,1,0
przychodnia/621,19.5089274,51.7555781,0,0,1,0
przychodnia/622,19.3989055,51.7937952,0,0,1,0
przychodnia/623,19.3523749,51.8071925,0,0,1,0
przychodnia/624,19.4618601,51.7761183,0,0,1,0
przychodnia/625,19.4713799,51.7777223,0,0,1,0
przychodnia/626,19.4830527,51.7641562,0,0,1,0
przychodnia/627,19.4730312,51.7351241,0,0,1,0
przychodnia/628,19.4416853,51.7594258,0,0,1,0
przychodnia/629,19.4397828,51.7954725,0,0,1,0
przychodnia/630,19.4014023,51.7465927,0,0,1,0
przychodnia/631,19.4493041,51.7651515,0,0,1,0
przychodnia/632,19.4591025,51.7311525,0,0,1,0
przychodnia/633,19.5686830,51.7410911,0,0,1,0
przychodnia/634,19.4418961,51.8204845,0,0,1,0
przychodnia/635,19.5354526,51.7554712,0,0,1,0
przychodnia/636,19.4019620,51.7455367,0,0,1,0
przychodnia/637,19.4592320,51.7528076,0,0,1,0
przychodnia/638,19.4765490,51.7028860,0,0,1,0
przychodnia/639,19.4463599,51.8187813,0,0,1,0
przychodnia/640,19.4385801,51.8179002,0,0,1,0
przychodnia/641,19.3925175,51.7402829,0,0,1,0
przychodnia/642,19.4972902,51.7385248,0,0,1,0
przychodnia/643,19.4014702,51.7453996,0,0,1,0
przychodnia/644,19.5331718,51.7570542,0,0,1,0
przychodnia/645,19.4482169,51.7845217,0,0,1,0
przychodnia/646,19.4729290,51.7305150,0,0,1,0
przychodnia/647,19.4760563,51.7380642,0,0,1,0
przychodnia/648,19.4356750,51.7573324,0,0,1,0
przychodnia/649,19.4569912,51.7285859,0,0,1,0
przychodnia/650,19.4350105,51.7885551,0,0,1,0
przychodnia/651,19.4561725,51.7292827,0,0,1,0
przychodnia/652,19.4225550,51.7495322,0,0,1,0
przychodnia/653,19.4807090,51.7646875,0,0,1,0
przychodnia/654,19.3946269,51.7962118,0,0,1,0
przychodnia/655,19.4570268,51.7575981,0,0,1,0
przychodnia/656,19.4329594,51.7363803,0,0,1,0
przychodnia/657,19.3635298,51.7953339,0,0,1,0
przychodnia/658,19.3920409,51.7407247,0,0,1,0
przychodnia/659,19.4864013,51.7177771,0,0,1,0
przychodnia/660,19.3992299,51.7521869,0,0,1,0
przychodnia/661,19.3995887,51.7522758,0,0,1,0
przychodnia/662,19.3943711,51.7424811,0,0,1,0
przychodnia/663,19.4402969,51.7715725,0,0,1,0
przychodnia/664,19.4434848,51.7737928,0,0,1,0
przychodnia/665,19.4456794,51.7739897,0,0,1,0
przychodnia/666,19.4504252,51.7742133,0,0,1,0
przychodnia/667,19.5367351,51.7568634,0,0,1,0
przychodnia/668,19.4129235,51.7470093,0,0,1,0
przychodnia/669,19.4064486,51.7460574,0,0,1,0
przychodnia/670,19.4066432,51.7460069,0,0,1,0
przychodnia/671,19.4148938,51.7477531,0,0,1,0
przychodnia/672,19.4601757,51.7506082,0,0,1,0
przychodnia/673,19.4846832,51.7811266,0,0,1,0
przychodnia/674,19.4427631,51.7408795,0,0,1,0
przychodnia/675,19.4108952,51.7428401,0,0,1,0
przychodnia/676,19.4743330,51.7785688,0,0,1,0
przychodnia/677,19.4767949,51.7788567,0,0,1,0
przychodnia/678,19.4756613,51.7806546,0,0,1,0
przychodnia/679,19.4021191,51.7467045,0,0,1,0
przychodnia/680,19.4036193,51.7452576,0,0,1,0
przychodnia/681,19.4518229,51.7392491,0,0,1,0
przychodnia/682,19.4134209,51.7491816,0,0,1,0
przychodnia/683,19.4241142,51.7502848,0,0,1,0
przychodnia/684,19.5676648,51.7434359,0,0,1,0
przychodnia/685,19.4551742,51.7817550,0,0,1,0
przychodnia/686,19.4848129,51.7807663,0,0,1,0
przychodnia/687,19.4741801,51.7306029,0,0,1,0
przychodnia/688,19.4477043,51.7307306,0,0,1,0
przychodnia/689,19.4499277,51.7376323,0,0,1,0
przychodnia/690,19.5675405,51.7392184,0,0,1,0
przychodnia/691,19.4790086,51.7866181,0,0,1,0
przychodnia/692,19.4454128,51.7629687,0,0,1,0
przychodnia/693,19.5438124,51.7569459,0,0,1,0
przychodnia/694,19.4537912,51.7743577,0,0,1,0
przychodnia/695,19.4575417,51.7653469,0,0,1,0
przychodnia/696,19.5026895,51.7334506,0,0,1,0
przychodnia/697,19.5228671,51.7919610,0,0,1,0
przychodnia/698,19.4356389,51.7890850,0,0,1,0
przychodnia/699,19.4450061,51.7377255,0,0,1,0
przychodnia/700,19.4459303,51.7806433,0,0,1,0
przychodnia/701,19.4506795,51.7851220,0,0,1,0
przychodnia/702,19.4818953,51.7165827,0,0,1,0
przychodnia/703,19.4546103,51.7894140,0,0,1,0
przychodnia/704,19.4623037,51.7630973,0,0,1,0
przychodnia/705,19.4659770,51.7776607,0,0,1,0
przychodnia/706,19.5218524,51.7557007,0,0,1,0
przychodnia/707,19.4492311,51.7277730,0,0,1,0
przychodnia/708,19.4613955,51.7585813,0,0,1,0
przychodnia/709,19.4558814,51.7916090,0,0,1,0
przychodnia/710,19.4706079,51.7612093,0,0,1,0
przychodnia/711,19.5010274,51.7452321,0,0,1,0
przychodnia/712,19.3923826,51.7846073,0,0,1,0
przychodnia/713,19.4522261,51.7371249,0,0,1,0
przychodnia/714,19.4459606,51.7366756,0,0,1,0
przychodnia/715,19.4705731,51.7783622,0,0,1,0
przychodnia/716,19.4724692,51.7785828,0,0,1,0
przychodnia/717,19.4691894,51.7766272,0,0,1,0
przychodnia/718,19.4685634,51.7778678,0,0,1,0
przychodnia/719,19.4623550,51.7610688,0,0,1,0
przychodnia/720,19.4832455,51.7722254,0,0,1,0
przychodnia/721,19.4710647,51.7739426,0,0,1,0
przychodnia/722,19.4560558,51.7655409,0,0,1,0
przychodnia/723,19.4598160,51.7590331,0,0,1,0
przychodnia/724,19.4581669,51.7294699,0,0,1,0
przychodnia/725,19.4521335,51.7458600,0,0,1,0
przychodnia/726,19.3975086,51.7683951,0,0,1,0
przychodnia/727,19.4847031,51.7172165,0,0,1,0
przychodnia/728,19.4716723,51.7742375,0,0,1,0
przychodnia/729,19.4829337,51.7517033,0,0,1,0
przychodnia/730,19.4864252,51.7608722,0,0,1,0
przychodnia/731,19.4472682,51.7678603,0,0,1,0
przychodnia/732,19.4560561,51.8495470,0,0,1,0
przychodnia/733,19.4821384,51.7902427,0,0,1,0
przychodnia/734,19.4486197,51.7876955,0,0,1,0
przychodnia/735,19.4288953,51.8190127,0,0,1,0
przychodnia/736,19.4254192,51.7906507,0,0,1,0
przychodnia/737,19.4464892,51.7681078,0,0,1,0
przychodnia/738,19.4848410,51.7806393,0,0,1,0
przychodnia/739,19.4092232,51.7501220,0,0,1,0
przychodnia/740,19.3910385,51.7446651,0,0,1,0
przychodnia/741,19.5385686,51.7104802,0,0,1,0
przychodnia/742,19.4165899,51.7732055,0,0,1,0
przychodnia/743,19.4601713,51.7728025,0,0,1,0
przychodnia/744,19.4769308,51.7022841,0,0,1,0
przychodnia/745,19.4621367,51.7816091,0,0,1,0
przychodnia/746,19.5051273,51.7751548,0,0,1,0
przychodnia/747,19.5763413,51.7394643,0,0,1,0
przychodnia/748,19.4485401,51.7955178,0,0,1,0
przychodnia/749,19.4999066,51.7624097,0,0,1,0
przychodnia/750,19.3767729,51.7951132,0,0,1,0
przychodnia/751,19.4634478,51.7328919,0,0,1,0
przychodnia/752,19.4038679,51.7938690,0,0,1,0
przychodnia/753,19.4454603,51.7819536,0,0,1,0
przychodnia/754,19.4787870,51.7737531,0,0,1,0
przychodnia/755,19.4527028,51.7782714,0,0,1,0
przychodnia/756,19.4241527,51.8041651,0,0,1,0
przychodnia/757,19.4536724,51.7520726,0,0,1,0
przychodnia/758,19.4645720,51.7884932,0,0,1,0
przychodnia/759,19.4776504,51.7906364,0,0,1,0
przychodnia/760,19.4743221,51.7217351,0,0,1,0
przychodnia/761,19.4742300,51.7989453,0,0,1,0
przychodnia/762,19.4697692,51.7527674,0,0,1,0
przychodnia/763,19.4646233,51.7884000,0,0,1,0
przychodnia/764,19.4561143,51.7595874,0,0,1,0
przychodnia/765,19.4551365,51.7991838,0,0,1,0
przychodnia/766,19.5335155,51.7568564,0,0,1,0
przychodnia/767,19.5077136,51.7630440,0,0,1,0
przychodnia/768,19.4774757,51.7979490,0,0,1,0
przychodnia/769,19.4625133,51.7741766,0,0,1,0
przychodnia/770,19.5331704,51.7569632,0,0,1,0
przychodnia/771,19.4827538,51.7792970,0,0,1,0
przychodnia/772,19.4535541,51.7812571,0,0,1,0
przychodnia/773,19.4665044,51.7610640,0,0,1,0
przychodnia/774,19.4564274,51.7289848,0,0,1,0
przychodnia/775,19.4778691,51.7890798,0,0,1,0
przychodnia/776,19.4902379,51.7511707,0,0,1,0
przychodnia/777,19.4901745,51.7514183,0,0,1,0
przychodnia/778,19.3847876,51.7726068,0,0,1,0
przychodnia/779,19.4551178,51.7348690,0,0,1,0
przychodnia/780,19.3855690,51.7783152,0,0,1,0
przychodnia/781,19.4789930,51.7906462,0,0,1,0
przychodnia/782,19.4839961,51.7358475,0,0,1,0
przychodnia/783,19.4307175,51.8229178,0,0,1,0
przychodnia/784,19.4382703,51.8101222,0,0,1,0
przychodnia/785,19.4480273,51.7641080,0,0,1,0
przychodnia/786,19.4320253,51.7861021,0,0,1,0
przychodnia/787,19.5059453,51.7950241,0,0,1,0
przychodnia/788,19.4467418,51.7587560,0,0,1,0
przychodnia/789,19.4586867,51.7633012,0,0,1,0
przychodnia/790,19.4759544,51.7031657,0,0,1,0
przychodnia/791,19.4289204,51.8220659,0,0,1,0
przychodnia/792,19.4390644,51.6995807,0,0,1,0
przychodnia/793,19.4581492,51.7708845,0,0,1,0
przychodnia/794,19.4792737,51.7567358,0,0,1,0
przychodnia/795,19.4597411,51.7950821,0,0,1,0
przychodnia/796,19.3994206,51.7449419,0,0,1,0
supermarket/3717,19.4221294,51.7883216,0,0,0,1
supermarket/3718,19.4691644,51.7988141,0,0,0,1
supermarket/3719,19.4653641,51.7995496,0,0,0,1
supermarket/3720,19.4583184,51.7958059,0,0,0,1
supermarket/3721,19.4498913,51.7781749,0,0,0,1
supermarket/3722,19.4062210,51.7454166,0,0,0,1
supermarket/3723,19.4121761,51.7437715,0,0,0,1
supermarket/3724,19.4772817,51.7378761,0,0,0,1
supermarket/3725,19.3904963,51.7975833,0,0,0,1
supermarket/3726,19.3880135,51.7781122,0,0,0,1
supermarket/3727,19.3800944,51.8047579,0,0,0,1
supermarket/3728,19.3850928,51.7980570,0,0,0,1
supermarket/3729,19.3770243,51.8004530,0,0,0,1
supermarket/3730,19.3696998,51.7943051,0,0,0,1
supermarket/3731,19.4240002,51.8151364,0,0,0,1
supermarket/3732,19.4181463,51.8183933,0,0,0,1
supermarket/3733,19.4459906,51.7917027,0,0,0,1
supermarket/3734,19.4341553,51.7904492,0,0,0,1
supermarket/3735,19.4602587,51.7980765,0,0,0,1
supermarket/3736,19.5384582,51.7526798,0,0,0,1
supermarket/3737,19.5045375,51.7486521,0,0,0,1
supermarket/3738,19.4042551,51.7444123,0,0,0,1
supermarket/3739,19.4599755,51.7546804,0,0,0,1
supermarket/3740,19.4661494,51.7494050,0,0,0,1
supermarket/3741,19.3897823,51.7376324,0,0,0,1
supermarket/3742,19.3852588,51.7430081,0,0,0,1
supermarket/3743,19.4811652,51.7317071,0,0,0,1
supermarket/3744,19.5016600,51.7351553,0,0,0,1
supermarket/3745,19.4695240,51.7786243,0,0,0,1
supermarket/3746,19.4741793,51.7428420,0,0,0,1
supermarket/3747,19.4651301,51.7934494,0,0,0,1
supermarket/3748,19.4532667,51.7850959,0,0,0,1
supermarket/3749,19.5659352,51.7458830,0,0,0,1
supermarket/3750,19.5610790,51.7423329,0,0,0,1
supermarket/3751,19.4743996,51.7166578,0,0,0,1
supermarket/3752,19.4768230,51.7148670,0,0,0,1
supermarket/3753,19.4906556,51.7789256,0,0,0,1
supermarket/3754,19.5051437,51.7297216,0,0,0,1
supermarket/3755,19.4718260,51.7774351,0,0,0,1
supermarket/3756,19.4322007,51.7738089,0,0,0,1
supermarket/3757,19.4272302,51.7382221,0,0,0,1
supermarket/3758,19.4546336,51.7839187,0,0,0,1
supermarket/3759,19.4381674,51.7444630,0,0,0,1
supermarket/3760,19.4702350,51.7445983,0,0,0,1
supermarket/3761,19.4556843,51.7576484,0,0,0,1
supermarket/3762,19.5378819,51.7594533,0,0,0,1
supermarket/3763,19.3986761,51.7475237,0,0,0,1
supermarket/3764,19.4002062,51.7459516,0,0,0,1
supermarket/3765,19.5059274,51.7622318,0,0,0,1
supermarket/3766,19.4916538,51.7463427,0,0,0,1
supermarket/3767,19.5027958,51.7518052,0,0,0,1
supermarket/3768,19.4413259,51.7190275,0,0,0,1
supermarket/3769,19.4417500,51.7788305,0,0,0,1
supermarket/3770,19.4813529,51.7719427,0,0,0,1
supermarket/3771,19.4120485,51.7041653,0,0,0,1
supermarket/3772,19.4203469,51.7787435,0,0,0,1
supermarket/3773,19.4239782,51.7770499,0,0,0,1
supermarket/3774,19.4782644,51.7106329,0,0,0,1
supermarket/3775,19.5248158,51.7913545,0,0,0,1
supermarket/3776,19.5902449,51.7924408,0,0,0,1
supermarket/3777,19.6103815,51.7425974,0,0,0,1
supermarket/3778,19.4221106,51.7901057,0,0,0,1
supermarket/3779,19.5928167,51.7942423,0,0,0,1
supermarket/3780,19.4557494,51.7921168,0,0,0,1
supermarket/3781,19.4607635,51.7839247,0,0,0,1
supermarket/3782,19.4428632,51.7224263,0,0,0,1
supermarket/3783,19.4803845,51.7362398,0,0,0,1
supermarket/3784,19.3880983,51.7438463,0,0,0,1
supermarket/3785,19.4409259,51.8170381,0,0,0,1
supermarket/3786,19.3400640,51.8112441,0,0,0,1
supermarket/3787,19.5020039,51.7389389,0,0,0,1
supermarket/3788,19.5697613,51.7398036,0,0,0,1
supermarket/3789,19.4392721,51.7094633,0,0,0,1
supermarket/3790,19.5438727,51.7130156,0,0,0,1
supermarket/3791,19.4675260,51.7473115,0,0,0,1
supermarket/3792,19.4793416,51.7635620,0,0,0,1
supermarket/3793,19.5533097,51.7425095,0,0,0,1
supermarket/3794,19.4979040,51.7281259,0,0,0,1
supermarket/3795,19.4355457,51.8246351,0,0,0,1
supermarket/3796,19.3934496,51.7972118,0,0,0,1
supermarket/3797,19.5330035,51.7509987,0,0,0,1
supermarket/3798,19.4831258,51.7491389,0,0,0,1
supermarket/3799,19.4487204,51.7513373,0,0,0,1
supermarket/3800,19.4532564,51.7425757,0,0,0,1
supermarket/3801,19.4697070,51.7372886,0,0,0,1
supermarket/3802,19.4083769,51.7925879,0,0,0,1
supermarket/3803,19.5393889,51.7611379,0,0,0,1
supermarket/3804,19.4411814,51.7369880,0,0,0,1
supermarket/3805,19.4775797,51.7374462,0,0,0,1
supermarket/3806,19.4240233,51.7419862,0,0,0,1
supermarket/3807,19.5723221,51.7953143,0,0,0,1
supermarket/3808,19.3754002,51.8108824,0,0,0,1
supermarket/3809,19.4618113,51.7296852,0,0,0,1
supermarket/3810,19.3843968,51.7484905,0,0,0,1
supermarket/3811,19.4386205,51.7923588,0,0,0,1
supermarket/3812,19.4688817,51.7508686,0,0,0,1
supermarket/3813,19.4584265,51.8001718,0,0,0,1
supermarket/3814,19.4428404,51.7248832,0,0,0,1
supermarket/3815,19.4959781,51.7184648,0,0,0,1
supermarket/3816,19.3910622,51.7795326,0,0,0,1
supermarket/3817,19.4643422,51.7322293,0,0,0,1
supermarket/3818,19.4438857,51.7232123,0,0,0,1
supermarket/3819,19.5089712,51.7932886,0,0,0,1
supermarket/3820,19.4698536,51.7769741,0,0,0,1
supermarket/3821,19.4310021,51.8192710,0,0,0,1
supermarket/3822,19.5230279,51.7750366,0,0,0,1
supermarket/3823,19.4794797,51.7102916,0,0,0,1
supermarket/3824,19.3918220,51.7887734,0,0,0,1
supermarket/3825,19.4736782,51.8068462,0,0,0,1
supermarket/3826,19.4536850,51.7352834,0,0,0,1
supermarket/3827,19.5056314,51.7329849,0,0,0,1
supermarket/3828,19.4319441,51.7583217,0,0,0,1
supermarket/3829,19.4283021,51.7119362,0,0,0,1
supermarket/3830,19.4280890,51.7116567,0,0,0,1
supermarket/3831,19.5884556,51.7922959,0,0,0,1
supermarket/3832,19.3937075,51.7875830,0,0,0,1
supermarket/3833,19.4822697,51.7255854,0,0,0,1
supermarket/3834,19.5151165,51.7973803,0,0,0,1
supermarket/3835,19.4133648,51.7500455,0,0,0,1
supermarket/3836,19.4533471,51.7916322,0,0,0,1
supermarket/3837,19.4542755,51.7267292,0,0,0,1
supermarket/3838,19.4764472,51.7994477,0,0,0,1
supermarket/3839,19.4977472,51.7767653,0,0,0,1
supermarket/3840,19.4339950,51.7315255,0,0,0,1
supermarket/3841,19.4275775,51.8095693,0,0,0,1
supermarket/3842,19.4073846,51.7363727,0,0,0,1
supermarket/3843,19.4291054,51.8272228,0,0,0,1
supermarket/3844,19.6025827,51.7445595,0,0,0,1
supermarket/3845,19.5357951,51.7955439,0,0,0,1
supermarket/3846,19.3998708,51.7740488,0,0,0,1
supermarket/3847,19.5327463,51.7954972,0,0,0,1
supermarket/3848,19.3804053,51.7850088,0,0,0,1
supermarket/3849,19.4327441,51.7157973,0,0,0,1
supermarket/3850,19.5525162,51.7538554,0,0,0,1
supermarket/3851,19.4461076,51.8510703,0,0,0,1
supermarket/3852,19.4024031,51.7340597,0,0,0,1
supermarket/3853,19.4733625,51.7234098,0,0,0,1
supermarket/3854,19.4390748,51.7029383,0,0,0,1
supermarket/3855,19.3661191,51.7334171,0,0,0,1
supermarket/3856,19.4566728,51.8143484,0,0,0,1
supermarket/3857,19.5265505,51.7600343,0,0,0,1
supermarket/3858,19.4399439,51.8242581,0,0,0,1
supermarket/3859,19.4326795,51.8204275,0,0,0,1
supermarket/3860,19.5219538,51.7611386,0,0,0,1
supermarket/3861,19.4389021,51.8061600,0,0,0,1
supermarket/3862,19.4326580,51.8073409,0,0,0,1
supermarket/3863,19.4604016,51.7498475,0,0,0,1
supermarket/3864,19.4550159,51.7650221,0,0,0,1
supermarket/3865,19.5439119,51.7576881,0,0,0,1
supermarket/3866,19.5489302,51.7562236,0,0,0,1
supermarket/3867,19.5298226,51.7535610,0,0,0,1
supermarket/3868,19.4504841,51.7897470,0,0,0,1
supermarket/3869,19.5341121,51.7570352,0,0,0,1
supermarket/3870,19.4216377,51.8031465,0,0,0,1
supermarket/3871,19.6059420,51.7442896,0,0,0,1
supermarket/3872,19.4887306,51.7436585,0,0,0,1
supermarket/3873,19.4028962,51.7947066,0,0,0,1
supermarket/3874,19.3843029,51.7372532,0,0,0,1
supermarket/3875,19.4660411,51.7391356,0,0,0,1
supermarket/3876,19.4407108,51.7637492,0,0,0,1
supermarket/3877,19.4952859,51.7356352,0,0,0,1
supermarket/3878,19.4952638,51.7480243,0,0,0,1
supermarket/3879,19.4411709,51.7502799,0,0,0,1
supermarket/3880,19.4799817,51.7897161,0,0,0,1
supermarket/3881,19.4949355,51.7656667,0,0,0,1
supermarket/3882,19.4584213,51.7655108,0,0,0,1
supermarket/3883,19.5387415,51.7581134,0,0,0,1
supermarket/3884,19.4693940,51.7280722,0,0,0,1
supermarket/3885,19.4687489,51.7295491,0,0,0,1
supermarket/3886,19.4647051,51.7584970,0,0,0,1
supermarket/3887,19.4959846,51.7195565,0,0,0,1
supermarket/3888,19.4198032,51.7527356,0,0,0,1
supermarket/3889,19.4568546,51.7995410,0,0,0,1
supermarket/3890,19.4417731,51.7720630,0,0,0,1
supermarket/3891,19.4918912,51.7104368,0,0,0,1
supermarket/3892,19.4842618,51.7815653,0,0,0,1
supermarket/3893,19.4577147,51.7586285,0,0,0,1
supermarket/3894,19.4755729,51.7621630,0,0,0,1
supermarket/3895,19.3910712,51.7893894,0,0,0,1
supermarket/3896,19.4216988,51.8039235,0,0,0,1
supermarket/3897,19.4342546,51.8175150,0,0,0,1
supermarket/3898,19.5487727,51.7563711,0,0,0,1
supermarket/3899,19.4896474,51.7597354,0,0,0,1
supermarket/3900,19.4618518,51.7874586,0,0,0,1
supermarket/3901,19.5007719,51.7368502,0,0,0,1
supermarket/3902,19.4715532,51.8062087,0,0,0,1
supermarket/3903,19.4209862,51.8020769,0,0,0,1
supermarket/3904,19.4004015,51.7437324,0,0,0,1
supermarket/3905,19.4575600,51.8210900,0,0,0,1
supermarket/3906,19.5046524,51.7634557,0,0,0,1
supermarket/3907,19.4630527,51.7561954,0,0,0,1
supermarket/3908,19.4027903,51.7938704,0,0,0,1
supermarket/3909,19.4558206,51.7992689,0,0,0,1
supermarket/3910,19.4594857,51.7567433,0,0,0,1
supermarket/3911,19.4481044,51.7493672,0,0,0,1
supermarket/3912,19.5893173,51.7923754,0,0,0,1
supermarket/3913,19.5892566,51.7928208,0,0,0,1
supermarket/3914,19.4794358,51.7678831,0,0,0,1
supermarket/3915,19.4691825,51.7613114,0,0,0,1
supermarket/3916,19.4667476,51.7566921,0,0,0,1
supermarket/3917,19.4472556,51.7667030,0,0,0,1
supermarket/3918,19.4464803,51.7703162,0,0,0,1
supermarket/3919,19.4493684,51.7667748,0,0,0,1
supermarket/3920,19.4384162,51.8102528,0,0,0,1
supermarket/3921,19.4508767,51.7760316,0,0,0,1
szkola/254,19.4690166,51.7568509,0,1,0,0
szkola/255,19.4767229,51.7509886,0,1,0,0
szkola/256,19.5338952,51.7807166,0,1,0,0
szkola/257,19.4042791,51.7930724,0,1,0,0
szkola/258,19.4230176,51.8203276,0,1,0,0
szkola/259,19.4258228,51.8179113,0,1,0,0
szkola/260,19.4714959,51.7794312,0,1,0,0
szkola/261,19.4334329,51.7849728,0,1,0,0
szkola/262,19.4905946,51.7747733,0,1,0,0
szkola/263,19.4677165,51.7262183,0,1,0,0
szkola/264,19.4659973,51.7918671,0,1,0,0
szkola/265,19.4535135,51.7939992,0,1,0,0
szkola/266,19.4538189,51.7938000,0,1,0,0
szkola/267,19.4318694,51.7158836,0,1,0,0
szkola/268,19.4851996,51.7662469,0,1,0,0
szkola/269,19.3884483,51.7472024,0,1,0,0
szkola/270,19.4408055,51.7004698,0,1,0,0
szkola/271,19.4440514,51.7306103,0,1,0,0
szkola/272,19.3874452,51.7946688,0,1,0,0
szkola/273,19.4547579,51.8038977,0,1,0,0
szkola/274,19.4401549,51.7801847,0,1,0,0
szkola/275,19.5602689,51.7415775,0,1,0,0
szkola/276,19.4029337,51.7641343,0,1,0,0
szkola/277,19.4255486,51.7047217,0,1,0,0
szkola/278,19.4635248,51.7637288,0,1,0,0
szkola/279,19.4662842,51.7281810,0,1,0,0
szkola/280,19.4238498,51.7520027,0,1,0,0
szkola/281,19.4463871,51.7554174,0,1,0,0
szkola/282,19.3848227,51.7795459,0,1,0,0
szkola/283,19.3881864,51.7474756,0,1,0,0
szkola/284,19.4514720,51.7735747,0,1,0,0
szkola/285,19.4423843,51.7633895,0,1,0,0
szkola/286,19.3900407,51.7956911,0,1,0,0
szkola/287,19.5099525,51.7625123,0,1,0,0
szkola/288,19.3897943,51.8006637,0,1,0,0
szkola/289,19.4460517,51.7114008,0,1,0,0
szkola/290,19.4919237,51.7423403,0,1,0,0
szkola/291,19.4486335,51.7947347,0,1,0,0
szkola/292,19.4436634,51.8241077,0,1,0,0
szkola/293,19.4868871,51.7947279,0,1,0,0
szkola/294,19.4540967,51.7938799,0,1,0,0
szkola/295,19.4536562,51.7938642,0,1,0,0
szkola/296,19.4539838,51.7938593,0,1,0,0
szkola/297,19.5027031,51.7409901,0,1,0,0
szkola/298,19.5448677,51.7609149,0,1,0,0
szkola/299,19.4778594,51.7616312,0,1,0,0
szkola/300,19.4843080,51.7551315,0,1,0,0
szkola/301,19.4583561,51.7967581,0,1,0,0
szkola/302,19.4308600,51.8263218,0,1,0,0
szkola/303,19.5007506,51.7442889,0,1,0,0
szkola/304,19.4971390,51.7430634,0,1,0,0
szkola/305,19.4039159,51.7930189,0,1,0,0
szkola/306,19.3983933,51.7902501,0,1,0,0
szkola/307,19.3865402,51.7922921,0,1,0,0
szkola/308,19.4057500,51.7913220,0,1,0,0
szkola/309,19.3744136,51.7923824,0,1,0,0
szkola/310,19.3783381,51.7945275,0,1,0,0
szkola/311,19.3806050,51.7987211,0,1,0,0
szkola/312,19.3730453,51.7970560,0,1,0,0
szkola/313,19.3988003,51.7928380,0,1,0,0
szkola/314,19.3894098,51.7842738,0,1,0,0
szkola/315,19.4265633,51.7501087,0,1,0,0
szkola/316,19.4156006,51.7900721,0,1,0,0
szkola/317,19.4278228,51.7817645,0,1,0,0
szkola/318,19.4320451,51.7832354,0,1,0,0
szkola/319,19.4237260,51.7874938,0,1,0,0
szkola/320,19.3958730,51.7991426,0,1,0,0
szkola/321,19.4771518,51.7778993,0,1,0,0
szkola/322,19.4127012,51.7754955,0,1,0,0
szkola/323,19.4947272,51.7498252,0,1,0,0
szkola/324,19.4580123,51.7454481,0,1,0,0
szkola/325,19.5102448,51.7629045,0,1,0,0
szkola/326,19.4842217,51.7458983,0,1,0,0
szkola/327,19.4619004,51.7566121,0,1,0,0
szkola/328,19.4626412,51.7572619,0,1,0,0
szkola/329,19.4619187,51.7546027,0,1,0,0
szkola/330,19.5060951,51.7723018,0,1,0,0
szkola/331,19.4427330,51.7514930,0,1,0,0
szkola/332,19.4947993,51.7722585,0,1,0,0
szkola/333,19.4721165,51.7563251,0,1,0,0
szkola/334,19.4645708,51.7556471,0,1,0,0
szkola/335,19.4627182,51.7637126,0,1,0,0
szkola/336,19.3740071,51.8107251,0,1,0,0
szkola/337,19.4302932,51.7924586,0,1,0,0
szkola/338,19.4374372,51.7588291,0,1,0,0
szkola/339,19.4657070,51.7740195,0,1,0,0
szkola/340,19.4596476,51.7756886,0,1,0,0
szkola/341,19.4610423,51.7767738,0,1,0,0
szkola/342,19.4582650,51.7776610,0,1,0,0
szkola/343,19.4699680,51.7756553,0,1,0,0
szkola/344,19.4464226,51.7711169,0,1,0,0
szkola/345,19.4417709,51.7702642,0,1,0,0
szkola/346,19.4331254,51.7700190,0,1,0,0
szkola/347,19.4471831,51.7724568,0,1,0,0
szkola/348,19.4458849,51.7720757,0,1,0,0
szkola/349,19.4500261,51.7752543,0,1,0,0
szkola/350,19.4572234,51.7828719,0,1,0,0
szkola/351,19.4767631,51.7777748,0,1,0,0
szkola/352,19.4773380,51.7630040,0,1,0,0
szkola/353,19.4813523,51.7659876,0,1,0,0
szkola/354,19.4534499,51.7410422,0,1,0,0
szkola/355,19.4807470,51.7769686,0,1,0,0
szkola/356,19.4986117,51.7342449,0,1,0,0
szkola/357,19.4956407,51.7300492,0,1,0,0
szkola/358,19.4926798,51.7309758,0,1,0,0
szkola/359,19.4903220,51.7359315,0,1,0,0
szkola/360,19.4231258,51.7748412,0,1,0,0
szkola/361,19.4280782,51.7783851,0,1,0,0
szkola/362,19.4910271,51.7773947,0,1,0,0
szkola/363,19.4922779,51.7729881,0,1,0,0
szkola/364,19.4357690,51.7956985,0,1,0,0
szkola/365,19.4662587,51.7462413,0,1,0,0
szkola/366,19.4659254,51.7428475,0,1,0,0
szkola/367,19.4710211,51.7466040,0,1,0,0
szkola/368,19.4566251,51.7389291,0,1,0,0
szkola/369,19.4817977,51.8057001,0,1,0,0
szkola/370,19.4753738,51.7442735,0,1,0,0
szkola/371,19.4476205,51.7370484,0,1,0,0
szkola/372,19.4530320,51.7557865,0,1,0,0
szkola/373,19.4528128,51.7561291,0,1,0,0
szkola/374,19.4463680,51.7114336,0,1,0,0
szkola/375,19.4609570,51.7606066,0,1,0,0
szkola/376,19.4458026,51.7322498,0,1,0,0
szkola/377,19.4457028,51.7298937,0,1,0,0
szkola/378,19.5532387,51.7086908,0,1,0,0
szkola/379,19.5036020,51.7650606,0,1,0,0
szkola/380,19.4344036,51.7961759,0,1,0,0
szkola/381,19.4735562,51.8100336,0,1,0,0
szkola/382,19.4397506,51.7969740,0,1,0,0
szkola/383,19.4927593,51.7141346,0,1,0,0
szkola/384,19.4925061,51.7157959,0,1,0,0
szkola/385,19.4912261,51.7198730,0,1,0,0
szkola/386,19.4812483,51.7880380,0,1,0,0
szkola/387,19.4232977,51.7516715,0,1,0,0
szkola/388,19.5452129,51.7566134,0,1,0,0
szkola/389,19.4741404,51.7760066,0,1,0,0
szkola/390,19.4780038,51.7784079,0,1,0,0
szkola/391,19.4295015,51.7277913,0,1,0,0
szkola/392,19.4613842,51.7259373,0,1,0,0
szkola/393,19.4666747,51.7918573,0,1,0,0
szkola/394,19.4616341,51.7961759,0,1,0,0
szkola/395,19.4528028,51.7243702,0,1,0,0
szkola/396,19.4678380,51.8080814,0,1,0,0
szkola/397,19.4581148,51.7903475,0,1,0,0
szkola/398,19.4621349,51.7897793,0,1,0,0
szkola/399,19.4666062,51.7897975,0,1,0,0
szkola/400,19.4760057,51.7933075,0,1,0,0
szkola/401,19.4728729,51.7929711,0,1,0,0
szkola/402,19.4843199,51.7317667,0,1,0,0
szkola/403,19.4515332,51.7642811,0,1,0,0
szkola/404,19.4525483,51.7630635,0,1,0,0
szkola/405,19.4340952,51.7848258,0,1,0,0
szkola/406,19.4417019,51.7854739,0,1,0,0
szkola/407,19.4364056,51.7871223,0,1,0,0
szkola/408,19.4317926,51.7890777,0,1,0,0
szkola/409,19.4314026,51.7883253,0,1,0,0
szkola/410,19.4103642,51.7902395,0,1,0,0
szkola/411,19.4904099,51.7785083,0,1,0,0
szkola/412,19.4465171,51.7890597,0,1,0,0
szkola/413,19.4758170,51.7358407,0,1,0,0
szkola/414,19.4200754,51.8051941,0,1,0,0
szkola/415,19.4737120,51.8472317,0,1,0,0
szkola/416,19.4726845,51.7892191,0,1,0,0
szkola/417,19.6244687,51.7682531,0,1,0,0
szkola/418,19.3884159,51.7412480,0,1,0,0
szkola/419,19.3886499,51.7472590,0,1,0,0
szkola/420,19.3918810,51.7481736,0,1,0,0
szkola/421,19.3946837,51.7420342,0,1,0,0
szkola/422,19.3973520,51.7448719,0,1,0,0
szkola/423,19.4116186,51.7446741,0,1,0,0
szkola/424,19.4097311,51.7441495,0,1,0,0
szkola/425,19.4006615,51.7517501,0,1,0,0
szkola/426,19.4046671,51.7500698,0,1,0,0
szkola/427,19.4143708,51.7501042,0,1,0,0
szkola/428,19.4121119,51.7507138,0,1,0,0
szkola/429,19.4158679,51.7559491,0,1,0,0
szkola/430,19.3849611,51.7796805,0,1,0,0
szkola/431,19.5232397,51.7916340,0,1,0,0
szkola/432,19.4673099,51.7262469,0,1,0,0
szkola/433,19.4670444,51.7333573,0,1,0,0
szkola/434,19.4324149,51.7162782,0,1,0,0
szkola/435,19.4840790,51.7342107,0,1,0,0
szkola/436,19.4849905,51.7352725,0,1,0,0
szkola/437,19.4853676,51.7342405,0,1,0,0
szkola/438,19.4540976,51.7940779,0,1,0,0
szkola/439,19.4498808,51.8126292,0,1,0,0
szkola/440,19.4611293,51.7735350,0,1,0,0
szkola/441,19.4855540,51.7396822,0,1,0,0
szkola/442,19.4631484,51.7280752,0,1,0,0
szkola/443,19.3908023,51.7479530,0,1,0,0
szkola/444,19.5042698,51.7402679,0,1,0,0
szkola/445,19.4982796,51.7387538,0,1,0,0
szkola/446,19.6102801,51.7388924,0,1,0,0
szkola/447,19.5197472,51.7563020,0,1,0,0
szkola/448,19.5308870,51.7566159,0,1,0,0
szkola/449,19.5686788,51.7698051,0,1,0,0
szkola/450,19.3691420,51.7977118,0,1,0,0
szkola/451,19.5274900,51.7572326,0,1,0,0
szkola/452,19.4689589,51.7210527,0,1,0,0
szkola/453,19.4818681,51.7150194,0,1,0,0
szkola/454,19.5117727,51.7679593,0,1,0,0
szkola/455,19.4849556,51.7286712,0,1,0,0
szkola/456,19.4901635,51.7611766,0,1,0,0
szkola/457,19.4742901,51.7892073,0,1,0,0
szkola/458,19.5036815,51.7656796,0,1,0,0
szkola/459,19.5615744,51.7439771,0,1,0,0
szkola/460,19.5872074,51.7934155,0,1,0,0
szkola/461,19.5375684,51.7560171,0,1,0,0
szkola/462,19.4980556,51.8154095,0,1,0,0
szkola/463,19.5032159,51.7356492,0,1,0,0
szkola/464,19.4912458,51.7340333,0,1,0,0
szkola/465,19.4686899,51.7461637,0,1,0,0
szkola/466,19.4740396,51.7531153,0,1,0,0
szkola/467,19.5410487,51.7555866,0,1,0,0
szkola/468,19.4624605,51.7464536,0,1,0,0
szkola/469,19.4503023,51.7608897,0,1,0,0
szkola/470,19.4770755,51.7023678,0,1,0,0
szkola/471,19.4558735,51.7743369,0,1,0,0
szkola/472,19.4822752,51.8350509,0,1,0,0
szkola/473,19.5761490,51.7395170,0,1,0,0
szkola/474,19.4582627,51.7617375,0,1,0,0
szkola/475,19.5006063,51.7305873,0,1,0,0
szkola/476,19.4101150,51.7215060,0,1,0,0
szkola/477,19.4490660,51.7914256,0,1,0,0
szkola/478,19.4363417,51.7874703,0,1,0,0
szkola/479,19.3902082,51.7415290,0,1,0,0
szkola/480,19.4730796,51.7781213,0,1,0,0
szkola/481,19.4682240,51.7300318,0,1,0,0
szkola/482,19.4514995,51.7372745,0,1,0,0
szkola/483,19.4482065,51.7327701,0,1,0,0
szkola/484,19.5411144,51.7557510,0,1,0,0
szkola/485,19.5409588,51.7554156,0,1,0,0
