id,lon,lat
1,18.368577726106825,50.41947307861612
2,18.36881679197997,50.4014819427564
3,18.36905561488142,50.38349075012601
4,18.369294195133527,50.36549950071919
5,18.369532533058063,50.34750819453016
6,18.392849451646644,50.42859845543011
7,18.393079402661286,50.4106072655023
8,18.393309119930056,50.39261601886884
9,18.393538603763155,50.37462471552388
10,18.393767854470216,50.356633355461526
11,18.393996872360304,50.33864193867597
12,18.39422565774193,50.320650465161386
13,18.394454210923023,50.30265893491197
14,18.394682532210968,50.284667347921946
15,18.394910621912587,50.266675704185566
16,18.41713053549514,50.43771878629644
17,18.417351362102213,50.4197275454846
18,18.417571964201997,50.40173624802977
19,18.417792342092504,50.38374489392598
20,18.418012496071206,50.36575348316729
21,18.418232426435036,50.34776201574778
22,18.418452133480383,50.32977049166152
23,18.41867161750308,50.31177891090263
24,18.418890878798447,50.293787273465234
25,18.41910991766125,50.27579557934348
26,18.419328734385715,50.25780382853156
27,18.441420977957264,50.44683406630231
28,18.44163267060715,50.42884277779418
29,18.441844148001078,50.41085143270337
30,18.44205541042485,50.39286003102381
31,18.44226645816376,50.37486857274948
32,18.442477291502573,50.35687705787433
33,18.442687910725542,50.338885486392385
34,18.442898316116388,50.320893858297666
35,18.443108507958325,50.3029021735842
36,18.443318486534046,50.28491043224605
37,18.443528252125734,50.26691863427731
38,18.44373780501505,50.248926779672054
39,18.443947145483147,50.230934868424434
40,18.46592332846827,50.43795295752164
41,18.466125671618936,50.41996156798394
42,18.466327809051304,50.40197012191537
43,18.466529741038457,50.38397861930974
44,18.466731467852966,50.365987060161004
45,18.466932989766935,50.347995444463066
46,18.467134307051936,50.33000377220982
47,18.467335419979065,50.31201204339527
48,18.46753632881892,50.29402025801336
49,18.467737033841605,50.2760284160581
50,18.467937535316736,50.25803651752348
51,18.468137833513428,50.24004456240357
52,18.468337928700315,50.222052550692396
53,18.46853782114554,50.204060482384065
54,18.490416535335022,50.42906664896549
55,18.490609538250798,50.4110751616983
56,18.49080234497371,50.39308361794949
57,18.49099495576413,50.375092017712895
58,18.49118737088196,50.35710036098229
59,18.491379590586618,50.33910864775157
60,18.491571615137058,50.32111687801457
61,18.491763444791758,50.303125051765214
62,18.49195507980872,50.28513316899739
63,18.492146520445484,50.26714122970504
64,18.492337766959114,50.249149233882115
65,18.49252881960621,50.23115718152259
66,18.492719678642903,50.21316507262048
67,18.49291034432486,50.19517290716976
68,18.49310081690728,50.1771806851645
69,18.51471673941654,50.438166670741644
70,18.51490059829005,50.420175145470026
71,18.515084270235764,50.40218356376982
72,18.51526775550181,50.38419192563473
73,18.515451054335884,50.36620023105854
74,18.515634166985222,50.34820848003501
75,18.515817093696604,50.33021667255791
76,18.51599983471637,50.312224808621096
77,18.516182390290403,50.29423288821835
78,18.516364760664143,50.27624091134356
79,18.516546946082578,50.258248877990574
80,18.516728946790245,50.24025678815331
81,18.516910763031248,50.22226464182566
82,18.517092395049243,50.2042724390016
83,18.51727384308744,50.186280179675045
84,18.5174551073886,50.16828786384
85,18.53920098942356,50.4292700683276
86,18.539375517078636,50.41127845187145
87,18.539549867319568,50.39328677903103
88,18.539724040381806,50.37529504979998
89,18.53989803650038,50.35730326417201
90,18.54007185590988,50.33931142214085
91,18.540245498844484,50.32131952370021
92,18.540418965537924,50.30332756884387
93,18.54059225622352,50.285335557565574
94,18.54076537113416,50.267343489859144
95,18.540938310502312,50.24935136571839
96,18.541111074560014,50.23135918513716
97,18.541283663538888,50.2133669481093
98,18.54145607767013,50.19537465462871
99,18.541628317184518,50.177382304689274
100,18.563676085744124,50.42036827735492
101,18.563841291458754,50.402376573005945
102,18.564006329260636,50.38438481231447
103,18.564171199372563,50.366392995274154
104,18.564335902016918,50.3484011218786
105,18.564500437415685,50.330409192121486
106,18.564664805790432,50.3124172059965
107,18.564829007362334,50.294425163497344
108,18.564993042352157,50.27643306461773
109,18.56515691098026,50.2584409093514
110,18.565320613466614,50.24044869769215
111,18.565484150030773,50.222456429633745
112,18.565647520891908,50.204464105170004
113,18.56581072626878,50.18647172429475
114,18.58814202814849,50.41146130266338
115,18.58829792120107,50.39346951370964
116,18.58845365583005,50.3754776684527
117,18.58860923224558,50.35748576688614
118,18.58876465065742,50.33949380900357
119,18.588919911274964,50.3215017947986
120,18.589075014307202,50.303509724264835
121,18.589229959962765,50.285517597395966
122,18.589384748449888,50.26752541418566
123,18.589539379976433,50.249533174627594
124,18.589693854749886,50.23154087871552
125,18.589848172977344,50.21354852644314
126,18.59000233486554,50.195556117804244
127,18.590156340620826,50.17756365279262
128,18.612158151750528,50.456524422381904
129,18.612305189448822,50.43853272086787
130,18.612452077605635,50.42054096310701
131,18.61259881641958,50.40254914909278
132,18.61274540608892,50.38455727881865
133,18.612891846811547,50.366565352278165
134,18.613038138784983,50.348573369464816
135,18.613184282206408,50.33058133037216
136,18.61333027727263,50.31258923499379
137,18.6134761241801,50.29459708332325
138,18.613621823124912,50.27660487535417
139,18.613767374302803,50.258612611080174
140,18.613912777909153,50.24062029049493
141,18.614058034138985,50.22262791359211
142,18.61420314318697,50.20463548036541
143,18.61434810524742,50.18664299080853
144,18.614492920514294,50.16865044491522
145,18.636495869560502,50.465599052547944
146,18.63663372491024,50.44760732909694
147,18.636771440034767,50.42961554944012
148,18.63690901512037,50.41162371357093
149,18.637046450353,50.39363182148277
150,18.63718374591827,50.3756398731691
151,18.637320902001456,50.35764786862334
152,18.637457918787486,50.339655807839016
153,18.637594796460963,50.32166369080961
154,18.63773153520614,50.303671517528656
155,18.637868135206944,50.28567928798971
156,18.63800459664697,50.26768700218632
157,18.63814091970946,50.24969466011208
158,18.638277104577348,50.231702261760624
159,18.63841315143321,50.21370980712556
160,18.638549060459308,50.19571729620054
161,18.638684831837566,50.177724728979264
162,18.660842919552895,50.47466859728102
163,18.660971583038663,50.45667685510701
164,18.661100115628173,50.43868505676586
165,18.66122851749537,50.42069320225091
166,18.661356788813872,50.402701291555516
167,18.66148492975699,50.384709324673075
168,18.66161294049772,50.36671730159697
169,18.66174082120873,50.34872522232064
170,18.661868572062385,50.3307330868375
171,18.661996193230724,50.31274089514106
172,18.662123684885483,50.29474864722478
173,18.66225104719808,50.27675634308217
174,18.662378280339617,50.25876398270676
175,18.66250538448089,50.24077156609213
176,18.66263235979239,50.2227790932318
177,18.662759206444278,50.20478656411941
178,18.662885924606424,50.18679397874856
179,18.66301251444838,50.16880133711289
180,18.685199301908312,50.483733051676516
181,18.68531876401436,50.46574129399722
182,18.685438104565797,50.44774948018704
183,18.685557323724197,50.429757610239236
184,18.685676421650825,50.411765684147134
185,18.68579539850667,50.39377370190404
186,18.685914254452413,50.37578166350331
187,18.686032989648453,50.3577895689383
188,18.68615160425488,50.339797418202416
189,18.68627009843151,50.32180521128905
190,18.686388472337857,50.30381294819165
191,18.686506726133143,50.28582062890365
192,18.686624859976302,50.26782825341854
193,18.686742874025985,50.24983582172981
194,18.686860768440543,50.23184333383099
195,18.686978543378046,50.21385078971559
196,18.687096198996272,50.19585818937719
197,18.68721373545272,50.17786553280938
198,18.70967526800526,50.47480064086646
199,18.709785407015254,50.456808814806244
200,18.709895433974154,50.43881693264219
201,18.710005349030855,50.420824994367564
202,18.710115152333994,50.402832999975644
203,18.710224844031924,50.38484094945969
204,18.710334424272734,50.36684884281302
205,18.710443893204236,50.34885668002902
206,18.71055325097398,50.330864461100994
207,18.710662497729246,50.31287218602234
208,18.710771633617036,50.294879854786444
209,18.7108806587841,50.27688746738676
210,18.710989573376903,50.25889502381668
211,18.711098377541656,50.24090252406973
212,18.711207071424298,50.222909968139334
213,18.7113156551705,50.20491735601905
214,18.71142412892568,50.18692468770239
215,18.73404109516686,50.483854890813355
216,18.734142023131767,50.46586305572581
217,18.73424284840019,50.44787116456581
218,18.734343571108628,50.429879217326565
219,18.734444191393347,50.41188721400128
220,18.734544709390345,50.393895154583205
221,18.73464512523539,50.37590303906562
222,18.73474543906398,50.357910867441774
223,18.734845651011387,50.33991863970499
224,18.73494576121262,50.32192635584861
225,18.73504576980246,50.303934015865984
226,18.735145676915423,50.28594161975046
227,18.735245482685787,50.267949167495466
228,18.73534518724759,50.24995665909439
229,18.73544479073462,50.23196409454067
230,18.735544293280423,50.21397147382778
231,18.7356436950183,50.1959787969492
232,18.758416245642263,50.49290403893631
233,18.758507953058167,50.47491219804786
234,18.75859956714487,50.4569203011159
235,18.758691088026453,50.43892834813362
236,18.758782515826777,50.42093633909417
237,18.758873850669474,50.40294427399075
238,18.75896509267795,50.384952152816574
239,18.75905624197539,50.36695997556489
240,18.759147298684745,50.34896774222895
241,18.75923826292875,50.330975452802036
242,18.759329134829915,50.31298310727747
243,18.75941991451052,50.29499070564856
244,18.75951060209263,50.27699824790866
245,18.75960119769808,50.25900573405114
246,18.75969170144849,50.24101316406938
247,18.759782113465256,50.2230205379568
248,18.75987243386955,50.20502785570685
249,18.782718158138273,50.51993986778269
250,18.782800719562125,50.50194808033347
251,18.782883196924878,50.483956236874235
252,18.782965590338378,50.46596433739802
253,18.783047899914266,50.44797238189799
254,18.783130125763986,50.42998037036724
255,18.78321226799877,50.41198830279894
256,18.78329432672965,50.39399617918624
257,18.783376302067456,50.37600399952237
258,18.783458194122815,50.35801176380051
259,18.783540003006152,50.34001947201394
260,18.783621728827686,50.322027124155895
261,18.78370337169745,50.304034720219676
262,18.78378493172525,50.28604226019855
263,18.783866409020714,50.26804974408589
264,18.78394780369327,50.25005717187502
265,18.784029115852128,50.232064543559325
266,18.784110345606322,50.21407185913217
267,18.784191493064668,50.196079118586994
268,18.7842725583358,50.17808632191723
269,18.784353541528144,50.16009346911632
270,18.80719451704464,50.510987010102816
271,18.807267754849867,50.49299516730659
272,18.80734091809847,50.47500326851754
273,18.807414006889612,50.45701131372873
274,18.807487021322302,50.43901930293324
275,18.807559961495347,50.42102723612418
276,18.807632827507383,50.40303511329471
277,18.807705619456865,50.38504293443798
278,18.807778337442066,50.36705069954714
279,18.80785098156108,50.34905840861542
280,18.807923551911827,50.331066061636015
281,18.807996048592038,50.313073658602214
282,18.808068471699272,50.29508119950723
283,18.80814082133091,50.27708868434438
284,18.808213097584158,50.259096113106956
285,18.808285300556037,50.24110348578832
286,18.808357430343403,50.22311080238178
287,18.808429487042922,50.20511806288076
288,18.8085014707511,50.18712526727861
289,18.808573381564248,50.16913241556878
290,18.808645219578516,50.151139507744695
291,18.808716984889877,50.133146543799825
292,18.831597638195497,50.520020823342016
293,18.831661626938644,50.50202898444636
294,18.831725550530454,50.484037089579566
295,18.831789409057617,50.46604513873464
296,18.831853202606652,50.44805313190468
297,18.831916931263944,50.43006106908272
298,18.8319805951157,50.412068950261876
299,18.83204419424797,50.39407677543528
300,18.832107728746667,50.376084544596054
301,18.83217119869752,50.35809225773736
302,18.832234604186116,50.34009991485241
303,18.83229794529789,50.3221075159344
304,18.832361222118102,50.304115060976535
305,18.83242443473188,50.28612254997209
306,18.83248758322419,50.26812998291434
307,18.832550667679826,50.25013735979657
308,18.83261368818345,50.232144680612116
309,18.832676644819557,50.21415194535428
310,18.83273953767249,50.19615915401644
311,18.83280236682645,50.178166306592004
312,18.832865132365466,50.16017340307434
313,18.83292783437343,50.142180443456894
314,18.832990472934068,50.124187427733105
315,18.833053048130967,50.10619435589645
316,18.83317800876711,50.0702080438585
317,18.856010083107893,50.52904951514861
318,18.856064813284224,50.51105768339475
319,18.856119487727184,50.493065795689006
320,18.856174106510945,50.47507385202437
321,18.856228669709548,50.457081852393856
322,18.856283177396897,50.43908979679051
323,18.856337629646763,50.42109768520741
324,18.856392026532777,50.40310551763763
325,18.856446368128445,50.385113294074266
326,18.856500654507126,50.36712101451048
327,18.856554885742053,50.349128678939415
328,18.856609061906326,50.33113628735423
329,18.856663183072907,50.31314383974814
330,18.856717249314627,50.29515133611435
331,18.85677126070419,50.27715877644612
332,18.856825217314157,50.25916616073668
333,18.85687911921696,50.241173488979356
334,18.856932966484905,50.22318076116741
335,18.856986759190164,50.20518797729421
336,18.857040497404768,50.18719513735307
337,18.857094181200633,50.16920224133739
338,18.85714781064953,50.15120928924054
339,18.85720138582311,50.133216281055965
340,18.85725490679289,50.11522321677707
341,18.857308373630254,50.09723009639734
342,18.857361786406457,50.07923691991024
343,18.857415145192636,50.061243687309286
344,18.88052272976902,50.5020893819506
345,18.88056809932982,50.48409744870631
346,18.880613422711054,50.46610545951289
347,18.88065869997413,50.44811341436338
348,18.88070393118035,50.43012131325078
349,18.88074911639091,50.41212915616818
350,18.880794255666885,50.394136943108634
351,18.880839349069237,50.376144674065266
352,18.880884396658832,50.35815234903119
353,18.880929398496402,50.34015996799955
354,18.88097435464259,50.32216753096352
355,18.881019265157914,50.30417503791627
356,18.881064130102782,50.28618248885104
357,18.881108949537506,50.26818988376105
358,18.88115372352227,50.250197222639535
359,18.88119845211716,50.23220450547981
360,18.88124313538215,50.214211732275146
361,18.8812877733771,50.19621890301886
362,18.88133236616177,50.178226017704326
363,18.881376913795805,50.16023307632488
364,18.88142141633874,50.14224007887391
365,18.881465873850008,50.12424702534484
366,18.88151028638893,50.1062539157311
367,18.88155465401472,50.08826075002612
368,18.881598976786485,50.070267528223404
369,18.90500746167876,50.475123948373685
370,18.905043499063108,50.45713191691688
371,18.905079499783813,50.43913982951126
372,18.905115463889594,50.42114768614989
373,18.90515139142909,50.403155486825774
374,18.90518728245084,50.385163231532005
375,18.905223137003308,50.3671709202617
376,18.905258955134855,50.34917855300797
377,18.90529473689376,50.33118612976393
378,18.905330482328225,50.31319365052277
379,18.90536619148634,50.29520111527766
380,18.905401864416124,50.27720852402184
381,18.90543750116551,50.259215876748506
382,18.90547310178233,50.24122317345092
383,18.905508666314343,50.22323041412235
384,18.90554419480922,50.205237598756085
385,18.905579687314535,50.18724472734547
386,18.90561514387778,50.16925179988381
387,18.90565056454637,50.15125881636449
388,18.90568594936762,50.13326577678088
389,18.905721298388762,50.11527268112639
390,18.90575661165695,50.09727952939445
391,18.905791889219245,50.07928632157849
392,18.90582713112263,50.061293057672
393,18.929410786667784,50.48413731408795
394,18.929437574718847,50.46614529956645
395,18.92946433551205,50.44815322910798
396,18.929491069083635,50.43016110270552
397,18.929517775469765,50.412168920352116
398,18.92954445470654,50.39417668204083
399,18.929571106829993,50.37618438776473
400,18.929597731876093,50.35819203751689
401,18.92962432988074,50.340199631290474
402,18.929650900879775,50.322207169078595
403,18.929677444908965,50.304214650874414
404,18.929703962004023,50.28622207667111
405,18.929730452200584,50.26822944646192
406,18.92975691553423,50.250236760240035
407,18.929783352040467,50.23224401799874
408,18.929809761754747,50.21425121973129
409,18.92983614471245,50.19625836543096
410,18.92986250094889,50.1782654550911
411,18.929888830499326,50.16027248870504
412,18.929915133398946,50.14227946626613
413,18.929941409682876,50.12428638776777
414,18.92996765938618,50.106293253203354
415,18.929993882543855,50.08830006256628
416,18.930020079190832,50.07030681585005
417,18.93004624936199,50.0523135130481
418,18.953840926983855,50.47515355742731
419,18.953858438407508,50.4571615071598
420,18.9538759320154,50.43916940095768
421,18.9538934078312,50.42117723881395
422,18.953910865878537,50.40318502072167
423,18.95392830618101,50.38519274667387
424,18.95394572876216,50.36720041666363
425,18.95396313364549,50.349208030684075
426,18.953980520854458,50.33121558872829
427,18.953997890412488,50.31322309078945
428,18.954015242342948,50.29523053686071
429,18.954032576669174,50.27723792693524
430,18.954049893414453,50.25924526100628
431,18.954067192602032,50.24125253906704
432,18.954084474255122,50.22325976111078
433,18.954101738396876,50.20526692713078
434,18.954118985050417,50.187274037120325
435,18.954136214238826,50.169281091072754
436,18.95415342598514,50.15128808898139
437,18.95417062031235,50.13329503083961
438,18.95418779724341,50.115301916640774
439,18.95420495680123,50.09730874637833
440,18.954222099008682,50.07931552004567
441,18.954239223888596,50.06132223763626
442,18.97825355588814,50.48415668561452
443,18.978261808500136,50.46616465878549
444,18.978270052714773,50.44817257602879
445,18.978278288543223,50.43018043733738
446,18.978286515996622,50.41218824270428
447,18.97829473508609,50.394195992122555
448,18.978302945822737,50.37620368558526
449,18.978311148217635,50.35821132308546
450,18.97831934228185,50.34021890461629
451,18.978327528026416,50.32222643017084
452,18.97833570546236,50.30423389974231
453,18.978343874600682,50.28624131332382
454,18.978352035452357,50.2682486709086
455,18.978360188028343,50.25025597248984
456,18.978368332339592,50.2322632180608
457,18.978376468397013,50.214270407614734
458,18.97838459621151,50.1962775411449
459,18.97839271579396,50.178284618644646
460,18.97840082715523,50.16029164010726
461,18.97840893030616,50.14229860552612
462,18.978417025257567,50.12430551489456
463,18.978425112020254,50.10631236820601
464,18.97843319060501,50.088319165453846
465,18.978441261022585,50.07032590663154
466,18.97844932328373,50.052332591732515
467,19.002675461449172,50.493154679242934
468,19.00267444580736,50.47516267910361
469,19.002673431199167,50.45717062304108
470,19.002672417623213,50.4391785110483
471,19.002671405078132,50.42118634311829
472,19.00267039356255,50.40319411924408
473,19.002669383075105,50.3852018394187
474,19.002668373614426,50.36720950363524
475,19.002667365179157,50.3492171118868
476,19.00266635776794,50.33122466416647
477,19.002665351379413,50.31323216046743
478,19.002664346012224,50.29523960078279
479,19.00266334166502,50.27724698510576
480,19.002662338336457,50.259254313429544
481,19.00266133602518,50.24126158574736
482,19.00266033472985,50.22326880205245
483,19.00265933444912,50.2052759623381
484,19.00265833518166,50.18728306659759
485,19.002657336926124,50.169290114824236
486,19.002656339681177,50.15129710701137
487,19.002655343445493,50.13330404315236
488,19.002654348217735,50.11531092324055
489,19.002653353996585,50.0973177472694
490,19.002652360780708,50.07932451523229
491,19.002651368568788,50.061331227122686
492,19.002650377359497,50.043337882934026
493,19.027096350334087,50.48415556323257
494,19.027086067473466,50.466163537116635
495,19.02707579507605,50.44817145507248
496,19.02706553312794,50.4301793170931
497,19.02705528161524,50.4121871231715
498,19.027045040524108,50.39419487330071
499,19.027034809840703,50.376202567473825
500,19.02702458955122,50.35821020568391
501,19.027014379641876,50.34021778792407
502,19.02700418009892,50.322225314187435
503,19.02699399090861,50.30423278446717
504,19.026983812057253,50.28624019875644
505,19.02697364353116,50.26824755704843
506,19.026963485316674,50.25025485933635
507,19.02695333740017,50.23226210561347
508,19.02694319976803,50.21426929587303
509,19.026933072406678,50.1962764301083
510,19.026922955302563,50.17828350831262
511,19.02691284844214,50.16029053047927
512,19.026902751811914,50.14229749660164
513,19.026892665398396,50.12430440667309
514,19.026882589188126,50.106311260686994
515,19.02687252316767,50.088318058636794
516,19.026862467323614,50.0703248005159
517,19.02685242164258,50.05233148631779
518,19.026842386111202,50.03433811603593
519,19.051527522072654,50.4931433062906
520,19.05150796153002,50.47515131337743
521,19.0514884208941,50.45715926453557
522,19.05146890013842,50.43916715975802
523,19.051449399236564,50.4211749990378
524,19.051429918162164,50.40318278236794
525,19.05141045688889,50.385190509741484
526,19.05139101539047,50.367198181151544
527,19.051371593640685,50.3492057965912
528,19.051352191613343,50.33121335605357
529,19.051332809282325,50.31322085953182
530,19.051313446621545,50.29522830701909
531,19.05129410360496,50.27723569850859
532,19.05127478020659,50.25924303399352
533,19.05125547640049,50.24125031346713
534,19.051236192160772,50.22325753692263
535,19.05121692746158,50.20526470435336
536,19.05119768227712,50.18727181575258
537,19.051178456581646,50.16927887111362
538,19.05115925034944,50.15128587042981
539,19.051140063554847,50.13329281369455
540,19.051120896172257,50.11529970090119
541,19.051101748176105,50.09730653204315
542,19.051082619540868,50.079313307113864
543,19.051063510241075,50.06132002610678
544,19.0510444202513,50.043326689015394
545,19.05102534954616,50.02533329583316
546,19.07596796100281,50.50212590339582
547,19.07593911334863,50.48413394694521
548,19.07591029505719,50.466141934562984
549,19.075881506089445,50.44814986624218
550,19.07585274640642,50.430157741975776
551,19.075824015969204,50.412165561756815
552,19.075795314738958,50.39417332557837
553,19.075766642676925,50.37618103343349
554,19.075737999744405,50.3581886853153
555,19.075709385902776,50.3401962812169
556,19.07568080111348,50.32220382113144
557,19.07565224533805,50.30421130505208
558,19.075623718538054,50.28621873297202
559,19.07559522067516,50.26822610488446
560,19.075566751711094,50.25023342078262
561,19.07553831160765,50.23224068065979
562,19.0755099003267,50.21424788450921
563,19.075481517830177,50.196255032324174
564,19.07545316408009,50.17826212409804
565,19.075424839038504,50.1602691598241
566,19.075396542667573,50.14227613949575
567,19.075368274929502,50.12428306310636
568,19.075340035786574,50.10628993064934
569,19.075311825201137,50.08829674211813
570,19.07528364313561,50.07030349750615
571,19.075255489552482,50.05231019680691
572,19.0752273644143,50.03431684001388
573,19.075199267683686,50.016323427120575
574,19.100417667091715,50.51110334966619
575,19.1003795228965,50.49311143294161
576,19.100341417532594,50.47511946028009
577,19.100303350948348,50.45712743167458
578,19.100265323092202,50.43913534711811
579,19.100227333912684,50.421143206603716
580,19.100189383358426,50.40315101012445
581,19.10015147137815,50.3851587576734
582,19.100113597920675,50.36716644924365
583,19.1000757629349,50.349174084828356
584,19.10003796636984,50.331181664420605
585,19.100000208174578,50.31318918801361
586,19.099962488298306,50.29519665560056
587,19.099924806690307,50.277204067174644
588,19.099887163299957,50.25921142272909
589,19.099849558076716,50.241218722257166
590,19.099811990970142,50.22322596575214
591,19.09977446192989,50.205233153207345
592,19.099736970905692,50.18724028461604
593,19.09969951784739,50.16924735997161
594,19.0996621027049,50.15125437926741
595,19.099624725428242,50.13326134249683
596,19.099587385967517,50.11526824965324
597,19.09955008427292,50.09727510073012
598,19.099512820294745,50.079281895720904
599,19.099475593983364,50.06128863461906
600,19.099438405289238,50.04329531741807
601,19.09940125416293,50.0253019441115
602,19.12487664029389,50.52007564021951
603,19.12482919012824,50.502083766488184
604,19.124781788275005,50.48409183681205
605,19.1247344346699,50.46609985118408
606,19.124687129248763,50.44810780959733
607,19.124639871947547,50.430115712044824
608,19.124592662702316,50.41212355851961
609,19.12454550144926,50.39413134901479
610,19.124498388124675,50.376139083523455
611,19.12445132266499,50.35814676203874
612,19.12440430500673,50.340154384553806
613,19.124357335086554,50.322161951061794
614,19.124310412841226,50.304169461555915
615,19.124263538207625,50.28617691602939
616,19.12421671112275,50.268184314475455
617,19.12416993152371,50.25019165688735
618,19.124123199347736,50.23219894325838
619,19.124076514532163,50.21420617358182
620,19.12402987701445,50.19621334785102
621,19.123983286732166,50.17822046605932
622,19.123936743622984,50.160227528200075
623,19.12389024762471,50.1422345342667
624,19.123843798675246,50.12424148425257
625,19.123797396712614,50.10624837815116
626,19.12375104167495,50.088255215955904
627,19.123704733500492,50.070261997660275
628,19.123658472127605,50.05226872325778
629,19.123612257494752,50.034275392741954
630,19.149344880551208,50.52904277017349
631,19.14928811498583,50.511050942706284
632,19.149231407226498,50.49305905928393
633,19.14917475719629,50.47506711989945
634,19.1491181648184,50.45707512454586
635,19.149061630016185,50.43908307321621
636,19.149005152713123,50.42109096590358
637,19.148948732832846,50.40309880260105
638,19.148892370299123,50.385106583301734
639,19.148836065035855,50.367114307998776
640,19.148779816967092,50.34912197668533
641,19.148723626017013,50.33112958935457
642,19.148667492109947,50.31313714599971
643,19.148611415170347,50.295144646613956
644,19.148555395122816,50.277152091190565
645,19.148499431892084,50.2591594797228
646,19.148443525403028,50.24116681220396
647,19.148387675580658,50.223174088627324
648,19.148331882350114,50.20518130898627
649,19.148276145636682,50.187188473274105
650,19.14822046536578,50.16919558148424
651,19.148164841462968,50.15120263361006
652,19.148109273853926,50.13320962964499
653,19.148053762464475,50.11521656958245
654,19.14799830722058,50.09722345341593
655,19.147942908048332,50.079230281138905
656,19.147887564873958,50.06123705274489
657,19.14783227762382,50.043243768227406
658,19.173756297398587,50.52001295671717
659,19.173690274316538,50.50202112282068
660,19.1736243184571,50.48402923294927
661,19.17355842973083,50.46603728709597
662,19.17349260804844,50.44804528525385
663,19.173426853320827,50.430053227415975
664,19.173361165459024,50.41206111357546
665,19.173295544374245,50.39406894372543
666,19.17322998997786,50.376076717859036
667,19.1731645021814,50.358084435969424
668,19.173099080896563,50.34009209804982
669,19.1730337260352,50.32209970409341
670,19.172968437509333,50.30410725409345
671,19.172903215231134,50.286114748043175
672,19.17283805911294,50.26812218593588
673,19.172772969067253,50.250129567764844
674,19.172707945006724,50.23213689352342
675,19.172642986844167,50.21414416320492
676,19.172578094492557,50.196151376802725
677,19.172513267865032,50.178158534310235
678,19.172448506874872,50.16016563572083
679,19.17238381143553,50.142172681027965
680,19.172319181460608,50.124179670225075
681,19.17225461686387,50.106186603305666
682,19.17219011755924,50.08819348026319
683,19.172125683460777,50.0702003010912
684,19.172061314482725,50.05220706578322
685,19.19823373728318,50.528969803641985
686,19.198158389461927,50.51097802254712
687,19.198083118369297,50.492986185462065
688,19.198007923903155,50.47499429237986
689,19.197932805961585,50.457002343293574
690,19.197857764442837,50.439010338196304
691,19.19778279924535,50.42101827708118
692,19.197707910267752,50.40302615994137
693,19.19763309740886,50.385033986769955
694,19.19755836056767,50.367041757560195
695,19.19748369964336,50.349049472305275
696,19.197409114535304,50.3310571309984
697,19.197334605143045,50.313064733632864
698,19.197260171366324,50.295072280201886
699,19.197185813105047,50.277079770698805
700,19.19711153025932,50.25908720511691
701,19.197037322729425,50.241094583449545
702,19.196963190415815,50.22310190569005
703,19.196889133219138,50.20510917183185
704,19.19681515104022,50.1871163818683
705,19.196741243780064,50.16912353579286
706,19.196667411339853,50.15113063359895
707,19.19659365362095,50.133137675280054
708,19.196519970524903,50.11514466082965
709,19.19644636195343,50.09715159024126
710,19.196372827808432,50.0791584635084
711,19.196299367991987,50.06116528062464
712,19.222635752566795,50.51992975358798
713,19.222551156837174,50.50193797256623
714,19.222466647239866,50.483946135529585
715,19.222382223660265,50.46595424247113
716,19.22229788598398,50.44796229338399
717,19.222213634096825,50.42997028826131
718,19.222129467884823,50.41197822709623
719,19.22204538723421,50.393986109881936
720,19.221961392031425,50.37599393661165
721,19.22187748216311,50.358001707278575
722,19.221793657516123,50.340009421875976
723,19.221709917977527,50.322017080397096
724,19.221626263434594,50.30402468283526
725,19.221542693774783,50.28603222918374
726,19.221459208885786,50.2680397194359
727,19.221375808655477,50.25004715358508
728,19.221292492971948,50.23205453162467
729,19.221043052085946,50.1780763290199
730,19.220960073474462,50.16008348255528
731,19.22087717885324,50.142090579948274
732,19.22079436811158,50.12409762119239
733,19.220711641138983,50.10610460628115
734,19.220628997825155,50.0881115352081
735,19.220546438060005,50.070118407966824
736,19.22046396173363,50.05212522455091
737,19.247122363522575,50.52887631106788
738,19.24702843375237,50.51088458939007
739,19.246934599632784,50.49289281167712
740,19.246840861036514,50.47490097792216
741,19.246747217836486,50.45690908811832
742,19.246653669905882,50.43891714225876
743,19.246560217118084,50.42092514033666
744,19.24646685934673,50.40293308234523
745,19.246373596465673,50.38494096827769
746,19.246280428349014,50.36694879812728
747,19.24618735487106,50.348956571887285
748,19.246094375906377,50.330964289550984
749,19.246001491329732,50.31297195111169
750,19.24590870101613,50.294979556562744
751,19.24581600484082,50.27698710589749
752,19.245723402679253,50.2589945991093
753,19.245261797734685,50.16903122309418
754,19.245169757052988,50.15103837943056
755,19.2450778095196,50.13304547959827
756,19.244985955011785,50.11505252359082
757,19.244710948417765,50.061073318453545
758,19.27151494899383,50.51982603106178
759,19.271411780961074,50.50183431595436
760,19.27130871796971,50.48384254478222
761,19.271205759879965,50.465850717538515
762,19.271102906552336,50.44785883421644
763,19.27100015784757,50.4298668948092
764,19.270897513626675,50.411874899310014
765,19.270794973750906,50.39388284771215
766,19.27069253808177,50.37589074000887
767,19.270590206481035,50.35789857619345
768,19.27048797881072,50.33990635625925
769,19.27038585493309,50.32191408019956
770,19.270283834710664,50.30392174800777
771,19.270181918006216,50.28592935967725
772,19.27008010468276,50.26793691520141
773,19.26997839460357,50.249944414573655
774,19.29601070242776,50.52876229270948
775,19.2958981910912,50.51077064349309
776,19.295561343903383,50.45679535927713
777,19.295449289940724,50.43880348566027
778,19.29533734994173,50.42081155592639
779,19.295225523755036,50.402819570068765
780,19.295113811229545,50.38482752808068
781,19.29500221221445,50.36683542995548
782,19.294890726559206,50.34884327568652
783,19.294779354113555,50.33085106526713
784,19.294668094727495,50.312858798690726
785,19.29455694825132,50.294866475950705
786,19.294445914535583,50.276874097040505
787,19.294334993431107,50.25888166195356
788,19.320393829876906,50.51970178942501
789,19.319544247647944,50.393759157500064
790,19.31942337192717,50.37576712833433
791,19.319302619007967,50.357775042997375
792,19.319181988727514,50.33978290148261
793,19.319061480923285,50.32179070378342
794,19.31894109543306,50.303798449893286
795,19.318820832094904,50.285806139805636
796,19.318700690747182,50.267813773513986
797,19.318580671228556,50.24982135101181
798,19.34398384717999,50.40268562342424
799,19.343853685462516,50.384693666490854
800,19.343723656000602,50.36670165335634
801,19.34359375861886,50.34870958401412
802,19.343463993142205,50.33071745845761
803,19.34333435939589,50.31272527668035
804,19.343204857205464,50.294733038675794
805,19.343075486396817,50.276740744437475
806,19.342946246796135,50.25874839395893
807,19.368293152651216,50.39361503958588
808,19.368153837368155,50.37562310192784
809,19.36801466361894,50.357631108029715
810,19.367875631215917,50.339639057884995
811,19.36773673997177,50.32164695148722
812,19.36759798969954,50.30365478882989
813,19.36745938021258,50.28566256990659
814,19.36732091132462,50.2676702947109
815,19.392444703546566,50.36654746869744
816,19.392296394963555,50.348555497237214
817,19.39214823698018,50.33056346948913
818,19.392000229396917,50.3125713854468
819,19.391852372014608,50.294579245103805
820,19.391704664634457,50.27658704845377
821,19.416726284191693,50.35746677168586
822,19.416568850228032,50.339474825861345
823,19.41641157610488,50.32148282370535
824,19.416254461610524,50.30349076521154
825,19.441165298694326,50.36637287640247
826,19.44099857950971,50.348381015779
827,19.440832029618182,50.33038909878432
828,19.440665648795452,50.312397125412225
829,19.46543742460701,50.35728203441723
830,19.465261589719017,50.33929020586252
831,19.46508593335199,50.32129832088818
832,19.489700256177013,50.34818614011862
833,19.489515315050188,50.33019434682179
